Omics,Gene,Cell,Weight
0,2,168,0.0
0,3,168,1.179
0,4,168,0.741
0,5,168,0.0
0,6,168,4.785
0,7,168,0.0
0,8,168,0.0
0,9,168,0.702
0,10,168,0.0
0,11,168,0.062
0,12,168,0.055
0,13,168,2.027
0,14,168,0.0
0,15,168,7.888
0,16,168,4.632
0,17,168,0.0
0,18,168,0.0
0,19,168,1.427
0,20,168,1.444
0,21,168,0.0
0,22,168,2.988
0,23,168,0.0
0,24,168,0.0
0,25,168,1.826
0,26,168,0.0
0,27,168,0.089
0,28,168,0.0
0,29,168,0.0
0,30,168,2.697
0,31,168,2.31
0,32,168,0.0
0,33,168,0.0
0,34,168,0.0
0,35,168,0.0
0,36,168,3.467
0,37,168,2.303
0,38,168,0.0
0,39,168,0.0
0,40,168,0.168
0,41,168,1.952
0,42,168,0.0
0,43,168,0.0
0,44,168,0.0
0,45,168,0.089
0,46,168,1.545
0,47,168,0.0
0,48,168,0.607
0,49,168,1.274
0,50,168,0.0
0,51,168,3.173
0,52,168,0.0
0,53,168,1.263
0,54,168,0.0
0,55,168,1.7
0,56,168,0.87
0,57,168,0.0
0,58,168,0.292
0,59,168,3.174
0,60,168,3.922
0,61,168,0.0
0,62,168,3.691
0,63,168,0.0
0,64,168,0.0
0,65,168,0.0
0,66,168,0.0
0,67,168,2.158
0,68,168,0.0
0,69,168,0.0
0,70,168,1.641
0,71,168,0.0
0,72,168,0.0
0,73,168,2.548
0,74,168,1.597
0,75,168,0.0
0,76,168,0.0
0,77,168,0.0
0,78,168,0.0
0,79,168,6.272
0,80,168,3.378
0,81,168,6.695
0,82,168,0.0
0,83,168,5.257
0,84,168,3.43
0,85,168,0.0
0,86,168,0.46
0,87,168,0.0
0,88,168,8.831
0,89,168,0.0
1,90,168,0.299
1,91,168,0.091
1,92,168,0.498
1,93,168,0.0
1,94,168,0.0
1,95,168,0.0
1,96,168,0.0
1,97,168,0.18
1,98,168,1.89
1,99,168,0.0
1,100,168,0.0
1,101,168,0.0
1,102,168,0.0
1,103,168,0.0
1,104,168,0.0
1,105,168,0.0
1,106,168,0.0
1,107,168,0.0
1,108,168,0.0
1,109,168,1.976
1,110,168,0.0
1,111,168,0.735
1,112,168,0.0
1,113,168,0.0
1,114,168,0.611
1,115,168,0.48
1,116,168,0.203
1,117,168,0.0
1,118,168,0.259
1,119,168,0.0
1,120,168,0.193
1,121,168,0.044
1,122,168,0.0
1,123,168,0.0
1,124,168,0.0
1,125,168,0.0
1,126,168,0.0
1,127,168,0.0
1,128,168,0.0
1,129,168,0.0
1,130,168,0.642
1,131,168,0.132
1,132,168,0.452
1,133,168,0.0
1,134,168,0.0
1,135,168,0.109
1,136,168,0.0
1,137,168,1.354
1,138,168,0.0
1,139,168,2.648
1,140,168,0.0
1,141,168,0.0
1,142,168,0.194
1,143,168,0.0
1,144,168,0.413
1,145,168,0.0
1,146,168,0.0
1,147,168,0.0
1,148,168,0.0
1,149,168,0.0
1,150,168,1.943
1,151,168,0.0
1,152,168,0.0
1,153,168,0.0
1,154,168,2.196
1,155,168,0.0
1,156,168,0.191
1,157,168,0.0
1,158,168,0.0
1,159,168,2.26
1,160,168,0.409
1,161,168,0.0
1,162,168,0.017
1,163,168,0.216
1,164,168,2.226
1,165,168,0.0
1,166,168,0.0
1,167,168,0.0
0,2,169,0.0
0,3,169,2.971
0,4,169,1.18
0,5,169,0.0
0,6,169,3.244
0,7,169,0.0
0,8,169,0.0
0,9,169,0.0
0,10,169,0.0
0,11,169,1.511
0,12,169,0.0
0,13,169,3.378
0,14,169,0.0
0,15,169,5.924
0,16,169,0.0
0,17,169,0.0
0,18,169,0.0
0,19,169,0.0
0,20,169,0.0
0,21,169,0.816
0,22,169,5.237
0,23,169,0.0
0,24,169,0.0
0,25,169,0.0
0,26,169,0.0
0,27,169,0.0
0,28,169,0.0
0,29,169,0.0
0,30,169,1.425
0,31,169,3.768
0,32,169,0.0
0,33,169,0.986
0,34,169,0.0
0,35,169,0.0
0,36,169,3.485
0,37,169,1.375
0,38,169,0.0
0,39,169,0.0
0,40,169,0.0
0,41,169,2.222
0,42,169,0.0
0,43,169,0.0
0,44,169,0.0
0,45,169,0.0
0,46,169,3.338
0,47,169,0.0
0,48,169,0.0
0,49,169,1.335
0,50,169,0.0
0,51,169,3.698
0,52,169,0.0
0,53,169,4.021
0,54,169,2.332
0,55,169,1.402
0,56,169,0.937
0,57,169,0.213
0,58,169,0.0
0,59,169,3.02
0,60,169,4.655
0,61,169,0.0
0,62,169,3.368
0,63,169,0.0
0,64,169,0.0
0,65,169,0.0
0,66,169,0.013
0,67,169,1.738
0,68,169,0.0
0,69,169,0.0
0,70,169,1.3
0,71,169,0.0
0,72,169,0.0
0,73,169,2.462
0,74,169,0.0
0,75,169,0.0
0,76,169,0.0
0,77,169,0.0
0,78,169,0.0
0,79,169,6.334
0,80,169,1.429
0,81,169,6.607
0,82,169,0.0
0,83,169,0.277
0,84,169,3.102
0,85,169,0.0
0,86,169,1.288
0,87,169,0.0
0,88,169,7.516
0,89,169,0.0
1,90,169,0.0
1,91,169,0.0
1,92,169,0.565
1,93,169,0.0
1,94,169,0.0
1,95,169,0.0
1,96,169,0.0
1,97,169,0.0
1,98,169,1.131
1,99,169,0.0
1,100,169,0.0
1,101,169,0.0
1,102,169,0.0
1,103,169,0.0
1,104,169,0.0
1,105,169,0.0
1,106,169,0.0
1,107,169,0.0
1,108,169,0.0
1,109,169,0.032
1,110,169,0.0
1,111,169,0.908
1,112,169,0.002
1,113,169,0.0
1,114,169,0.172
1,115,169,0.288
1,116,169,0.082
1,117,169,0.0
1,118,169,1.125
1,119,169,0.0
1,120,169,0.292
1,121,169,0.0
1,122,169,0.0
1,123,169,0.0
1,124,169,0.0
1,125,169,0.0
1,126,169,0.0
1,127,169,0.64
1,128,169,0.0
1,129,169,0.0
1,130,169,1.054
1,131,169,0.09
1,132,169,0.456
1,133,169,0.0
1,134,169,0.324
1,135,169,0.153
1,136,169,0.0
1,137,169,0.0
1,138,169,0.0
1,139,169,0.933
1,140,169,0.0
1,141,169,0.0
1,142,169,0.137
1,143,169,0.0
1,144,169,0.201
1,145,169,0.0
1,146,169,1.251
1,147,169,0.0
1,148,169,0.0
1,149,169,0.0
1,150,169,0.447
1,151,169,0.0
1,152,169,0.0
1,153,169,0.0
1,154,169,2.096
1,155,169,0.213
1,156,169,0.0
1,157,169,0.0
1,158,169,0.0
1,159,169,0.079
1,160,169,0.0
1,161,169,0.0
1,162,169,0.168
1,163,169,0.105
1,164,169,2.516
1,165,169,0.0
1,166,169,0.0
1,167,169,0.0
0,2,170,0.0
0,3,170,0.0
0,4,170,0.0
0,5,170,0.0
0,6,170,1.042
0,7,170,0.0
0,8,170,0.0
0,9,170,0.01
0,10,170,0.0
0,11,170,1.905
0,12,170,0.0
0,13,170,1.262
0,14,170,0.0
0,15,170,6.075
0,16,170,5.487
0,17,170,0.0
0,18,170,0.0
0,19,170,3.214
0,20,170,1.355
0,21,170,0.0
0,22,170,4.83
0,23,170,0.0
0,24,170,0.0
0,25,170,2.341
0,26,170,0.0
0,27,170,0.073
0,28,170,0.0
0,29,170,0.0
0,30,170,0.0
0,31,170,2.248
0,32,170,0.0
0,33,170,0.0
0,34,170,0.0
0,35,170,1.653
0,36,170,4.547
0,37,170,1.385
0,38,170,1.037
0,39,170,0.0
0,40,170,0.0
0,41,170,1.14
0,42,170,0.0
0,43,170,0.0
0,44,170,0.0
0,45,170,1.691
0,46,170,3.592
0,47,170,0.0
0,48,170,0.0
0,49,170,0.0
0,50,170,0.0
0,51,170,2.192
0,52,170,0.0
0,53,170,0.0
0,54,170,1.708
0,55,170,1.166
0,56,170,0.0
0,57,170,0.0
0,58,170,0.0
0,59,170,2.463
0,60,170,6.053
0,61,170,0.0
0,62,170,3.749
0,63,170,0.0
0,64,170,0.0
0,65,170,0.0
0,66,170,0.0
0,67,170,0.0
0,68,170,0.0
0,69,170,0.0
0,70,170,2.192
0,71,170,0.0
0,72,170,0.022
0,73,170,0.0
0,74,170,0.0
0,75,170,0.0
0,76,170,0.0
0,77,170,0.0
0,78,170,0.0
0,79,170,6.471
0,80,170,2.954
0,81,170,6.787
0,82,170,0.0
0,83,170,4.811
0,84,170,4.959
0,85,170,0.0
0,86,170,0.0
0,87,170,0.0
0,88,170,8.88
0,89,170,0.0
1,90,170,0.0
1,91,170,0.003
1,92,170,0.509
1,93,170,0.0
1,94,170,0.0
1,95,170,0.0
1,96,170,0.0
1,97,170,0.06
1,98,170,1.339
1,99,170,0.0
1,100,170,0.0
1,101,170,0.0
1,102,170,0.0
1,103,170,0.0
1,104,170,0.0
1,105,170,0.0
1,106,170,0.0
1,107,170,0.0
1,108,170,0.0
1,109,170,0.426
1,110,170,0.0
1,111,170,1.172
1,112,170,0.045
1,113,170,0.0
1,114,170,0.433
1,115,170,0.119
1,116,170,0.0
1,117,170,0.0
1,118,170,0.345
1,119,170,0.065
1,120,170,0.0
1,121,170,0.296
1,122,170,0.0
1,123,170,0.0
1,124,170,0.0
1,125,170,0.0
1,126,170,0.0
1,127,170,0.247
1,128,170,0.0
1,129,170,0.0
1,130,170,1.317
1,131,170,0.007
1,132,170,0.328
1,133,170,0.0
1,134,170,0.0
1,135,170,0.025
1,136,170,0.0
1,137,170,0.418
1,138,170,0.0
1,139,170,3.271
1,140,170,0.0
1,141,170,0.0
1,142,170,0.0
1,143,170,0.0
1,144,170,0.0
1,145,170,0.0
1,146,170,0.317
1,147,170,0.0
1,148,170,0.0
1,149,170,0.0
1,150,170,0.752
1,151,170,0.0
1,152,170,0.0
1,153,170,0.0
1,154,170,2.372
1,155,170,0.005
1,156,170,0.61
1,157,170,0.059
1,158,170,0.0
1,159,170,0.889
1,160,170,0.0
1,161,170,0.0
1,162,170,0.522
1,163,170,0.046
1,164,170,2.414
1,165,170,0.0
1,166,170,0.45
1,167,170,0.0
0,2,171,0.0
0,3,171,0.0
0,4,171,0.626
0,5,171,0.0
0,6,171,2.441
0,7,171,0.0
0,8,171,0.0
0,9,171,0.0
0,10,171,0.0
0,11,171,0.0
0,12,171,0.0
0,13,171,1.238
0,14,171,0.0
0,15,171,7.469
0,16,171,0.0
0,17,171,0.0
0,18,171,0.0
0,19,171,0.0
0,20,171,0.0
0,21,171,0.0
0,22,171,1.906
0,23,171,0.0
0,24,171,0.0
0,25,171,0.759
0,26,171,0.0
0,27,171,0.0
0,28,171,0.0
0,29,171,0.0
0,30,171,0.0
0,31,171,2.423
0,32,171,0.0
0,33,171,0.0
0,34,171,0.0
0,35,171,0.0
0,36,171,5.057
0,37,171,0.0
0,38,171,0.0
0,39,171,0.0
0,40,171,0.0
0,41,171,0.0
0,42,171,0.0
0,43,171,0.0
0,44,171,0.0
0,45,171,0.0
0,46,171,0.0
0,47,171,0.0
0,48,171,0.0
0,49,171,0.0
0,50,171,0.0
0,51,171,2.343
0,52,171,0.551
0,53,171,3.191
0,54,171,1.269
0,55,171,2.334
0,56,171,0.688
0,57,171,0.0
0,58,171,0.0
0,59,171,1.587
0,60,171,2.309
0,61,171,0.0
0,62,171,4.147
0,63,171,0.0
0,64,171,0.0
0,65,171,0.0
0,66,171,0.0
0,67,171,1.617
0,68,171,0.0
0,69,171,0.0
0,70,171,1.481
0,71,171,0.0
0,72,171,0.0
0,73,171,0.0
0,74,171,0.734
0,75,171,0.0
0,76,171,0.0
0,77,171,1.591
0,78,171,0.0
0,79,171,5.621
0,80,171,2.1
0,81,171,4.648
0,82,171,0.0
0,83,171,4.855
0,84,171,1.248
0,85,171,0.0
0,86,171,0.0
0,87,171,0.0
0,88,171,8.145
0,89,171,0.0
1,90,171,0.0
1,91,171,0.0
1,92,171,0.267
1,93,171,0.0
1,94,171,0.0
1,95,171,0.0
1,96,171,0.0
1,97,171,0.0
1,98,171,0.919
1,99,171,0.0
1,100,171,0.0
1,101,171,0.0
1,102,171,0.0
1,103,171,0.0
1,104,171,0.0
1,105,171,0.0
1,106,171,0.0
1,107,171,0.0
1,108,171,0.0
1,109,171,0.0
1,110,171,0.0
1,111,171,0.321
1,112,171,0.0
1,113,171,0.0
1,114,171,0.0
1,115,171,0.147
1,116,171,0.0
1,117,171,0.0
1,118,171,0.0
1,119,171,0.0
1,120,171,0.0
1,121,171,0.0
1,122,171,0.0
1,123,171,0.0
1,124,171,0.0
1,125,171,0.0
1,126,171,0.0
1,127,171,0.12
1,128,171,0.0
1,129,171,0.0
1,130,171,0.034
1,131,171,0.0
1,132,171,0.136
1,133,171,0.0
1,134,171,0.0
1,135,171,0.017
1,136,171,0.0
1,137,171,0.292
1,138,171,0.0
1,139,171,1.983
1,140,171,0.0
1,141,171,0.0
1,142,171,0.0
1,143,171,0.0
1,144,171,0.034
1,145,171,0.0
1,146,171,0.0
1,147,171,0.0
1,148,171,0.0
1,149,171,0.0
1,150,171,0.848
1,151,171,0.0
1,152,171,0.0
1,153,171,0.0
1,154,171,0.941
1,155,171,0.0
1,156,171,0.0
1,157,171,0.0
1,158,171,0.0
1,159,171,0.157
1,160,171,0.0
1,161,171,0.0
1,162,171,0.0
1,163,171,0.005
1,164,171,1.044
1,165,171,0.0
1,166,171,0.0
1,167,171,0.0
0,2,172,0.0
0,3,172,0.0
0,4,172,2.711
0,5,172,0.0
0,6,172,0.0
0,7,172,0.0
0,8,172,0.0
0,9,172,0.0
0,10,172,0.079
0,11,172,0.0
0,12,172,0.0
0,13,172,2.155
0,14,172,0.961
0,15,172,6.277
0,16,172,1.01
0,17,172,0.0
0,18,172,0.0
0,19,172,2.29
0,20,172,1.269
0,21,172,0.0
0,22,172,3.87
0,23,172,0.0
0,24,172,0.0
0,25,172,0.0
0,26,172,0.0
0,27,172,0.0
0,28,172,0.0
0,29,172,0.0
0,30,172,0.341
0,31,172,2.132
0,32,172,0.0
0,33,172,0.221
0,34,172,0.0
0,35,172,0.0
0,36,172,3.48
0,37,172,0.0
0,38,172,0.0
0,39,172,0.0
0,40,172,0.0
0,41,172,0.315
0,42,172,0.0
0,43,172,0.0
0,44,172,0.0
0,45,172,0.0
0,46,172,3.538
0,47,172,0.0
0,48,172,0.0
0,49,172,2.079
0,50,172,0.0
0,51,172,4.028
0,52,172,0.0
0,53,172,2.793
0,54,172,0.181
0,55,172,1.953
0,56,172,0.612
0,57,172,1.371
0,58,172,0.0
0,59,172,2.978
0,60,172,5.359
0,61,172,0.0
0,62,172,4.742
0,63,172,0.0
0,64,172,0.0
0,65,172,0.0
0,66,172,0.0
0,67,172,0.039
0,68,172,0.0
0,69,172,0.0
0,70,172,0.383
0,71,172,0.0
0,72,172,0.172
0,73,172,0.689
0,74,172,0.0
0,75,172,0.0
0,76,172,0.0
0,77,172,1.174
0,78,172,0.0
0,79,172,6.233
0,80,172,3.599
0,81,172,7.162
0,82,172,0.0
0,83,172,4.148
0,84,172,0.851
0,85,172,0.0
0,86,172,0.0
0,87,172,0.0
0,88,172,8.571
0,89,172,0.0
1,90,172,0.0
1,91,172,0.129
1,92,172,0.801
1,93,172,0.0
1,94,172,0.0
1,95,172,0.238
1,96,172,0.0
1,97,172,0.0
1,98,172,0.905
1,99,172,0.0
1,100,172,0.0
1,101,172,0.0
1,102,172,0.0
1,103,172,0.0
1,104,172,0.0
1,105,172,0.0
1,106,172,0.0
1,107,172,0.0
1,108,172,0.0
1,109,172,1.269
1,110,172,0.0
1,111,172,1.394
1,112,172,0.088
1,113,172,0.0
1,114,172,0.48
1,115,172,0.22
1,116,172,0.004
1,117,172,0.049
1,118,172,0.656
1,119,172,0.0
1,120,172,0.079
1,121,172,0.192
1,122,172,0.242
1,123,172,0.0
1,124,172,0.007
1,125,172,0.0
1,126,172,0.0
1,127,172,0.094
1,128,172,0.0
1,129,172,0.0
1,130,172,0.804
1,131,172,0.003
1,132,172,0.843
1,133,172,0.0
1,134,172,0.212
1,135,172,0.101
1,136,172,0.0
1,137,172,0.898
1,138,172,0.0
1,139,172,3.212
1,140,172,0.0
1,141,172,0.0
1,142,172,0.109
1,143,172,0.0
1,144,172,0.534
1,145,172,0.0
1,146,172,1.75
1,147,172,0.0
1,148,172,0.0
1,149,172,0.0
1,150,172,0.515
1,151,172,0.01
1,152,172,0.0
1,153,172,0.0
1,154,172,2.217
1,155,172,0.0
1,156,172,0.479
1,157,172,0.0
1,158,172,0.0
1,159,172,2.151
1,160,172,0.0
1,161,172,0.0
1,162,172,0.724
1,163,172,0.231
1,164,172,2.686
1,165,172,0.0
1,166,172,0.442
1,167,172,0.0
0,2,173,0.0
0,3,173,0.044
0,4,173,1.732
0,5,173,0.0
0,6,173,0.0
0,7,173,0.0
0,8,173,0.0
0,9,173,0.0
0,10,173,0.0
0,11,173,0.506
0,12,173,0.0
0,13,173,3.493
0,14,173,0.0
0,15,173,7.067
0,16,173,0.0
0,17,173,0.0
0,18,173,0.0
0,19,173,2.019
0,20,173,2.256
0,21,173,0.0
0,22,173,3.766
0,23,173,0.166
0,24,173,0.0
0,25,173,0.0
0,26,173,0.0
0,27,173,0.0
0,28,173,0.0
0,29,173,0.0
0,30,173,1.06
0,31,173,4.373
0,32,173,0.0
0,33,173,1.535
0,34,173,0.0
0,35,173,0.0
0,36,173,3.291
0,37,173,2.042
0,38,173,0.0
0,39,173,0.0
0,40,173,0.0
0,41,173,0.0
0,42,173,0.0
0,43,173,0.0
0,44,173,0.0
0,45,173,0.0
0,46,173,3.936
0,47,173,0.0
0,48,173,0.0
0,49,173,0.731
0,50,173,0.0
0,51,173,1.717
0,52,173,0.0
0,53,173,2.477
0,54,173,0.556
0,55,173,2.779
0,56,173,0.0
0,57,173,0.0
0,58,173,0.0
0,59,173,2.754
0,60,173,6.374
0,61,173,0.0
0,62,173,4.492
0,63,173,0.0
0,64,173,0.0
0,65,173,0.0
0,66,173,0.0
0,67,173,0.0
0,68,173,0.0
0,69,173,0.0
0,70,173,2.141
0,71,173,0.0
0,72,173,0.0
0,73,173,1.75
0,74,173,0.0
0,75,173,0.0
0,76,173,0.0
0,77,173,0.0
0,78,173,0.0
0,79,173,5.512
0,80,173,2.39
0,81,173,7.105
0,82,173,0.0
0,83,173,6.238
0,84,173,3.442
0,85,173,0.0
0,86,173,0.0
0,87,173,0.0
0,88,173,8.148
0,89,173,0.0
1,90,173,0.0
1,91,173,0.379
1,92,173,0.812
1,93,173,0.0
1,94,173,0.0
1,95,173,0.011
1,96,173,0.0
1,97,173,0.0
1,98,173,1.141
1,99,173,0.0
1,100,173,0.0
1,101,173,0.0
1,102,173,0.0
1,103,173,0.0
1,104,173,0.0
1,105,173,0.0
1,106,173,0.0
1,107,173,0.0
1,108,173,0.0
1,109,173,0.989
1,110,173,0.0
1,111,173,0.752
1,112,173,0.0
1,113,173,0.0
1,114,173,0.399
1,115,173,0.057
1,116,173,0.0
1,117,173,0.0
1,118,173,0.835
1,119,173,0.0
1,120,173,0.208
1,121,173,0.0
1,122,173,0.02
1,123,173,0.0
1,124,173,0.0
1,125,173,0.0
1,126,173,0.0
1,127,173,0.247
1,128,173,0.0
1,129,173,0.0
1,130,173,0.456
1,131,173,0.055
1,132,173,0.816
1,133,173,0.0
1,134,173,0.158
1,135,173,0.0
1,136,173,0.405
1,137,173,0.383
1,138,173,0.0
1,139,173,3.559
1,140,173,0.264
1,141,173,0.0
1,142,173,0.0
1,143,173,0.0
1,144,173,0.294
1,145,173,0.0
1,146,173,0.0
1,147,173,0.0
1,148,173,0.0
1,149,173,0.0
1,150,173,0.396
1,151,173,0.0
1,152,173,0.0
1,153,173,0.0
1,154,173,2.342
1,155,173,0.153
1,156,173,0.295
1,157,173,0.0
1,158,173,0.0
1,159,173,1.88
1,160,173,0.0
1,161,173,0.0
1,162,173,0.078
1,163,173,0.11
1,164,173,3.055
1,165,173,0.0
1,166,173,0.0
1,167,173,0.0
0,2,174,0.0
0,3,174,0.0
0,4,174,1.637
0,5,174,0.0
0,6,174,2.123
0,7,174,1.68
0,8,174,0.0
0,9,174,0.0
0,10,174,0.0
0,11,174,0.0
0,12,174,0.0
0,13,174,1.163
0,14,174,0.0
0,15,174,6.091
0,16,174,0.708
0,17,174,0.0
0,18,174,0.0
0,19,174,2.059
0,20,174,0.608
0,21,174,0.0
0,22,174,2.883
0,23,174,1.01
0,24,174,0.0
0,25,174,0.0
0,26,174,0.0
0,27,174,0.0
0,28,174,0.0
0,29,174,0.0
0,30,174,0.0
0,31,174,1.909
0,32,174,0.0
0,33,174,1.116
0,34,174,0.0
0,35,174,1.448
0,36,174,4.635
0,37,174,0.53
0,38,174,0.0
0,39,174,0.0
0,40,174,0.0
0,41,174,2.988
0,42,174,0.0
0,43,174,0.0
0,44,174,0.0
0,45,174,0.0
0,46,174,1.691
0,47,174,0.0
0,48,174,0.0
0,49,174,0.0
0,50,174,0.0
0,51,174,0.0
0,52,174,0.0
0,53,174,0.0
0,54,174,1.819
0,55,174,1.109
0,56,174,0.0
0,57,174,0.0
0,58,174,0.0
0,59,174,2.88
0,60,174,4.527
0,61,174,0.0
0,62,174,2.307
0,63,174,0.0
0,64,174,0.0
0,65,174,0.0
0,66,174,0.0
0,67,174,1.426
0,68,174,0.0
0,69,174,0.0
0,70,174,0.102
0,71,174,0.0
0,72,174,0.0
0,73,174,0.0
0,74,174,0.0
0,75,174,0.0
0,76,174,0.0
0,77,174,0.509
0,78,174,0.0
0,79,174,6.38
0,80,174,3.026
0,81,174,6.6
0,82,174,0.153
0,83,174,3.357
0,84,174,0.748
0,85,174,0.0
0,86,174,0.0
0,87,174,0.0
0,88,174,8.297
0,89,174,0.0
1,90,174,0.0
1,91,174,0.0
1,92,174,0.32
1,93,174,0.0
1,94,174,0.0
1,95,174,0.0
1,96,174,0.0
1,97,174,0.0
1,98,174,1.02
1,99,174,0.0
1,100,174,0.0
1,101,174,0.0
1,102,174,0.0
1,103,174,0.0
1,104,174,0.0
1,105,174,0.0
1,106,174,0.0
1,107,174,0.0
1,108,174,0.0
1,109,174,0.647
1,110,174,0.0
1,111,174,0.148
1,112,174,0.0
1,113,174,0.0
1,114,174,0.298
1,115,174,0.095
1,116,174,0.0
1,117,174,0.0
1,118,174,0.29
1,119,174,0.0
1,120,174,0.011
1,121,174,0.0
1,122,174,0.0
1,123,174,0.0
1,124,174,0.0
1,125,174,0.0
1,126,174,0.0
1,127,174,0.154
1,128,174,0.0
1,129,174,0.0
1,130,174,0.464
1,131,174,0.0
1,132,174,0.336
1,133,174,0.0
1,134,174,0.0
1,135,174,0.0
1,136,174,0.0
1,137,174,0.202
1,138,174,0.0
1,139,174,3.099
1,140,174,0.0
1,141,174,0.0
1,142,174,0.0
1,143,174,0.0
1,144,174,0.0
1,145,174,0.0
1,146,174,0.0
1,147,174,0.0
1,148,174,0.0
1,149,174,0.0
1,150,174,0.0
1,151,174,0.0
1,152,174,0.0
1,153,174,0.0
1,154,174,2.189
1,155,174,0.0
1,156,174,0.528
1,157,174,0.0
1,158,174,0.0
1,159,174,0.798
1,160,174,0.0
1,161,174,0.0
1,162,174,0.683
1,163,174,0.082
1,164,174,2.257
1,165,174,0.0
1,166,174,0.491
1,167,174,0.0
0,2,175,0.0
0,3,175,0.0
0,4,175,2.929
0,5,175,0.0
0,6,175,2.753
0,7,175,0.0
0,8,175,0.0
0,9,175,0.0
0,10,175,0.0
0,11,175,0.497
0,12,175,0.0
0,13,175,2.49
0,14,175,0.338
0,15,175,6.839
0,16,175,0.832
0,17,175,0.0
0,18,175,0.0
0,19,175,1.162
0,20,175,3.034
0,21,175,0.0
0,22,175,4.298
0,23,175,0.0
0,24,175,0.769
0,25,175,1.515
0,26,175,0.0
0,27,175,0.0
0,28,175,0.0
0,29,175,0.0
0,30,175,0.0
0,31,175,5.362
0,32,175,0.0
0,33,175,0.104
0,34,175,0.0
0,35,175,0.028
0,36,175,3.488
0,37,175,4.538
0,38,175,0.0
0,39,175,0.0
0,40,175,0.0
0,41,175,0.0
0,42,175,0.0
0,43,175,0.0
0,44,175,0.0
0,45,175,0.0
0,46,175,3.928
0,47,175,0.0
0,48,175,0.0
0,49,175,1.652
0,50,175,0.199
0,51,175,4.426
0,52,175,0.0
0,53,175,5.063
0,54,175,0.0
0,55,175,0.558
0,56,175,0.0
0,57,175,1.43
0,58,175,0.0
0,59,175,2.327
0,60,175,3.34
0,61,175,0.0
0,62,175,5.315
0,63,175,0.0
0,64,175,0.0
0,65,175,0.0
0,66,175,0.0
0,67,175,0.74
0,68,175,0.0
0,69,175,0.0
0,70,175,2.304
0,71,175,0.0
0,72,175,0.0
0,73,175,1.553
0,74,175,0.0
0,75,175,0.0
0,76,175,0.0
0,77,175,0.95
0,78,175,0.0
0,79,175,6.542
0,80,175,3.101
0,81,175,8.007
0,82,175,0.0
0,83,175,2.872
0,84,175,3.17
0,85,175,0.0
0,86,175,0.0
0,87,175,0.0
0,88,175,9.07
0,89,175,0.0
1,90,175,0.0
1,91,175,0.0
1,92,175,0.438
1,93,175,0.0
1,94,175,0.0
1,95,175,0.0
1,96,175,0.0
1,97,175,0.103
1,98,175,1.521
1,99,175,0.0
1,100,175,0.0
1,101,175,0.0
1,102,175,0.0
1,103,175,0.0
1,104,175,0.0
1,105,175,0.0
1,106,175,0.0
1,107,175,0.0
1,108,175,0.103
1,109,175,1.412
1,110,175,0.0
1,111,175,0.76
1,112,175,0.07
1,113,175,0.0
1,114,175,0.466
1,115,175,0.0
1,116,175,0.0
1,117,175,0.0
1,118,175,0.496
1,119,175,0.0
1,120,175,0.092
1,121,175,0.04
1,122,175,0.061
1,123,175,0.0
1,124,175,0.0
1,125,175,0.0
1,126,175,0.0
1,127,175,0.071
1,128,175,0.0
1,129,175,0.0
1,130,175,1.177
1,131,175,0.075
1,132,175,0.651
1,133,175,0.0
1,134,175,0.205
1,135,175,0.131
1,136,175,0.191
1,137,175,0.232
1,138,175,0.0
1,139,175,2.175
1,140,175,0.0
1,141,175,0.0
1,142,175,0.0
1,143,175,0.0
1,144,175,0.574
1,145,175,0.0
1,146,175,0.0
1,147,175,0.053
1,148,175,0.0
1,149,175,0.0
1,150,175,0.484
1,151,175,0.0
1,152,175,0.0
1,153,175,0.0
1,154,175,2.196
1,155,175,0.088
1,156,175,0.18
1,157,175,0.131
1,158,175,0.0
1,159,175,2.425
1,160,175,0.019
1,161,175,0.0
1,162,175,0.0
1,163,175,0.05
1,164,175,2.9
1,165,175,0.0
1,166,175,0.0
1,167,175,0.0
0,2,176,0.0
0,3,176,0.0
0,4,176,2.224
0,5,176,0.0
0,6,176,0.0
0,7,176,0.0
0,8,176,0.637
0,9,176,0.0
0,10,176,0.0
0,11,176,0.501
0,12,176,0.0
0,13,176,1.695
0,14,176,0.0
0,15,176,6.112
0,16,176,1.207
0,17,176,0.0
0,18,176,0.0
0,19,176,1.435
0,20,176,0.794
0,21,176,0.0
0,22,176,4.473
0,23,176,0.0
0,24,176,0.0
0,25,176,0.0
0,26,176,0.0
0,27,176,0.0
0,28,176,0.0
0,29,176,0.0
0,30,176,0.0
0,31,176,4.43
0,32,176,0.0
0,33,176,0.519
0,34,176,0.0
0,35,176,3.023
0,36,176,4.696
0,37,176,2.215
0,38,176,0.0
0,39,176,0.0
0,40,176,0.0
0,41,176,0.802
0,42,176,0.0
0,43,176,0.0
0,44,176,0.0
0,45,176,0.0
0,46,176,0.0
0,47,176,0.0
0,48,176,0.353
0,49,176,0.0
0,50,176,0.0
0,51,176,0.0
0,52,176,0.0
0,53,176,2.77
0,54,176,0.0
0,55,176,1.984
0,56,176,0.0
0,57,176,1.361
0,58,176,0.111
0,59,176,0.866
0,60,176,5.769
0,61,176,0.0
0,62,176,4.432
0,63,176,0.0
0,64,176,0.0
0,65,176,0.0
0,66,176,0.0
0,67,176,1.603
0,68,176,0.0
0,69,176,0.0
0,70,176,0.324
0,71,176,0.0
0,72,176,0.0
0,73,176,0.0
0,74,176,0.0
0,75,176,0.0
0,76,176,0.0
0,77,176,0.0
0,78,176,0.0
0,79,176,5.588
0,80,176,0.421
0,81,176,6.514
0,82,176,0.121
0,83,176,4.109
0,84,176,1.424
0,85,176,0.0
0,86,176,0.0
0,87,176,0.0
0,88,176,8.571
0,89,176,0.0
1,90,176,0.0
1,91,176,0.0
1,92,176,0.403
1,93,176,0.0
1,94,176,0.0
1,95,176,0.0
1,96,176,0.0
1,97,176,0.131
1,98,176,0.749
1,99,176,0.0
1,100,176,0.0
1,101,176,0.0
1,102,176,0.0
1,103,176,0.0
1,104,176,0.0
1,105,176,0.0
1,106,176,0.0
1,107,176,0.0
1,108,176,0.0
1,109,176,0.227
1,110,176,0.0
1,111,176,0.392
1,112,176,0.024
1,113,176,0.0
1,114,176,0.0
1,115,176,0.055
1,116,176,0.16
1,117,176,0.0
1,118,176,0.132
1,119,176,0.0
1,120,176,0.035
1,121,176,0.85
1,122,176,0.0
1,123,176,0.0
1,124,176,0.0
1,125,176,0.0
1,126,176,0.0
1,127,176,0.0
1,128,176,0.0
1,129,176,0.0
1,130,176,0.535
1,131,176,0.087
1,132,176,0.602
1,133,176,0.0
1,134,176,0.0
1,135,176,0.077
1,136,176,0.0
1,137,176,0.0
1,138,176,0.0
1,139,176,1.616
1,140,176,0.0
1,141,176,0.0
1,142,176,0.077
1,143,176,0.0
1,144,176,0.0
1,145,176,0.0
1,146,176,0.0
1,147,176,0.0
1,148,176,0.0
1,149,176,0.0
1,150,176,0.043
1,151,176,0.0
1,152,176,0.0
1,153,176,0.0
1,154,176,1.611
1,155,176,0.001
1,156,176,0.265
1,157,176,0.042
1,158,176,0.0
1,159,176,1.442
1,160,176,0.0
1,161,176,0.0
1,162,176,0.0
1,163,176,0.124
1,164,176,1.346
1,165,176,0.0
1,166,176,0.779
1,167,176,0.0
0,2,177,0.0
0,3,177,0.0
0,4,177,0.0
0,5,177,0.0
0,6,177,0.0
0,7,177,0.0
0,8,177,0.0
0,9,177,0.0
0,10,177,0.0
0,11,177,0.0
0,12,177,0.0
0,13,177,1.796
0,14,177,0.0
0,15,177,4.546
0,16,177,4.525
0,17,177,0.0
0,18,177,0.0
0,19,177,0.0
0,20,177,0.0
0,21,177,0.0
0,22,177,3.03
0,23,177,0.0
0,24,177,0.0
0,25,177,1.592
0,26,177,0.0
0,27,177,0.0
0,28,177,0.0
0,29,177,0.0
0,30,177,0.0
0,31,177,0.0
0,32,177,0.0
0,33,177,0.0
0,34,177,0.0
0,35,177,0.0
0,36,177,4.043
0,37,177,0.565
0,38,177,0.0
0,39,177,0.0
0,40,177,0.0
0,41,177,0.744
0,42,177,0.0
0,43,177,0.0
0,44,177,0.0
0,45,177,0.0
0,46,177,2.089
0,47,177,0.0
0,48,177,0.0
0,49,177,0.14
0,50,177,0.0
0,51,177,0.0
0,52,177,0.0
0,53,177,0.0
0,54,177,0.0
0,55,177,0.574
0,56,177,0.0
0,57,177,0.287
0,58,177,0.0
0,59,177,0.621
0,60,177,4.401
0,61,177,0.0
0,62,177,3.168
0,63,177,0.0
0,64,177,0.0
0,65,177,0.0
0,66,177,0.0
0,67,177,0.0
0,68,177,0.0
0,69,177,0.0
0,70,177,0.0
0,71,177,0.0
0,72,177,0.0
0,73,177,0.634
0,74,177,0.0
0,75,177,0.0
0,76,177,0.0
0,77,177,0.0
0,78,177,0.0
0,79,177,4.364
0,80,177,0.0
0,81,177,0.0
0,82,177,0.0
0,83,177,5.516
0,84,177,0.0
0,85,177,0.0
0,86,177,0.0
0,87,177,0.0
0,88,177,8.541
0,89,177,0.0
1,90,177,0.0
1,91,177,0.0
1,92,177,0.249
1,93,177,0.0
1,94,177,0.0
1,95,177,0.0
1,96,177,0.0
1,97,177,0.0
1,98,177,0.226
1,99,177,0.0
1,100,177,0.0
1,101,177,0.0
1,102,177,0.0
1,103,177,0.0
1,104,177,0.0
1,105,177,0.0
1,106,177,0.0
1,107,177,0.0
1,108,177,0.0
1,109,177,0.015
1,110,177,0.0
1,111,177,0.0
1,112,177,0.0
1,113,177,0.0
1,114,177,0.0
1,115,177,0.0
1,116,177,0.0
1,117,177,0.0
1,118,177,0.392
1,119,177,0.0
1,120,177,0.347
1,121,177,0.0
1,122,177,0.0
1,123,177,0.0
1,124,177,0.0
1,125,177,0.0
1,126,177,0.0
1,127,177,0.0
1,128,177,0.0
1,129,177,0.0
1,130,177,0.202
1,131,177,0.0
1,132,177,0.086
1,133,177,0.0
1,134,177,0.0
1,135,177,0.0
1,136,177,0.0
1,137,177,0.0
1,138,177,0.0
1,139,177,1.291
1,140,177,0.0
1,141,177,0.0
1,142,177,0.0
1,143,177,0.0
1,144,177,0.0
1,145,177,0.0
1,146,177,0.0
1,147,177,0.0
1,148,177,0.0
1,149,177,0.0
1,150,177,0.0
1,151,177,0.0
1,152,177,0.0
1,153,177,0.0
1,154,177,0.27
1,155,177,0.0
1,156,177,0.059
1,157,177,0.0
1,158,177,0.0
1,159,177,1.962
1,160,177,0.0
1,161,177,0.0
1,162,177,0.0
1,163,177,0.0
1,164,177,0.536
1,165,177,0.0
1,166,177,0.124
1,167,177,0.0
0,2,178,0.0
0,3,178,0.0
0,4,178,0.0
0,5,178,0.0
0,6,178,0.0
0,7,178,0.0
0,8,178,0.0
0,9,178,0.0
0,10,178,0.0
0,11,178,0.75
0,12,178,0.0
0,13,178,0.0
0,14,178,0.0
0,15,178,5.076
0,16,178,2.295
0,17,178,0.0
0,18,178,0.0
0,19,178,0.0
0,20,178,0.0
0,21,178,0.0
0,22,178,1.282
0,23,178,0.0
0,24,178,0.0
0,25,178,0.0
0,26,178,0.0
0,27,178,0.0
0,28,178,0.0
0,29,178,0.0
0,30,178,0.0
0,31,178,2.488
0,32,178,0.0
0,33,178,0.0
0,34,178,0.0
0,35,178,0.0
0,36,178,3.568
0,37,178,0.0
0,38,178,0.0
0,39,178,0.0
0,40,178,0.0
0,41,178,0.0
0,42,178,0.0
0,43,178,0.0
0,44,178,0.0
0,45,178,0.0
0,46,178,0.0
0,47,178,0.0
0,48,178,0.0
0,49,178,0.0
0,50,178,0.0
0,51,178,0.0
0,52,178,0.0
0,53,178,0.0
0,54,178,0.0
0,55,178,0.0
0,56,178,0.504
0,57,178,0.157
0,58,178,0.0
0,59,178,2.545
0,60,178,2.473
0,61,178,0.0
0,62,178,2.294
0,63,178,0.0
0,64,178,0.0
0,65,178,1.394
0,66,178,0.0
0,67,178,0.0
0,68,178,0.0
0,69,178,0.0
0,70,178,0.0
0,71,178,0.0
0,72,178,0.0
0,73,178,0.0
0,74,178,0.0
0,75,178,0.0
0,76,178,0.0
0,77,178,0.0
0,78,178,0.0
0,79,178,4.339
0,80,178,0.571
0,81,178,2.97
0,82,178,0.0
0,83,178,4.736
0,84,178,1.262
0,85,178,0.0
0,86,178,0.0
0,87,178,0.0
0,88,178,7.065
0,89,178,0.0
1,90,178,0.0
1,91,178,0.0
1,92,178,0.324
1,93,178,0.0
1,94,178,0.0
1,95,178,0.0
1,96,178,0.0
1,97,178,0.0
1,98,178,1.027
1,99,178,0.0
1,100,178,0.0
1,101,178,0.0
1,102,178,0.0
1,103,178,0.0
1,104,178,0.0
1,105,178,2.156
1,106,178,0.0
1,107,178,0.152
1,108,178,0.0
1,109,178,0.0
1,110,178,0.0
1,111,178,1.431
1,112,178,0.0
1,113,178,0.0
1,114,178,0.0
1,115,178,0.095
1,116,178,0.0
1,117,178,0.0
1,118,178,0.476
1,119,178,0.0
1,120,178,0.17
1,121,178,0.0
1,122,178,0.0
1,123,178,0.0
1,124,178,0.0
1,125,178,0.0
1,126,178,0.0
1,127,178,1.342
1,128,178,0.0
1,129,178,0.0
1,130,178,0.0
1,131,178,0.0
1,132,178,0.0
1,133,178,0.0
1,134,178,0.0
1,135,178,0.176
1,136,178,0.0
1,137,178,0.0
1,138,178,0.0
1,139,178,2.726
1,140,178,0.0
1,141,178,0.0
1,142,178,0.0
1,143,178,0.0
1,144,178,0.088
1,145,178,0.0
1,146,178,0.321
1,147,178,0.0
1,148,178,0.0
1,149,178,0.0
1,150,178,0.0
1,151,178,0.0
1,152,178,0.0
1,153,178,0.0
1,154,178,2.344
1,155,178,0.0
1,156,178,0.013
1,157,178,0.0
1,158,178,0.0
1,159,178,0.0
1,160,178,0.0
1,161,178,0.0
1,162,178,0.0
1,163,178,0.0
1,164,178,0.627
1,165,178,0.103
1,166,178,0.0
1,167,178,0.0
0,2,179,0.0
0,3,179,0.0
0,4,179,0.761
0,5,179,0.0
0,6,179,4.37
0,7,179,0.0
0,8,179,0.0
0,9,179,0.0
0,10,179,0.0
0,11,179,0.475
0,12,179,0.0
0,13,179,3.385
0,14,179,0.0
0,15,179,6.562
0,16,179,0.0
0,17,179,0.0
0,18,179,0.0
0,19,179,1.42
0,20,179,3.027
0,21,179,0.0
0,22,179,3.88
0,23,179,0.0
0,24,179,0.0
0,25,179,0.0
0,26,179,0.0
0,27,179,0.0
0,28,179,0.0
0,29,179,0.0
0,30,179,0.0
0,31,179,5.23
0,32,179,0.0
0,33,179,0.0
0,34,179,0.0
0,35,179,0.619
0,36,179,4.641
0,37,179,2.463
0,38,179,0.0
0,39,179,0.0
0,40,179,0.656
0,41,179,0.0
0,42,179,0.0
0,43,179,0.0
0,44,179,0.0
0,45,179,0.0
0,46,179,0.0
0,47,179,0.0
0,48,179,0.055
0,49,179,0.0
0,50,179,2.09
0,51,179,2.97
0,52,179,0.0
0,53,179,3.578
0,54,179,2.702
0,55,179,0.451
0,56,179,0.0
0,57,179,0.0
0,58,179,0.0
0,59,179,3.399
0,60,179,2.821
0,61,179,0.0
0,62,179,5.13
0,63,179,0.0
0,64,179,0.0
0,65,179,1.087
0,66,179,0.0
0,67,179,1.656
0,68,179,0.0
0,69,179,0.0
0,70,179,3.092
0,71,179,0.0
0,72,179,0.0
0,73,179,1.606
0,74,179,1.215
0,75,179,0.0
0,76,179,0.0
0,77,179,0.0
0,78,179,0.0
0,79,179,5.887
0,80,179,2.12
0,81,179,5.977
0,82,179,0.0
0,83,179,4.227
0,84,179,2.887
0,85,179,0.0
0,86,179,0.0
0,87,179,0.0
0,88,179,9.344
0,89,179,0.0
1,90,179,0.0
1,91,179,0.0
1,92,179,0.633
1,93,179,0.0
1,94,179,0.0
1,95,179,0.0
1,96,179,0.0
1,97,179,0.0
1,98,179,1.548
1,99,179,0.0
1,100,179,0.0
1,101,179,0.0
1,102,179,0.0
1,103,179,0.0
1,104,179,0.0
1,105,179,0.0
1,106,179,0.0
1,107,179,0.0
1,108,179,0.0
1,109,179,0.912
1,110,179,0.0
1,111,179,0.701
1,112,179,0.0
1,113,179,0.0
1,114,179,0.062
1,115,179,0.0
1,116,179,0.0
1,117,179,0.0
1,118,179,2.14
1,119,179,0.0
1,120,179,0.077
1,121,179,0.037
1,122,179,0.02
1,123,179,0.0
1,124,179,0.0
1,125,179,0.0
1,126,179,0.0
1,127,179,0.968
1,128,179,0.0
1,129,179,0.0
1,130,179,0.454
1,131,179,0.0
1,132,179,0.357
1,133,179,0.0
1,134,179,0.176
1,135,179,0.069
1,136,179,0.0
1,137,179,0.0
1,138,179,0.0
1,139,179,2.901
1,140,179,0.0
1,141,179,0.0
1,142,179,0.0
1,143,179,0.0
1,144,179,0.166
1,145,179,0.0
1,146,179,1.843
1,147,179,0.0
1,148,179,0.0
1,149,179,0.0
1,150,179,0.657
1,151,179,0.0
1,152,179,0.0
1,153,179,0.0
1,154,179,1.799
1,155,179,0.0
1,156,179,0.2
1,157,179,0.0
1,158,179,0.0
1,159,179,0.438
1,160,179,0.0
1,161,179,0.417
1,162,179,0.0
1,163,179,0.0
1,164,179,2.977
1,165,179,0.0
1,166,179,0.172
1,167,179,0.0
0,2,180,0.0
0,3,180,0.0
0,4,180,0.0
0,5,180,0.0
0,6,180,0.745
0,7,180,0.0
0,8,180,0.0
0,9,180,0.0
0,10,180,0.0
0,11,180,0.0
0,12,180,0.0
0,13,180,2.358
0,14,180,0.0
0,15,180,6.748
0,16,180,2.109
0,17,180,0.0
0,18,180,0.0
0,19,180,0.0
0,20,180,0.0
0,21,180,0.0
0,22,180,2.359
0,23,180,0.0
0,24,180,0.0
0,25,180,0.0
0,26,180,0.0
0,27,180,0.0
0,28,180,0.0
0,29,180,0.0
0,30,180,0.353
0,31,180,3.362
0,32,180,0.0
0,33,180,0.124
0,34,180,0.0
0,35,180,0.0
0,36,180,3.674
0,37,180,2.58
0,38,180,0.0
0,39,180,0.0
0,40,180,0.61
0,41,180,0.0
0,42,180,0.0
0,43,180,0.0
0,44,180,0.0
0,45,180,1.455
0,46,180,0.0
0,47,180,0.0
0,48,180,0.0
0,49,180,0.0
0,50,180,0.0
0,51,180,0.184
0,52,180,0.0
0,53,180,2.217
0,54,180,1.564
0,55,180,0.0
0,56,180,0.0
0,57,180,0.25
0,58,180,0.0
0,59,180,3.191
0,60,180,2.872
0,61,180,0.0
0,62,180,3.4
0,63,180,0.0
0,64,180,0.0
0,65,180,0.0
0,66,180,0.0
0,67,180,0.0
0,68,180,0.0
0,69,180,0.0
0,70,180,1.286
0,71,180,0.0
0,72,180,0.0
0,73,180,1.672
0,74,180,0.672
0,75,180,0.0
0,76,180,0.0
0,77,180,0.0
0,78,180,0.158
0,79,180,4.699
0,80,180,1.82
0,81,180,5.523
0,82,180,0.0
0,83,180,2.527
0,84,180,0.595
0,85,180,0.0
0,86,180,0.227
0,87,180,0.0
0,88,180,7.936
0,89,180,0.0
1,90,180,0.0
1,91,180,0.0
1,92,180,0.0
1,93,180,0.0
1,94,180,0.0
1,95,180,0.031
1,96,180,0.0
1,97,180,0.0
1,98,180,1.11
1,99,180,0.0
1,100,180,0.0
1,101,180,0.0
1,102,180,0.0
1,103,180,0.0
1,104,180,0.0
1,105,180,0.0
1,106,180,0.0
1,107,180,0.0
1,108,180,0.017
1,109,180,0.0
1,110,180,0.0
1,111,180,0.676
1,112,180,0.0
1,113,180,0.0
1,114,180,0.013
1,115,180,0.022
1,116,180,0.0
1,117,180,0.0
1,118,180,0.777
1,119,180,0.0
1,120,180,0.215
1,121,180,0.0
1,122,180,0.0
1,123,180,0.0
1,124,180,0.0
1,125,180,0.0
1,126,180,0.0
1,127,180,0.0
1,128,180,0.0
1,129,180,0.0
1,130,180,0.138
1,131,180,0.0
1,132,180,0.097
1,133,180,0.0
1,134,180,0.0
1,135,180,0.045
1,136,180,0.0
1,137,180,0.061
1,138,180,0.0
1,139,180,2.097
1,140,180,0.0
1,141,180,0.0
1,142,180,0.0
1,143,180,0.0
1,144,180,0.0
1,145,180,0.0
1,146,180,0.0
1,147,180,0.0
1,148,180,0.0
1,149,180,0.0
1,150,180,1.01
1,151,180,0.0
1,152,180,0.0
1,153,180,0.0
1,154,180,1.068
1,155,180,0.0
1,156,180,0.042
1,157,180,0.0
1,158,180,0.0
1,159,180,1.528
1,160,180,0.0
1,161,180,0.0
1,162,180,0.0
1,163,180,0.0
1,164,180,1.723
1,165,180,0.0
1,166,180,0.0
1,167,180,0.0
0,2,181,0.0
0,3,181,1.392
0,4,181,2.246
0,5,181,0.0
0,6,181,3.794
0,7,181,0.0
0,8,181,0.1
0,9,181,1.794
0,10,181,0.062
0,11,181,0.0
0,12,181,0.0
0,13,181,2.459
0,14,181,0.021
0,15,181,8.291
0,16,181,6.576
0,17,181,0.0
0,18,181,0.0
0,19,181,0.0
0,20,181,0.135
0,21,181,0.0
0,22,181,4.328
0,23,181,0.0
0,24,181,0.0
0,25,181,0.0
0,26,181,0.0
0,27,181,0.958
0,28,181,0.0
0,29,181,0.0
0,30,181,0.0
0,31,181,5.254
0,32,181,0.0
0,33,181,0.0
0,34,181,0.0
0,35,181,0.0
0,36,181,5.552
0,37,181,0.644
0,38,181,0.0
0,39,181,0.0
0,40,181,0.0
0,41,181,0.0
0,42,181,0.0
0,43,181,0.0
0,44,181,0.0
0,45,181,0.045
0,46,181,0.091
0,47,181,0.0
0,48,181,0.0
0,49,181,0.0
0,50,181,0.0
0,51,181,3.765
0,52,181,0.0
0,53,181,3.508
0,54,181,1.921
0,55,181,0.747
0,56,181,0.0
0,57,181,0.0
0,58,181,0.0
0,59,181,3.129
0,60,181,4.252
0,61,181,0.0
0,62,181,2.216
0,63,181,0.0
0,64,181,0.0
0,65,181,0.0
0,66,181,0.0
0,67,181,1.352
0,68,181,0.0
0,69,181,0.0
0,70,181,2.116
0,71,181,0.0
0,72,181,0.0
0,73,181,1.88
0,74,181,2.269
0,75,181,0.0
0,76,181,0.0
0,77,181,0.884
0,78,181,0.0
0,79,181,6.776
0,80,181,3.33
0,81,181,7.286
0,82,181,1.134
0,83,181,4.177
0,84,181,0.0
0,85,181,0.0
0,86,181,0.0
0,87,181,0.0
0,88,181,9.173
0,89,181,0.0
1,90,181,0.072
1,91,181,0.0
1,92,181,0.447
1,93,181,0.0
1,94,181,0.0
1,95,181,0.0
1,96,181,0.0
1,97,181,0.0
1,98,181,1.556
1,99,181,0.0
1,100,181,0.0
1,101,181,0.0
1,102,181,0.0
1,103,181,0.0
1,104,181,0.0
1,105,181,0.0
1,106,181,0.0
1,107,181,0.0
1,108,181,0.0
1,109,181,0.667
1,110,181,0.0
1,111,181,0.753
1,112,181,0.0
1,113,181,0.0
1,114,181,0.428
1,115,181,0.093
1,116,181,0.0
1,117,181,0.0
1,118,181,0.0
1,119,181,0.0
1,120,181,0.0
1,121,181,0.0
1,122,181,0.0
1,123,181,0.0
1,124,181,0.0
1,125,181,0.0
1,126,181,0.0
1,127,181,0.0
1,128,181,0.0
1,129,181,0.0
1,130,181,0.0
1,131,181,0.0
1,132,181,0.079
1,133,181,0.0
1,134,181,0.0
1,135,181,0.0
1,136,181,0.0
1,137,181,1.013
1,138,181,0.0
1,139,181,2.57
1,140,181,0.0
1,141,181,0.0
1,142,181,0.0
1,143,181,0.0
1,144,181,0.236
1,145,181,0.0
1,146,181,0.38
1,147,181,0.0
1,148,181,0.0
1,149,181,0.0
1,150,181,0.554
1,151,181,0.0
1,152,181,0.0
1,153,181,0.0
1,154,181,1.595
1,155,181,0.212
1,156,181,0.347
1,157,181,0.0
1,158,181,0.0
1,159,181,1.216
1,160,181,0.0
1,161,181,0.459
1,162,181,0.0
1,163,181,0.0
1,164,181,1.922
1,165,181,0.0
1,166,181,0.0
1,167,181,0.0
0,2,182,0.0
0,3,182,0.0
0,4,182,1.266
0,5,182,0.0
0,6,182,0.0
0,7,182,0.0
0,8,182,0.0
0,9,182,0.93
0,10,182,0.0
0,11,182,0.0
0,12,182,0.0
0,13,182,1.245
0,14,182,0.0
0,15,182,7.021
0,16,182,4.725
0,17,182,0.0
0,18,182,0.0
0,19,182,0.74
0,20,182,0.0
0,21,182,0.0
0,22,182,3.504
0,23,182,0.762
0,24,182,0.563
0,25,182,0.0
0,26,182,0.0
0,27,182,1.414
0,28,182,0.0
0,29,182,0.0
0,30,182,0.0
0,31,182,3.926
0,32,182,0.0
0,33,182,0.0
0,34,182,0.0
0,35,182,0.0
0,36,182,3.614
0,37,182,2.293
0,38,182,0.0
0,39,182,0.0
0,40,182,2.547
0,41,182,2.84
0,42,182,0.0
0,43,182,0.0
0,44,182,0.001
0,45,182,0.0
0,46,182,0.192
0,47,182,0.0
0,48,182,0.0
0,49,182,1.261
0,50,182,0.0
0,51,182,1.266
0,52,182,0.0
0,53,182,2.102
0,54,182,2.923
0,55,182,2.385
0,56,182,0.0
0,57,182,0.869
0,58,182,2.126
0,59,182,0.716
0,60,182,4.638
0,61,182,0.0
0,62,182,3.497
0,63,182,0.0
0,64,182,0.0
0,65,182,0.0
0,66,182,0.0
0,67,182,0.0
0,68,182,0.0
0,69,182,0.0
0,70,182,1.225
0,71,182,0.0
0,72,182,0.0
0,73,182,0.0
0,74,182,0.0
0,75,182,0.0
0,76,182,0.0
0,77,182,0.0
0,78,182,0.0
0,79,182,5.466
0,80,182,2.895
0,81,182,7.693
0,82,182,0.0
0,83,182,2.041
0,84,182,0.0
0,85,182,0.0
0,86,182,0.0
0,87,182,0.0
0,88,182,8.178
0,89,182,0.0
1,90,182,0.0
1,91,182,0.0
1,92,182,0.115
1,93,182,0.0
1,94,182,0.0
1,95,182,0.0
1,96,182,0.0
1,97,182,0.0
1,98,182,0.639
1,99,182,0.0
1,100,182,0.0
1,101,182,0.0
1,102,182,0.0
1,103,182,0.0
1,104,182,0.0
1,105,182,0.0
1,106,182,0.0
1,107,182,0.0
1,108,182,0.0
1,109,182,0.224
1,110,182,0.0
1,111,182,0.878
1,112,182,0.0
1,113,182,0.0
1,114,182,0.39
1,115,182,0.256
1,116,182,0.0
1,117,182,0.0
1,118,182,0.0
1,119,182,0.0
1,120,182,0.0
1,121,182,0.0
1,122,182,0.0
1,123,182,0.0
1,124,182,0.132
1,125,182,0.0
1,126,182,0.0
1,127,182,0.0
1,128,182,0.0
1,129,182,0.0
1,130,182,0.0
1,131,182,0.0
1,132,182,0.0
1,133,182,0.0
1,134,182,0.101
1,135,182,0.0
1,136,182,0.0
1,137,182,0.844
1,138,182,0.0
1,139,182,2.118
1,140,182,0.0
1,141,182,0.0
1,142,182,0.061
1,143,182,0.0
1,144,182,0.0
1,145,182,0.0
1,146,182,0.306
1,147,182,0.0
1,148,182,0.0
1,149,182,0.0
1,150,182,0.561
1,151,182,0.0
1,152,182,0.0
1,153,182,0.0
1,154,182,1.155
1,155,182,0.0
1,156,182,0.301
1,157,182,0.0
1,158,182,0.0
1,159,182,0.466
1,160,182,0.0
1,161,182,0.0
1,162,182,0.002
1,163,182,0.1
1,164,182,2.122
1,165,182,0.0
1,166,182,0.0
1,167,182,0.0
0,2,183,0.0
0,3,183,0.039
0,4,183,0.0
0,5,183,0.0
0,6,183,2.59
0,7,183,0.0
0,8,183,0.0
0,9,183,0.0
0,10,183,0.0
0,11,183,0.0
0,12,183,0.0
0,13,183,0.18
0,14,183,0.0
0,15,183,5.836
0,16,183,0.0
0,17,183,0.0
0,18,183,0.0
0,19,183,0.0
0,20,183,0.0
0,21,183,0.0
0,22,183,3.314
0,23,183,0.0
0,24,183,0.0
0,25,183,0.0
0,26,183,0.144
0,27,183,0.0
0,28,183,0.0
0,29,183,0.0
0,30,183,0.142
0,31,183,1.285
0,32,183,0.0
0,33,183,1.531
0,34,183,0.0
0,35,183,0.0
0,36,183,3.518
0,37,183,0.0
0,38,183,0.0
0,39,183,0.0
0,40,183,0.0
0,41,183,2.331
0,42,183,0.0
0,43,183,0.0
0,44,183,0.0
0,45,183,0.548
0,46,183,2.38
0,47,183,0.0
0,48,183,0.0
0,49,183,0.0
0,50,183,0.0
0,51,183,0.0
0,52,183,0.0
0,53,183,0.0
0,54,183,1.867
0,55,183,0.0
0,56,183,0.253
0,57,183,0.741
0,58,183,1.758
0,59,183,0.0
0,60,183,4.094
0,61,183,0.0
0,62,183,4.144
0,63,183,0.0
0,64,183,0.0
0,65,183,0.0
0,66,183,0.0
0,67,183,0.292
0,68,183,0.0
0,69,183,0.0
0,70,183,0.0
0,71,183,0.0
0,72,183,0.0
0,73,183,1.709
0,74,183,0.0
0,75,183,0.0
0,76,183,0.0
0,77,183,0.0
0,78,183,0.0
0,79,183,6.003
0,80,183,2.025
0,81,183,6.483
0,82,183,0.0
0,83,183,3.647
0,84,183,0.0
0,85,183,0.0
0,86,183,0.0
0,87,183,0.0
0,88,183,8.405
0,89,183,0.0
1,90,183,0.073
1,91,183,0.0
1,92,183,0.011
1,93,183,0.0
1,94,183,0.0
1,95,183,0.0
1,96,183,0.0
1,97,183,0.0
1,98,183,1.637
1,99,183,0.0
1,100,183,0.0
1,101,183,0.0
1,102,183,0.0
1,103,183,0.0
1,104,183,0.0
1,105,183,0.0
1,106,183,0.0
1,107,183,0.0
1,108,183,0.0
1,109,183,0.045
1,110,183,0.0
1,111,183,0.778
1,112,183,0.0
1,113,183,0.0
1,114,183,0.37
1,115,183,0.143
1,116,183,0.0
1,117,183,0.0
1,118,183,1.242
1,119,183,0.0
1,120,183,0.092
1,121,183,0.0
1,122,183,0.0
1,123,183,0.0
1,124,183,0.0
1,125,183,0.0
1,126,183,0.0
1,127,183,0.383
1,128,183,0.0
1,129,183,0.0
1,130,183,0.203
1,131,183,0.0
1,132,183,0.431
1,133,183,0.0
1,134,183,0.321
1,135,183,0.0
1,136,183,0.0
1,137,183,0.0
1,138,183,0.0
1,139,183,3.329
1,140,183,0.0
1,141,183,0.0
1,142,183,0.043
1,143,183,0.0
1,144,183,0.0
1,145,183,0.0
1,146,183,0.455
1,147,183,0.085
1,148,183,0.0
1,149,183,0.0
1,150,183,0.88
1,151,183,0.0
1,152,183,0.0
1,153,183,0.0
1,154,183,2.009
1,155,183,0.046
1,156,183,0.0
1,157,183,0.0
1,158,183,0.0
1,159,183,0.12
1,160,183,0.0
1,161,183,0.15
1,162,183,0.0
1,163,183,0.0
1,164,183,1.418
1,165,183,0.0
1,166,183,0.395
1,167,183,0.0
0,2,184,0.0
0,3,184,0.0
0,4,184,1.656
0,5,184,0.0
0,6,184,2.511
0,7,184,0.0
0,8,184,0.0
0,9,184,0.0
0,10,184,0.0
0,11,184,1.434
0,12,184,0.0
0,13,184,0.065
0,14,184,1.15
0,15,184,5.825
0,16,184,1.649
0,17,184,0.0
0,18,184,0.0
0,19,184,1.463
0,20,184,2.404
0,21,184,0.0
0,22,184,2.673
0,23,184,0.0
0,24,184,0.0
0,25,184,0.0
0,26,184,0.0
0,27,184,0.0
0,28,184,0.0
0,29,184,0.0
0,30,184,1.401
0,31,184,2.836
0,32,184,0.0
0,33,184,0.0
0,34,184,0.0
0,35,184,0.0
0,36,184,3.977
0,37,184,1.449
0,38,184,0.0
0,39,184,0.0
0,40,184,0.0
0,41,184,0.0
0,42,184,0.0
0,43,184,0.23
0,44,184,0.0
0,45,184,1.447
0,46,184,0.122
0,47,184,0.0
0,48,184,0.0
0,49,184,0.0
0,50,184,1.78
0,51,184,0.0
0,52,184,0.0
0,53,184,0.0
0,54,184,1.061
0,55,184,0.0
0,56,184,0.0
0,57,184,0.0
0,58,184,0.0
0,59,184,3.357
0,60,184,0.052
0,61,184,0.0
0,62,184,2.176
0,63,184,0.0
0,64,184,0.0
0,65,184,0.0
0,66,184,0.0
0,67,184,0.169
0,68,184,0.0
0,69,184,0.0
0,70,184,2.447
0,71,184,0.0
0,72,184,0.0
0,73,184,0.0
0,74,184,0.0
0,75,184,0.0
0,76,184,0.0
0,77,184,0.0
0,78,184,0.0
0,79,184,5.8
0,80,184,1.071
0,81,184,6.47
0,82,184,0.107
0,83,184,3.949
0,84,184,0.0
0,85,184,0.0
0,86,184,0.0
0,87,184,0.0
0,88,184,8.165
0,89,184,0.0
1,90,184,0.0
1,91,184,0.0
1,92,184,0.013
1,93,184,0.0
1,94,184,0.0
1,95,184,0.0
1,96,184,0.0
1,97,184,0.0
1,98,184,0.956
1,99,184,0.0
1,100,184,0.0
1,101,184,0.0
1,102,184,0.0
1,103,184,0.0
1,104,184,0.0
1,105,184,0.0
1,106,184,0.425
1,107,184,0.0
1,108,184,0.0
1,109,184,0.953
1,110,184,0.0
1,111,184,0.661
1,112,184,0.0
1,113,184,0.0
1,114,184,0.286
1,115,184,0.14
1,116,184,0.0
1,117,184,0.0
1,118,184,0.914
1,119,184,0.0
1,120,184,0.0
1,121,184,0.0
1,122,184,0.0
1,123,184,0.0
1,124,184,0.0
1,125,184,0.0
1,126,184,0.0
1,127,184,0.0
1,128,184,0.0
1,129,184,0.0
1,130,184,0.0
1,131,184,0.0
1,132,184,0.598
1,133,184,0.0
1,134,184,0.0
1,135,184,0.0
1,136,184,0.0
1,137,184,0.847
1,138,184,0.0
1,139,184,2.4
1,140,184,0.0
1,141,184,0.0
1,142,184,0.0
1,143,184,0.0
1,144,184,0.0
1,145,184,0.0
1,146,184,0.0
1,147,184,0.0
1,148,184,0.0
1,149,184,0.0
1,150,184,0.0
1,151,184,0.0
1,152,184,0.0
1,153,184,0.0
1,154,184,1.936
1,155,184,0.0
1,156,184,0.148
1,157,184,0.0
1,158,184,0.0
1,159,184,2.313
1,160,184,0.0
1,161,184,0.0
1,162,184,0.077
1,163,184,0.0
1,164,184,0.291
1,165,184,0.0
1,166,184,0.0
1,167,184,0.0
0,2,185,0.0
0,3,185,0.0
0,4,185,1.062
0,5,185,0.0
0,6,185,3.449
0,7,185,0.0
0,8,185,0.0
0,9,185,0.0
0,10,185,0.0
0,11,185,0.0
0,12,185,0.0
0,13,185,0.0
0,14,185,0.0
0,15,185,6.344
0,16,185,1.921
0,17,185,0.0
0,18,185,0.0
0,19,185,0.0
0,20,185,0.0
0,21,185,0.0
0,22,185,0.0
0,23,185,0.0
0,24,185,0.0
0,25,185,0.0
0,26,185,0.0
0,27,185,0.0
0,28,185,0.0
0,29,185,0.0
0,30,185,0.0
0,31,185,1.22
0,32,185,0.0
0,33,185,0.0
0,34,185,0.0
0,35,185,0.0
0,36,185,5.082
0,37,185,0.0
0,38,185,0.0
0,39,185,0.0
0,40,185,0.0
0,41,185,0.0
0,42,185,0.0
0,43,185,0.0
0,44,185,0.0
0,45,185,2.369
0,46,185,0.0
0,47,185,0.0
0,48,185,0.0
0,49,185,1.22
0,50,185,0.0
0,51,185,2.763
0,52,185,1.336
0,53,185,2.382
0,54,185,0.0
0,55,185,0.582
0,56,185,1.143
0,57,185,0.0
0,58,185,0.0
0,59,185,3.25
0,60,185,3.049
0,61,185,0.0
0,62,185,3.803
0,63,185,0.0
0,64,185,0.0
0,65,185,0.0
0,66,185,0.0
0,67,185,2.369
0,68,185,0.0
0,69,185,0.0
0,70,185,0.456
0,71,185,0.0
0,72,185,0.0
0,73,185,0.0
0,74,185,0.0
0,75,185,0.0
0,76,185,0.0
0,77,185,0.0
0,78,185,0.0
0,79,185,5.59
0,80,185,3.389
0,81,185,5.472
0,82,185,0.0
0,83,185,3.928
0,84,185,0.0
0,85,185,0.0
0,86,185,0.0
0,87,185,0.0
0,88,185,7.988
0,89,185,0.281
1,90,185,0.0
1,91,185,0.0
1,92,185,0.327
1,93,185,0.0
1,94,185,0.0
1,95,185,0.0
1,96,185,0.0
1,97,185,0.0
1,98,185,1.001
1,99,185,0.0
1,100,185,0.0
1,101,185,0.326
1,102,185,0.0
1,103,185,0.0
1,104,185,0.0
1,105,185,0.0
1,106,185,0.0
1,107,185,0.0
1,108,185,0.197
1,109,185,1.23
1,110,185,0.0
1,111,185,0.715
1,112,185,0.0
1,113,185,0.0
1,114,185,0.049
1,115,185,0.043
1,116,185,0.0
1,117,185,0.0
1,118,185,0.389
1,119,185,0.0
1,120,185,0.0
1,121,185,0.0
1,122,185,0.0
1,123,185,0.0
1,124,185,0.0
1,125,185,0.0
1,126,185,0.0
1,127,185,0.115
1,128,185,0.0
1,129,185,0.0
1,130,185,0.0
1,131,185,0.0
1,132,185,0.27
1,133,185,0.0
1,134,185,0.0
1,135,185,0.0
1,136,185,0.0
1,137,185,0.634
1,138,185,0.0
1,139,185,2.11
1,140,185,0.0
1,141,185,0.0
1,142,185,0.0
1,143,185,0.0
1,144,185,0.167
1,145,185,0.0
1,146,185,0.0
1,147,185,0.0
1,148,185,0.0
1,149,185,0.0
1,150,185,1.803
1,151,185,0.0
1,152,185,0.0
1,153,185,0.0
1,154,185,0.849
1,155,185,0.05
1,156,185,0.0
1,157,185,0.0
1,158,185,0.0
1,159,185,0.014
1,160,185,0.0
1,161,185,0.0
1,162,185,0.0
1,163,185,0.0
1,164,185,1.511
1,165,185,0.0
1,166,185,0.0
1,167,185,0.0
0,2,186,0.0
0,3,186,0.0
0,4,186,0.0
0,5,186,0.0
0,6,186,3.423
0,7,186,0.0
0,8,186,0.0
0,9,186,0.0
0,10,186,0.0
0,11,186,0.0
0,12,186,0.0
0,13,186,0.0
0,14,186,0.0
0,15,186,7.746
0,16,186,0.0
0,17,186,1.041
0,18,186,0.0
0,19,186,0.529
0,20,186,0.0
0,21,186,0.0
0,22,186,3.056
0,23,186,0.0
0,24,186,0.0
0,25,186,0.0
0,26,186,0.0
0,27,186,0.0
0,28,186,0.0
0,29,186,0.0
0,30,186,1.577
0,31,186,1.719
0,32,186,0.0
0,33,186,0.0
0,34,186,0.0
0,35,186,0.0
0,36,186,4.342
0,37,186,0.0
0,38,186,0.0
0,39,186,0.0
0,40,186,0.0
0,41,186,0.0
0,42,186,0.0
0,43,186,0.0
0,44,186,0.0
0,45,186,0.0
0,46,186,0.101
0,47,186,0.0
0,48,186,0.0
0,49,186,0.0
0,50,186,0.0
0,51,186,0.118
0,52,186,0.0
0,53,186,0.0
0,54,186,0.755
0,55,186,0.0
0,56,186,0.0
0,57,186,0.0
0,58,186,0.223
0,59,186,0.748
0,60,186,3.0
0,61,186,0.0
0,62,186,1.748
0,63,186,0.0
0,64,186,0.0
0,65,186,0.0
0,66,186,0.0
0,67,186,0.957
0,68,186,0.0
0,69,186,0.0
0,70,186,0.0
0,71,186,0.0
0,72,186,0.125
0,73,186,1.088
0,74,186,0.732
0,75,186,0.0
0,76,186,0.0
0,77,186,0.0
0,78,186,0.0
0,79,186,5.253
0,80,186,3.878
0,81,186,4.453
0,82,186,0.0
0,83,186,4.197
0,84,186,1.477
0,85,186,0.0
0,86,186,0.0
0,87,186,0.0
0,88,186,8.631
0,89,186,0.0
1,90,186,0.0
1,91,186,0.0
1,92,186,0.075
1,93,186,0.0
1,94,186,0.0
1,95,186,0.0
1,96,186,0.0
1,97,186,0.0
1,98,186,1.511
1,99,186,0.0
1,100,186,0.0
1,101,186,0.23
1,102,186,0.0
1,103,186,0.0
1,104,186,0.0
1,105,186,0.0
1,106,186,0.0
1,107,186,0.0
1,108,186,0.194
1,109,186,0.075
1,110,186,0.0
1,111,186,0.56
1,112,186,0.025
1,113,186,0.0
1,114,186,0.302
1,115,186,0.0
1,116,186,0.0
1,117,186,0.0
1,118,186,0.398
1,119,186,0.0
1,120,186,0.0
1,121,186,0.0
1,122,186,0.0
1,123,186,0.0
1,124,186,0.0
1,125,186,0.0
1,126,186,0.0
1,127,186,0.358
1,128,186,0.0
1,129,186,0.0
1,130,186,0.0
1,131,186,0.0
1,132,186,0.39
1,133,186,0.0
1,134,186,0.0
1,135,186,0.126
1,136,186,0.0
1,137,186,1.211
1,138,186,0.0
1,139,186,2.736
1,140,186,0.0
1,141,186,0.0
1,142,186,0.0
1,143,186,0.0
1,144,186,0.265
1,145,186,0.0
1,146,186,0.0
1,147,186,0.0
1,148,186,0.0
1,149,186,0.0
1,150,186,1.183
1,151,186,0.0
1,152,186,0.0
1,153,186,0.0
1,154,186,1.358
1,155,186,0.109
1,156,186,0.0
1,157,186,0.0
1,158,186,0.0
1,159,186,0.349
1,160,186,0.0
1,161,186,0.0
1,162,186,0.0
1,163,186,0.035
1,164,186,1.069
1,165,186,0.0
1,166,186,0.0
1,167,186,0.0
0,2,187,0.0
0,3,187,0.0
0,4,187,0.578
0,5,187,0.0
0,6,187,3.494
0,7,187,1.193
0,8,187,0.0
0,9,187,1.746
0,10,187,0.0
0,11,187,1.264
0,12,187,0.0
0,13,187,3.629
0,14,187,0.0
0,15,187,5.512
0,16,187,4.11
0,17,187,0.0
0,18,187,0.0
0,19,187,2.058
0,20,187,0.829
0,21,187,0.0
0,22,187,5.309
0,23,187,0.0
0,24,187,0.0
0,25,187,1.756
0,26,187,0.0
0,27,187,0.041
0,28,187,0.0
0,29,187,0.0
0,30,187,0.064
0,31,187,3.402
0,32,187,0.0
0,33,187,0.0
0,34,187,0.0
0,35,187,3.283
0,36,187,4.754
0,37,187,4.247
0,38,187,0.0
0,39,187,0.0
0,40,187,0.0
0,41,187,0.0
0,42,187,0.0
0,43,187,0.0
0,44,187,0.0
0,45,187,0.0
0,46,187,4.749
0,47,187,0.0
0,48,187,0.365
0,49,187,1.293
0,50,187,0.0
0,51,187,2.847
0,52,187,0.0
0,53,187,2.677
0,54,187,1.576
0,55,187,2.481
0,56,187,0.544
0,57,187,1.515
0,58,187,0.0
0,59,187,2.652
0,60,187,7.048
0,61,187,0.0
0,62,187,5.774
0,63,187,0.0
0,64,187,0.0
0,65,187,0.0
0,66,187,0.0
0,67,187,2.072
0,68,187,0.0
0,69,187,0.0
0,70,187,1.404
0,71,187,0.0
0,72,187,0.0
0,73,187,2.529
0,74,187,0.0
0,75,187,0.0
0,76,187,0.0
0,77,187,0.0
0,78,187,0.0
0,79,187,6.294
0,80,187,1.724
0,81,187,6.496
0,82,187,0.0
0,83,187,4.267
0,84,187,3.987
0,85,187,0.0
0,86,187,0.0
0,87,187,0.0
0,88,187,8.463
0,89,187,0.0
1,90,187,0.0
1,91,187,0.187
1,92,187,0.051
1,93,187,0.0
1,94,187,0.0
1,95,187,0.0
1,96,187,0.0
1,97,187,0.0
1,98,187,0.503
1,99,187,0.0
1,100,187,0.0
1,101,187,0.0
1,102,187,0.0
1,103,187,0.0
1,104,187,0.0
1,105,187,0.0
1,106,187,0.0
1,107,187,0.0
1,108,187,0.0
1,109,187,0.145
1,110,187,0.0
1,111,187,0.825
1,112,187,0.0
1,113,187,0.0
1,114,187,0.21
1,115,187,0.0
1,116,187,0.0
1,117,187,0.0
1,118,187,0.0
1,119,187,0.0
1,120,187,0.033
1,121,187,0.0
1,122,187,0.0
1,123,187,0.0
1,124,187,0.0
1,125,187,0.0
1,126,187,0.0
1,127,187,0.276
1,128,187,0.0
1,129,187,0.0
1,130,187,0.887
1,131,187,0.0
1,132,187,0.456
1,133,187,0.0
1,134,187,0.0
1,135,187,0.0
1,136,187,0.0
1,137,187,0.0
1,138,187,0.0
1,139,187,2.308
1,140,187,0.0
1,141,187,0.0
1,142,187,0.0
1,143,187,0.0
1,144,187,0.159
1,145,187,0.0
1,146,187,0.808
1,147,187,0.0
1,148,187,0.0
1,149,187,0.0
1,150,187,0.852
1,151,187,0.0
1,152,187,0.0
1,153,187,0.0
1,154,187,1.798
1,155,187,0.057
1,156,187,0.131
1,157,187,0.0
1,158,187,0.0
1,159,187,1.386
1,160,187,0.0
1,161,187,0.0
1,162,187,0.12
1,163,187,0.246
1,164,187,1.857
1,165,187,0.0
1,166,187,0.0
1,167,187,0.0
0,2,188,0.0
0,3,188,0.0
0,4,188,0.0
0,5,188,0.0
0,6,188,3.634
0,7,188,0.0
0,8,188,0.0
0,9,188,0.0
0,10,188,0.0
0,11,188,0.0
0,12,188,0.0
0,13,188,0.0
0,14,188,0.0
0,15,188,6.301
0,16,188,0.0
0,17,188,0.0
0,18,188,0.0
0,19,188,0.0
0,20,188,0.0
0,21,188,0.0
0,22,188,3.643
0,23,188,0.0
0,24,188,0.0
0,25,188,0.0
0,26,188,0.0
0,27,188,0.0
0,28,188,0.0
0,29,188,0.0
0,30,188,0.0
0,31,188,4.661
0,32,188,0.0
0,33,188,0.842
0,34,188,0.0
0,35,188,0.0
0,36,188,4.094
0,37,188,0.0
0,38,188,0.0
0,39,188,0.0
0,40,188,0.0
0,41,188,0.0
0,42,188,0.0
0,43,188,0.0
0,44,188,0.0
0,45,188,0.0
0,46,188,0.0
0,47,188,0.0
0,48,188,0.0
0,49,188,0.107
0,50,188,0.0
0,51,188,0.778
0,52,188,1.24
0,53,188,1.81
0,54,188,1.014
0,55,188,1.111
0,56,188,0.532
0,57,188,0.44
0,58,188,3.003
0,59,188,1.628
0,60,188,4.824
0,61,188,0.0
0,62,188,4.48
0,63,188,0.0
0,64,188,0.0
0,65,188,0.0
0,66,188,0.0
0,67,188,0.0
0,68,188,0.0
0,69,188,0.0
0,70,188,0.985
0,71,188,0.0
0,72,188,0.0
0,73,188,0.0
0,74,188,0.0
0,75,188,0.0
0,76,188,0.0
0,77,188,0.0
0,78,188,0.0
0,79,188,6.301
0,80,188,3.144
0,81,188,5.84
0,82,188,0.0
0,83,188,5.039
0,84,188,1.39
0,85,188,0.0
0,86,188,0.0
0,87,188,0.0
0,88,188,8.572
0,89,188,0.404
1,90,188,0.0
1,91,188,0.0
1,92,188,0.0
1,93,188,0.0
1,94,188,0.0
1,95,188,0.0
1,96,188,0.0
1,97,188,0.0
1,98,188,0.496
1,99,188,0.0
1,100,188,0.0
1,101,188,0.0
1,102,188,0.0
1,103,188,0.0
1,104,188,0.0
1,105,188,0.0
1,106,188,0.0
1,107,188,0.0
1,108,188,0.0
1,109,188,1.485
1,110,188,0.0
1,111,188,0.744
1,112,188,0.0
1,113,188,0.0
1,114,188,0.077
1,115,188,0.0
1,116,188,0.0
1,117,188,0.0
1,118,188,0.004
1,119,188,0.0
1,120,188,0.0
1,121,188,0.0
1,122,188,0.0
1,123,188,0.0
1,124,188,0.0
1,125,188,0.0
1,126,188,0.0
1,127,188,0.0
1,128,188,0.0
1,129,188,0.0
1,130,188,0.0
1,131,188,0.0
1,132,188,0.0
1,133,188,0.0
1,134,188,0.0
1,135,188,0.0
1,136,188,0.0
1,137,188,0.675
1,138,188,0.0
1,139,188,3.41
1,140,188,0.0
1,141,188,0.0
1,142,188,0.0
1,143,188,0.0
1,144,188,0.0
1,145,188,0.0
1,146,188,0.571
1,147,188,0.0
1,148,188,0.0
1,149,188,0.0
1,150,188,0.168
1,151,188,0.0
1,152,188,0.0
1,153,188,0.0
1,154,188,1.703
1,155,188,0.0
1,156,188,0.0
1,157,188,0.0
1,158,188,0.0
1,159,188,1.758
1,160,188,0.0
1,161,188,0.0
1,162,188,0.0
1,163,188,0.0
1,164,188,0.229
1,165,188,0.0
1,166,188,0.11
1,167,188,0.0
0,2,189,0.0
0,3,189,1.417
0,4,189,0.0
0,5,189,0.0
0,6,189,1.305
0,7,189,0.0
0,8,189,0.829
0,9,189,0.0
0,10,189,0.0
0,11,189,0.357
0,12,189,0.0
0,13,189,1.514
0,14,189,0.0
0,15,189,6.447
0,16,189,0.0
0,17,189,0.0
0,18,189,0.0
0,19,189,0.0
0,20,189,0.0
0,21,189,0.0
0,22,189,3.95
0,23,189,0.0
0,24,189,0.0
0,25,189,0.0
0,26,189,0.0
0,27,189,0.0
0,28,189,0.0
0,29,189,0.0
0,30,189,0.0
0,31,189,0.401
0,32,189,0.0
0,33,189,0.0
0,34,189,0.0
0,35,189,0.0
0,36,189,2.531
0,37,189,1.507
0,38,189,0.0
0,39,189,0.0
0,40,189,0.547
0,41,189,1.494
0,42,189,0.0
0,43,189,0.0
0,44,189,0.0
0,45,189,0.0
0,46,189,2.966
0,47,189,0.0
0,48,189,0.0
0,49,189,0.0
0,50,189,0.0
0,51,189,0.0
0,52,189,0.377
0,53,189,0.0
0,54,189,2.278
0,55,189,0.0
0,56,189,0.0
0,57,189,0.885
0,58,189,0.0
0,59,189,0.767
0,60,189,5.046
0,61,189,0.0
0,62,189,3.744
0,63,189,0.0
0,64,189,0.0
0,65,189,0.0
0,66,189,0.0
0,67,189,0.0
0,68,189,0.0
0,69,189,0.0
0,70,189,0.0
0,71,189,0.0
0,72,189,0.0
0,73,189,0.0
0,74,189,0.0
0,75,189,0.0
0,76,189,0.0
0,77,189,0.0
0,78,189,0.0
0,79,189,5.941
0,80,189,1.911
0,81,189,7.084
0,82,189,1.32
0,83,189,3.224
0,84,189,2.823
0,85,189,0.0
0,86,189,0.0
0,87,189,0.0
0,88,189,8.12
0,89,189,0.0
1,90,189,0.0
1,91,189,0.0
1,92,189,0.0
1,93,189,0.0
1,94,189,0.0
1,95,189,0.0
1,96,189,0.0
1,97,189,0.0
1,98,189,0.667
1,99,189,0.0
1,100,189,0.0
1,101,189,0.0
1,102,189,0.0
1,103,189,0.0
1,104,189,0.0
1,105,189,0.0
1,106,189,0.0
1,107,189,0.027
1,108,189,0.0
1,109,189,0.418
1,110,189,0.0
1,111,189,0.469
1,112,189,0.0
1,113,189,0.0
1,114,189,0.0
1,115,189,0.01
1,116,189,0.0
1,117,189,0.0
1,118,189,0.0
1,119,189,0.0
1,120,189,0.0
1,121,189,0.0
1,122,189,0.0
1,123,189,0.0
1,124,189,0.0
1,125,189,0.0
1,126,189,0.0
1,127,189,0.0
1,128,189,0.0
1,129,189,0.0
1,130,189,0.031
1,131,189,0.0
1,132,189,0.15
1,133,189,0.0
1,134,189,0.0
1,135,189,0.0
1,136,189,0.0
1,137,189,0.108
1,138,189,0.0
1,139,189,2.269
1,140,189,0.0
1,141,189,0.0
1,142,189,0.0
1,143,189,0.0
1,144,189,0.0
1,145,189,0.0
1,146,189,0.0
1,147,189,0.0
1,148,189,0.0
1,149,189,0.0
1,150,189,0.098
1,151,189,0.0
1,152,189,0.0
1,153,189,0.0
1,154,189,1.274
1,155,189,0.0
1,156,189,0.192
1,157,189,0.0
1,158,189,0.0
1,159,189,1.331
1,160,189,0.0
1,161,189,0.0
1,162,189,0.0
1,163,189,0.0
1,164,189,1.649
1,165,189,0.0
1,166,189,0.0
1,167,189,0.0
0,2,190,0.0
0,3,190,0.0
0,4,190,1.916
0,5,190,0.0
0,6,190,0.0
0,7,190,0.0
0,8,190,0.0
0,9,190,0.0
0,10,190,0.0
0,11,190,0.0
0,12,190,0.0
0,13,190,0.279
0,14,190,0.0
0,15,190,6.159
0,16,190,0.0
0,17,190,0.0
0,18,190,0.118
0,19,190,0.334
0,20,190,0.692
0,21,190,0.0
0,22,190,2.412
0,23,190,0.0
0,24,190,0.0
0,25,190,1.558
0,26,190,0.0
0,27,190,0.0
0,28,190,0.0
0,29,190,0.0
0,30,190,0.0
0,31,190,0.0
0,32,190,0.0
0,33,190,0.0
0,34,190,0.0
0,35,190,0.0
0,36,190,4.434
0,37,190,1.285
0,38,190,0.0
0,39,190,0.0
0,40,190,0.0
0,41,190,0.558
0,42,190,0.0
0,43,190,0.0
0,44,190,0.0
0,45,190,0.0
0,46,190,1.146
0,47,190,0.0
0,48,190,0.0
0,49,190,0.793
0,50,190,0.0
0,51,190,1.032
0,52,190,1.319
0,53,190,1.872
0,54,190,1.048
0,55,190,0.0
0,56,190,0.0
0,57,190,0.0
0,58,190,0.0
0,59,190,0.0
0,60,190,3.653
0,61,190,0.0
0,62,190,2.491
0,63,190,0.0
0,64,190,0.0
0,65,190,0.0
0,66,190,0.0
0,67,190,0.139
0,68,190,0.0
0,69,190,0.0
0,70,190,0.0
0,71,190,0.0
0,72,190,0.0
0,73,190,1.001
0,74,190,0.0
0,75,190,0.0
0,76,190,0.0
0,77,190,0.0
0,78,190,0.0
0,79,190,6.223
0,80,190,2.62
0,81,190,5.984
0,82,190,0.0
0,83,190,3.694
0,84,190,0.0
0,85,190,0.0
0,86,190,0.0
0,87,190,0.0
0,88,190,7.044
0,89,190,0.0
1,90,190,0.0
1,91,190,0.0
1,92,190,0.132
1,93,190,0.0
1,94,190,0.0
1,95,190,0.0
1,96,190,0.0
1,97,190,0.0
1,98,190,1.023
1,99,190,0.0
1,100,190,0.0
1,101,190,0.0
1,102,190,0.0
1,103,190,0.0
1,104,190,0.0
1,105,190,0.0
1,106,190,0.0
1,107,190,0.0
1,108,190,0.0
1,109,190,0.293
1,110,190,0.0
1,111,190,0.4
1,112,190,0.0
1,113,190,0.0
1,114,190,0.479
1,115,190,0.0
1,116,190,0.0
1,117,190,0.0
1,118,190,0.0
1,119,190,0.0
1,120,190,0.0
1,121,190,0.0
1,122,190,0.0
1,123,190,0.0
1,124,190,0.0
1,125,190,0.0
1,126,190,0.0
1,127,190,0.0
1,128,190,0.0
1,129,190,0.0
1,130,190,0.0
1,131,190,0.0
1,132,190,0.285
1,133,190,0.0
1,134,190,0.0
1,135,190,0.0
1,136,190,0.0
1,137,190,0.556
1,138,190,0.0
1,139,190,2.106
1,140,190,0.0
1,141,190,0.0
1,142,190,0.0
1,143,190,0.0
1,144,190,0.307
1,145,190,0.0
1,146,190,0.0
1,147,190,0.0
1,148,190,0.0
1,149,190,0.0
1,150,190,0.0
1,151,190,0.0
1,152,190,0.0
1,153,190,0.0
1,154,190,1.954
1,155,190,0.0
1,156,190,0.194
1,157,190,0.131
1,158,190,0.0
1,159,190,1.461
1,160,190,0.0
1,161,190,0.0
1,162,190,0.564
1,163,190,0.0
1,164,190,2.257
1,165,190,0.0
1,166,190,0.0
1,167,190,0.0
0,2,191,0.0
0,3,191,0.0
0,4,191,1.112
0,5,191,0.0
0,6,191,3.91
0,7,191,0.0
0,8,191,0.0
0,9,191,0.0
0,10,191,0.0
0,11,191,0.0
0,12,191,0.0
0,13,191,1.043
0,14,191,0.0
0,15,191,6.627
0,16,191,0.0
0,17,191,0.0
0,18,191,0.0
0,19,191,0.0
0,20,191,0.0
0,21,191,0.0
0,22,191,2.58
0,23,191,0.0
0,24,191,0.0
0,25,191,0.0
0,26,191,0.0
0,27,191,0.0
0,28,191,0.0
0,29,191,0.0
0,30,191,2.855
0,31,191,0.105
0,32,191,0.0
0,33,191,0.599
0,34,191,0.0
0,35,191,0.0
0,36,191,3.827
0,37,191,1.613
0,38,191,0.0
0,39,191,0.0
0,40,191,0.0
0,41,191,0.0
0,42,191,0.0
0,43,191,0.0
0,44,191,0.0
0,45,191,0.778
0,46,191,0.084
0,47,191,0.0
0,48,191,0.0
0,49,191,0.0
0,50,191,0.0
0,51,191,3.28
0,52,191,1.96
0,53,191,2.159
0,54,191,2.308
0,55,191,1.993
0,56,191,0.0
0,57,191,0.129
0,58,191,0.0
0,59,191,2.956
0,60,191,3.206
0,61,191,0.0
0,62,191,3.716
0,63,191,0.0
0,64,191,0.0
0,65,191,0.0
0,66,191,0.0
0,67,191,1.562
0,68,191,0.0
0,69,191,0.0
0,70,191,0.284
0,71,191,0.0
0,72,191,0.0
0,73,191,2.52
0,74,191,0.0
0,75,191,0.0
0,76,191,0.0
0,77,191,1.147
0,78,191,0.0
0,79,191,5.985
0,80,191,2.201
0,81,191,5.279
0,82,191,0.0
0,83,191,4.945
0,84,191,0.0
0,85,191,0.0
0,86,191,0.544
0,87,191,0.0
0,88,191,7.626
0,89,191,0.0
1,90,191,0.09
1,91,191,0.0
1,92,191,0.209
1,93,191,0.0
1,94,191,0.0
1,95,191,0.0
1,96,191,0.0
1,97,191,0.0
1,98,191,1.348
1,99,191,0.0
1,100,191,0.0
1,101,191,0.197
1,102,191,0.0
1,103,191,0.0
1,104,191,0.0
1,105,191,3.166
1,106,191,0.0
1,107,191,0.0
1,108,191,0.004
1,109,191,0.256
1,110,191,0.0
1,111,191,1.048
1,112,191,0.0
1,113,191,0.0
1,114,191,0.017
1,115,191,0.197
1,116,191,0.021
1,117,191,0.0
1,118,191,0.217
1,119,191,0.137
1,120,191,0.0
1,121,191,0.0
1,122,191,0.0
1,123,191,0.0
1,124,191,0.0
1,125,191,0.0
1,126,191,0.0
1,127,191,0.099
1,128,191,0.0
1,129,191,0.0
1,130,191,0.0
1,131,191,0.0
1,132,191,0.688
1,133,191,0.0
1,134,191,0.0
1,135,191,0.058
1,136,191,0.0
1,137,191,0.825
1,138,191,0.0
1,139,191,3.148
1,140,191,0.0
1,141,191,0.0
1,142,191,0.0
1,143,191,0.0
1,144,191,0.87
1,145,191,0.0
1,146,191,0.0
1,147,191,0.0
1,148,191,0.0
1,149,191,0.0
1,150,191,1.286
1,151,191,0.0
1,152,191,0.0
1,153,191,0.0
1,154,191,2.004
1,155,191,0.492
1,156,191,0.493
1,157,191,0.0
1,158,191,0.0
1,159,191,0.334
1,160,191,0.0
1,161,191,0.0
1,162,191,0.038
1,163,191,0.185
1,164,191,2.615
1,165,191,0.0
1,166,191,0.0
1,167,191,0.0
0,2,192,0.0
0,3,192,0.0
0,4,192,1.469
0,5,192,0.0
0,6,192,2.505
0,7,192,0.0
0,8,192,0.0
0,9,192,1.309
0,10,192,0.0
0,11,192,1.303
0,12,192,0.0
0,13,192,1.63
0,14,192,0.0
0,15,192,6.716
0,16,192,0.0
0,17,192,0.0
0,18,192,0.0
0,19,192,2.135
0,20,192,0.991
0,21,192,0.0
0,22,192,3.723
0,23,192,0.0
0,24,192,0.0
0,25,192,0.068
0,26,192,0.0
0,27,192,0.0
0,28,192,0.0
0,29,192,0.0
0,30,192,0.0
0,31,192,3.26
0,32,192,0.0
0,33,192,0.0
0,34,192,0.0
0,35,192,0.871
0,36,192,0.0
0,37,192,0.0
0,38,192,0.0
0,39,192,0.0
0,40,192,0.0
0,41,192,0.0
0,42,192,0.0
0,43,192,0.0
0,44,192,0.0
0,45,192,0.0
0,46,192,1.794
0,47,192,0.0
0,48,192,0.0
0,49,192,0.0
0,50,192,0.0
0,51,192,3.06
0,52,192,0.0
0,53,192,2.924
0,54,192,1.003
0,55,192,1.929
0,56,192,0.0
0,57,192,0.339
0,58,192,1.07
0,59,192,3.14
0,60,192,5.037
0,61,192,0.0
0,62,192,4.638
0,63,192,0.0
0,64,192,0.0
0,65,192,0.0
0,66,192,0.624
0,67,192,1.377
0,68,192,0.0
0,69,192,0.0
0,70,192,0.0
0,71,192,0.0
0,72,192,0.934
0,73,192,1.233
0,74,192,0.0
0,75,192,0.0
0,76,192,0.0
0,77,192,0.0
0,78,192,0.0
0,79,192,5.386
0,80,192,3.394
0,81,192,7.055
0,82,192,0.0
0,83,192,2.401
0,84,192,0.0
0,85,192,0.0
0,86,192,0.0
0,87,192,0.0
0,88,192,8.599
0,89,192,0.0
1,90,192,0.0
1,91,192,0.0
1,92,192,0.297
1,93,192,0.0
1,94,192,0.0
1,95,192,0.0
1,96,192,0.0
1,97,192,0.0
1,98,192,1.19
1,99,192,0.0
1,100,192,0.0
1,101,192,0.0
1,102,192,0.0
1,103,192,0.0
1,104,192,0.0
1,105,192,0.0
1,106,192,0.0
1,107,192,0.0
1,108,192,0.0
1,109,192,0.519
1,110,192,0.021
1,111,192,0.761
1,112,192,0.091
1,113,192,0.0
1,114,192,0.618
1,115,192,0.144
1,116,192,0.0
1,117,192,0.0
1,118,192,0.0
1,119,192,0.0
1,120,192,0.0
1,121,192,0.0
1,122,192,0.0
1,123,192,0.0
1,124,192,0.0
1,125,192,0.0
1,126,192,0.0
1,127,192,0.007
1,128,192,0.0
1,129,192,0.0
1,130,192,0.0
1,131,192,0.0
1,132,192,0.253
1,133,192,0.0
1,134,192,0.0
1,135,192,0.08
1,136,192,0.0
1,137,192,1.17
1,138,192,0.0
1,139,192,2.305
1,140,192,0.0
1,141,192,0.0
1,142,192,0.0
1,143,192,0.0
1,144,192,0.453
1,145,192,0.0
1,146,192,0.026
1,147,192,0.0
1,148,192,0.0
1,149,192,0.0
1,150,192,0.46
1,151,192,0.0
1,152,192,0.0
1,153,192,0.0
1,154,192,1.315
1,155,192,0.0
1,156,192,0.256
1,157,192,0.054
1,158,192,0.0
1,159,192,1.62
1,160,192,0.0
1,161,192,0.0
1,162,192,0.02
1,163,192,0.155
1,164,192,1.871
1,165,192,0.0
1,166,192,0.0
1,167,192,0.0
0,2,193,0.0
0,3,193,0.0
0,4,193,0.0
0,5,193,0.0
0,6,193,2.672
0,7,193,0.0
0,8,193,0.0
0,9,193,0.0
0,10,193,0.0
0,11,193,0.0
0,12,193,0.0
0,13,193,2.305
0,14,193,0.521
0,15,193,4.686
0,16,193,0.0
0,17,193,0.0
0,18,193,0.0
0,19,193,1.031
0,20,193,0.0
0,21,193,0.0
0,22,193,3.21
0,23,193,0.0
0,24,193,0.0
0,25,193,0.0
0,26,193,0.0
0,27,193,1.656
0,28,193,0.0
0,29,193,0.0
0,30,193,0.0
0,31,193,2.803
0,32,193,0.0
0,33,193,0.0
0,34,193,0.0
0,35,193,0.0
0,36,193,4.531
0,37,193,1.311
0,38,193,0.0
0,39,193,0.0
0,40,193,0.0
0,41,193,1.499
0,42,193,0.0
0,43,193,0.0
0,44,193,0.0
0,45,193,0.008
0,46,193,0.0
0,47,193,0.0
0,48,193,0.63
0,49,193,0.0
0,50,193,0.0
0,51,193,0.0
0,52,193,0.0
0,53,193,0.0
0,54,193,1.268
0,55,193,0.0
0,56,193,1.162
0,57,193,0.0
0,58,193,0.0
0,59,193,0.0
0,60,193,4.748
0,61,193,0.0
0,62,193,4.175
0,63,193,0.0
0,64,193,0.0
0,65,193,0.0
0,66,193,0.0
0,67,193,0.605
0,68,193,0.0
0,69,193,0.0
0,70,193,1.31
0,71,193,0.0
0,72,193,0.0
0,73,193,0.0
0,74,193,0.0
0,75,193,0.0
0,76,193,0.0
0,77,193,0.0
0,78,193,0.0
0,79,193,6.543
0,80,193,2.037
0,81,193,5.61
0,82,193,0.0
0,83,193,3.507
0,84,193,0.0
0,85,193,0.0
0,86,193,0.0
0,87,193,0.0
0,88,193,8.792
0,89,193,0.0
1,90,193,0.0
1,91,193,0.094
1,92,193,0.225
1,93,193,0.0
1,94,193,0.0
1,95,193,0.06
1,96,193,0.0
1,97,193,0.0
1,98,193,0.38
1,99,193,0.0
1,100,193,0.0
1,101,193,0.0
1,102,193,0.0
1,103,193,0.0
1,104,193,0.0
1,105,193,0.0
1,106,193,0.0
1,107,193,0.0
1,108,193,0.025
1,109,193,0.214
1,110,193,0.0
1,111,193,0.704
1,112,193,0.0
1,113,193,0.0
1,114,193,0.19
1,115,193,0.0
1,116,193,0.0
1,117,193,0.0
1,118,193,0.248
1,119,193,0.0
1,120,193,0.095
1,121,193,0.211
1,122,193,0.0
1,123,193,0.0
1,124,193,0.022
1,125,193,0.0
1,126,193,0.0
1,127,193,0.62
1,128,193,0.0
1,129,193,0.0
1,130,193,0.332
1,131,193,0.0
1,132,193,0.533
1,133,193,0.0
1,134,193,0.0
1,135,193,0.096
1,136,193,0.0
1,137,193,0.526
1,138,193,0.0
1,139,193,4.548
1,140,193,0.028
1,141,193,0.0
1,142,193,0.003
1,143,193,0.0
1,144,193,0.018
1,145,193,0.0
1,146,193,1.036
1,147,193,0.0
1,148,193,0.0
1,149,193,0.0
1,150,193,0.888
1,151,193,0.0
1,152,193,0.0
1,153,193,0.0
1,154,193,2.39
1,155,193,0.183
1,156,193,0.226
1,157,193,0.0
1,158,193,0.0
1,159,193,0.857
1,160,193,0.0
1,161,193,0.0
1,162,193,0.038
1,163,193,0.0
1,164,193,1.543
1,165,193,0.0
1,166,193,0.565
1,167,193,0.0
0,2,194,0.0
0,3,194,0.0
0,4,194,3.166
0,5,194,0.0
0,6,194,2.741
0,7,194,0.0
0,8,194,0.0
0,9,194,0.0
0,10,194,0.0
0,11,194,0.0
0,12,194,0.0
0,13,194,2.732
0,14,194,0.0
0,15,194,6.273
0,16,194,0.0
0,17,194,0.0
0,18,194,0.162
0,19,194,1.336
0,20,194,0.281
0,21,194,0.0
0,22,194,3.755
0,23,194,0.0
0,24,194,0.0
0,25,194,0.0
0,26,194,0.0
0,27,194,0.538
0,28,194,0.0
0,29,194,0.0
0,30,194,1.29
0,31,194,3.33
0,32,194,0.261
0,33,194,0.0
0,34,194,0.0
0,35,194,2.093
0,36,194,4.808
0,37,194,1.576
0,38,194,0.0
0,39,194,0.0
0,40,194,1.661
0,41,194,3.229
0,42,194,1.787
0,43,194,0.0
0,44,194,0.0
0,45,194,0.0
0,46,194,3.012
0,47,194,0.413
0,48,194,0.0
0,49,194,0.0
0,50,194,0.0
0,51,194,0.0
0,52,194,0.0
0,53,194,0.0
0,54,194,0.835
0,55,194,1.006
0,56,194,0.0
0,57,194,1.313
0,58,194,0.0
0,59,194,2.38
0,60,194,5.388
0,61,194,0.0
0,62,194,4.758
0,63,194,0.0
0,64,194,0.0
0,65,194,0.0
0,66,194,1.425
0,67,194,0.467
0,68,194,0.0
0,69,194,0.0
0,70,194,1.159
0,71,194,0.0
0,72,194,0.0
0,73,194,0.615
0,74,194,1.153
0,75,194,0.0
0,76,194,0.0
0,77,194,1.777
0,78,194,0.0
0,79,194,5.689
0,80,194,2.199
0,81,194,7.042
0,82,194,0.0
0,83,194,3.766
0,84,194,3.32
0,85,194,0.0
0,86,194,0.0
0,87,194,0.0
0,88,194,8.894
0,89,194,0.0
1,90,194,0.067
1,91,194,0.0
1,92,194,0.343
1,93,194,0.0
1,94,194,0.0
1,95,194,0.13
1,96,194,0.0
1,97,194,0.0
1,98,194,0.613
1,99,194,0.0
1,100,194,0.0
1,101,194,0.0
1,102,194,0.0
1,103,194,0.0
1,104,194,0.0
1,105,194,0.0
1,106,194,0.0
1,107,194,0.0
1,108,194,0.0
1,109,194,1.173
1,110,194,0.0
1,111,194,0.47
1,112,194,0.0
1,113,194,0.0
1,114,194,0.232
1,115,194,0.249
1,116,194,0.0
1,117,194,0.0
1,118,194,0.0
1,119,194,0.29
1,120,194,0.0
1,121,194,0.0
1,122,194,0.0
1,123,194,0.0
1,124,194,0.0
1,125,194,0.0
1,126,194,0.0
1,127,194,0.0
1,128,194,0.0
1,129,194,0.0
1,130,194,0.254
1,131,194,0.0
1,132,194,0.374
1,133,194,0.0
1,134,194,0.0
1,135,194,0.0
1,136,194,0.0
1,137,194,0.0
1,138,194,0.0
1,139,194,1.568
1,140,194,0.0
1,141,194,0.0
1,142,194,0.007
1,143,194,0.0
1,144,194,0.0
1,145,194,0.0
1,146,194,0.0
1,147,194,0.0
1,148,194,0.0
1,149,194,0.0
1,150,194,0.616
1,151,194,0.0
1,152,194,0.0
1,153,194,0.0
1,154,194,1.124
1,155,194,0.0
1,156,194,0.304
1,157,194,0.0
1,158,194,0.0
1,159,194,0.379
1,160,194,0.0
1,161,194,0.0
1,162,194,0.0
1,163,194,0.0
1,164,194,1.479
1,165,194,0.0
1,166,194,0.0
1,167,194,0.0
0,2,195,0.0
0,3,195,0.0
0,4,195,0.674
0,5,195,0.0
0,6,195,1.878
0,7,195,0.0
0,8,195,0.0
0,9,195,0.0
0,10,195,0.0
0,11,195,0.312
0,12,195,0.0
0,13,195,0.183
0,14,195,0.0
0,15,195,6.364
0,16,195,0.0
0,17,195,0.0
0,18,195,0.0
0,19,195,0.797
0,20,195,0.0
0,21,195,0.0
0,22,195,2.881
0,23,195,0.0
0,24,195,0.0
0,25,195,0.0
0,26,195,0.0
0,27,195,0.282
0,28,195,0.0
0,29,195,0.0
0,30,195,0.0
0,31,195,3.741
0,32,195,0.0
0,33,195,0.0
0,34,195,0.0
0,35,195,0.0
0,36,195,3.246
0,37,195,2.483
0,38,195,0.0
0,39,195,0.0
0,40,195,0.0
0,41,195,2.05
0,42,195,0.0
0,43,195,0.0
0,44,195,0.0
0,45,195,0.0
0,46,195,0.0
0,47,195,0.0
0,48,195,0.373
0,49,195,0.0
0,50,195,0.0
0,51,195,1.725
0,52,195,0.0
0,53,195,2.125
0,54,195,0.0
0,55,195,2.846
0,56,195,0.0
0,57,195,0.0
0,58,195,0.0
0,59,195,0.166
0,60,195,4.367
0,61,195,0.0
0,62,195,3.735
0,63,195,0.0
0,64,195,0.0
0,65,195,0.0
0,66,195,0.0
0,67,195,0.777
0,68,195,0.0
0,69,195,0.0
0,70,195,0.0
0,71,195,0.0
0,72,195,0.0
0,73,195,0.0
0,74,195,0.0
0,75,195,0.0
0,76,195,0.0
0,77,195,0.0
0,78,195,0.0
0,79,195,5.88
0,80,195,3.303
0,81,195,6.955
0,82,195,0.0
0,83,195,3.439
0,84,195,0.0
0,85,195,0.0
0,86,195,0.0
0,87,195,0.0
0,88,195,8.075
0,89,195,0.0
1,90,195,0.0
1,91,195,0.0
1,92,195,0.323
1,93,195,0.0
1,94,195,0.0
1,95,195,0.0
1,96,195,0.0
1,97,195,0.0
1,98,195,1.309
1,99,195,0.0
1,100,195,0.0
1,101,195,0.0
1,102,195,0.0
1,103,195,0.0
1,104,195,0.0
1,105,195,0.0
1,106,195,0.0
1,107,195,0.0
1,108,195,0.008
1,109,195,0.249
1,110,195,0.0
1,111,195,0.892
1,112,195,0.0
1,113,195,0.0
1,114,195,0.382
1,115,195,0.249
1,116,195,0.0
1,117,195,0.089
1,118,195,0.282
1,119,195,0.232
1,120,195,0.174
1,121,195,0.112
1,122,195,0.0
1,123,195,0.0
1,124,195,0.0
1,125,195,0.0
1,126,195,0.0
1,127,195,0.136
1,128,195,0.0
1,129,195,0.0
1,130,195,0.006
1,131,195,0.0
1,132,195,0.77
1,133,195,0.0
1,134,195,0.215
1,135,195,0.035
1,136,195,0.0
1,137,195,1.145
1,138,195,0.0
1,139,195,1.201
1,140,195,0.0
1,141,195,0.0
1,142,195,0.138
1,143,195,0.0
1,144,195,0.495
1,145,195,0.0
1,146,195,0.998
1,147,195,0.043
1,148,195,0.0
1,149,195,0.0
1,150,195,0.597
1,151,195,0.0
1,152,195,0.0
1,153,195,0.0
1,154,195,1.421
1,155,195,0.0
1,156,195,0.549
1,157,195,0.0
1,158,195,0.0
1,159,195,0.644
1,160,195,0.0
1,161,195,0.0
1,162,195,0.0
1,163,195,0.069
1,164,195,1.414
1,165,195,0.0
1,166,195,0.405
1,167,195,0.0
0,2,196,0.0
0,3,196,0.0
0,4,196,3.358
0,5,196,0.0
0,6,196,2.657
0,7,196,0.669
0,8,196,0.0
0,9,196,0.0
0,10,196,0.0
0,11,196,1.712
0,12,196,0.0
0,13,196,2.765
0,14,196,0.0
0,15,196,6.994
0,16,196,1.988
0,17,196,0.0
0,18,196,0.0
0,19,196,2.31
0,20,196,0.287
0,21,196,0.0
0,22,196,2.878
0,23,196,0.0
0,24,196,0.0
0,25,196,0.0
0,26,196,0.0
0,27,196,0.826
0,28,196,0.0
0,29,196,0.0
0,30,196,1.047
0,31,196,4.698
0,32,196,0.0
0,33,196,0.147
0,34,196,0.0
0,35,196,0.0
0,36,196,3.129
0,37,196,1.958
0,38,196,0.0
0,39,196,0.0
0,40,196,0.0
0,41,196,0.0
0,42,196,0.0
0,43,196,0.0
0,44,196,0.0
0,45,196,0.0
0,46,196,2.076
0,47,196,0.0
0,48,196,0.0
0,49,196,1.506
0,50,196,0.0
0,51,196,3.841
0,52,196,0.0
0,53,196,2.699
0,54,196,0.869
0,55,196,1.475
0,56,196,0.48
0,57,196,0.095
0,58,196,0.0
0,59,196,1.721
0,60,196,4.556
0,61,196,0.0
0,62,196,3.25
0,63,196,0.0
0,64,196,0.0
0,65,196,0.0
0,66,196,0.0
0,67,196,1.165
0,68,196,0.0
0,69,196,0.0
0,70,196,1.512
0,71,196,0.0
0,72,196,0.0
0,73,196,1.489
0,74,196,0.468
0,75,196,0.0
0,76,196,0.0
0,77,196,0.098
0,78,196,0.0
0,79,196,6.014
0,80,196,2.452
0,81,196,7.135
0,82,196,0.0
0,83,196,3.554
0,84,196,3.508
0,85,196,0.0
0,86,196,0.0
0,87,196,0.0
0,88,196,8.53
0,89,196,0.0
1,90,196,0.149
1,91,196,0.0
1,92,196,0.439
1,93,196,0.0
1,94,196,0.0
1,95,196,1.41
1,96,196,0.0
1,97,196,0.0
1,98,196,1.516
1,99,196,0.0
1,100,196,0.0
1,101,196,0.0
1,102,196,0.0
1,103,196,0.0
1,104,196,0.0
1,105,196,0.0
1,106,196,0.0
1,107,196,0.0
1,108,196,0.0
1,109,196,1.369
1,110,196,0.085
1,111,196,1.448
1,112,196,0.0
1,113,196,0.0
1,114,196,0.784
1,115,196,0.084
1,116,196,0.012
1,117,196,0.082
1,118,196,0.565
1,119,196,0.448
1,120,196,0.0
1,121,196,0.033
1,122,196,0.0
1,123,196,0.0
1,124,196,0.018
1,125,196,0.0
1,126,196,0.0
1,127,196,0.613
1,128,196,0.0
1,129,196,0.0
1,130,196,0.527
1,131,196,0.0
1,132,196,0.888
1,133,196,0.0
1,134,196,0.268
1,135,196,0.073
1,136,196,0.208
1,137,196,0.722
1,138,196,0.0
1,139,196,3.227
1,140,196,0.0
1,141,196,0.0
1,142,196,0.0
1,143,196,0.007
1,144,196,0.445
1,145,196,0.0
1,146,196,2.011
1,147,196,0.0
1,148,196,0.0
1,149,196,0.0
1,150,196,0.688
1,151,196,0.0
1,152,196,0.0
1,153,196,0.0
1,154,196,2.35
1,155,196,0.0
1,156,196,0.258
1,157,196,0.113
1,158,196,0.0
1,159,196,1.595
1,160,196,0.146
1,161,196,0.0
1,162,196,0.0
1,163,196,0.007
1,164,196,2.695
1,165,196,0.0
1,166,196,0.0
1,167,196,0.0
0,2,197,0.0
0,3,197,0.0
0,4,197,3.391
0,5,197,0.0
0,6,197,2.487
0,7,197,0.0
0,8,197,0.0
0,9,197,0.0
0,10,197,0.0
0,11,197,0.497
0,12,197,0.0
0,13,197,3.157
0,14,197,0.0
0,15,197,6.092
0,16,197,3.157
0,17,197,0.468
0,18,197,0.0
0,19,197,1.439
0,20,197,1.445
0,21,197,0.0
0,22,197,5.218
0,23,197,0.0
0,24,197,0.0
0,25,197,1.369
0,26,197,0.0
0,27,197,0.0
0,28,197,0.0
0,29,197,0.0
0,30,197,0.0
0,31,197,3.834
0,32,197,0.0
0,33,197,0.0
0,34,197,0.0
0,35,197,2.973
0,36,197,2.617
0,37,197,2.586
0,38,197,0.0
0,39,197,0.0
0,40,197,0.0
0,41,197,1.667
0,42,197,1.499
0,43,197,0.0
0,44,197,0.0
0,45,197,0.0
0,46,197,4.364
0,47,197,0.0
0,48,197,0.0
0,49,197,0.0
0,50,197,0.0
0,51,197,2.859
0,52,197,0.0
0,53,197,2.335
0,54,197,3.182
0,55,197,2.454
0,56,197,1.067
0,57,197,0.0
0,58,197,0.0
0,59,197,3.323
0,60,197,5.202
0,61,197,0.0
0,62,197,4.323
0,63,197,0.0
0,64,197,0.0
0,65,197,0.0
0,66,197,0.0
0,67,197,0.335
0,68,197,0.0
0,69,197,0.0
0,70,197,2.957
0,71,197,0.0
0,72,197,0.0
0,73,197,2.939
0,74,197,1.51
0,75,197,0.0
0,76,197,0.0
0,77,197,0.0
0,78,197,0.0
0,79,197,6.588
0,80,197,3.816
0,81,197,7.446
0,82,197,0.0
0,83,197,4.975
0,84,197,3.346
0,85,197,0.0
0,86,197,0.0
0,87,197,0.0
0,88,197,8.679
0,89,197,0.0
1,90,197,0.0
1,91,197,0.06
1,92,197,0.276
1,93,197,0.0
1,94,197,0.0
1,95,197,0.0
1,96,197,0.0
1,97,197,0.0
1,98,197,1.075
1,99,197,0.0
1,100,197,0.0
1,101,197,0.0
1,102,197,0.0
1,103,197,0.0
1,104,197,0.0
1,105,197,0.024
1,106,197,0.0
1,107,197,0.0
1,108,197,0.0
1,109,197,0.353
1,110,197,0.0
1,111,197,1.282
1,112,197,0.0
1,113,197,0.0
1,114,197,0.377
1,115,197,0.0
1,116,197,0.0
1,117,197,0.0
1,118,197,0.491
1,119,197,0.0
1,120,197,0.0
1,121,197,0.219
1,122,197,0.0
1,123,197,0.0
1,124,197,0.0
1,125,197,0.0
1,126,197,0.0
1,127,197,0.109
1,128,197,0.0
1,129,197,0.0
1,130,197,0.945
1,131,197,0.0
1,132,197,0.349
1,133,197,0.0
1,134,197,0.018
1,135,197,0.0
1,136,197,0.0
1,137,197,0.0
1,138,197,0.0
1,139,197,3.309
1,140,197,0.0
1,141,197,0.0
1,142,197,0.0
1,143,197,0.0
1,144,197,0.103
1,145,197,0.0
1,146,197,0.323
1,147,197,0.0
1,148,197,0.0
1,149,197,0.0
1,150,197,1.031
1,151,197,0.0
1,152,197,0.0
1,153,197,0.0
1,154,197,2.141
1,155,197,0.0
1,156,197,0.158
1,157,197,0.0
1,158,197,0.0
1,159,197,0.451
1,160,197,0.014
1,161,197,0.0
1,162,197,0.0
1,163,197,0.0
1,164,197,2.077
1,165,197,0.0
1,166,197,0.526
1,167,197,0.0
0,2,198,0.0
0,3,198,0.903
0,4,198,0.0
0,5,198,0.0
0,6,198,1.645
0,7,198,0.0
0,8,198,0.0
0,9,198,1.243
0,10,198,0.0
0,11,198,0.0
0,12,198,0.0
0,13,198,2.88
0,14,198,0.0
0,15,198,5.816
0,16,198,3.69
0,17,198,0.0
0,18,198,0.0
0,19,198,0.583
0,20,198,2.175
0,21,198,0.0
0,22,198,2.488
0,23,198,0.0
0,24,198,0.0
0,25,198,0.0
0,26,198,0.0
0,27,198,0.853
0,28,198,0.0
0,29,198,0.0
0,30,198,0.0
0,31,198,3.228
0,32,198,0.0
0,33,198,0.0
0,34,198,0.0
0,35,198,0.034
0,36,198,5.484
0,37,198,1.765
0,38,198,0.0
0,39,198,0.0
0,40,198,0.0
0,41,198,2.319
0,42,198,0.0
0,43,198,0.0
0,44,198,0.0
0,45,198,0.0
0,46,198,2.194
0,47,198,0.0
0,48,198,0.0
0,49,198,0.0
0,50,198,0.0
0,51,198,1.14
0,52,198,0.0
0,53,198,1.836
0,54,198,2.022
0,55,198,1.349
0,56,198,0.0
0,57,198,1.531
0,58,198,0.0
0,59,198,1.805
0,60,198,2.701
0,61,198,0.0
0,62,198,2.159
0,63,198,0.0
0,64,198,0.0
0,65,198,0.0
0,66,198,0.0
0,67,198,0.0
0,68,198,0.0
0,69,198,0.0
0,70,198,1.15
0,71,198,0.0
0,72,198,0.0
0,73,198,1.569
0,74,198,1.547
0,75,198,0.0
0,76,198,0.0
0,77,198,0.928
0,78,198,0.0
0,79,198,5.856
0,80,198,1.891
0,81,198,6.389
0,82,198,0.0
0,83,198,4.166
0,84,198,1.699
0,85,198,0.0
0,86,198,0.0
0,87,198,0.0
0,88,198,8.281
0,89,198,0.0
1,90,198,0.0
1,91,198,0.0
1,92,198,0.175
1,93,198,0.0
1,94,198,0.0
1,95,198,0.0
1,96,198,0.0
1,97,198,0.0
1,98,198,0.798
1,99,198,0.0
1,100,198,0.0
1,101,198,0.0
1,102,198,0.0
1,103,198,0.0
1,104,198,0.0
1,105,198,0.0
1,106,198,0.0
1,107,198,0.0
1,108,198,0.0
1,109,198,0.0
1,110,198,0.0
1,111,198,0.21
1,112,198,0.0
1,113,198,0.0
1,114,198,0.442
1,115,198,0.0
1,116,198,0.0
1,117,198,0.0
1,118,198,0.231
1,119,198,0.0
1,120,198,0.0
1,121,198,0.74
1,122,198,0.0
1,123,198,0.0
1,124,198,0.0
1,125,198,0.0
1,126,198,0.0
1,127,198,0.0
1,128,198,0.0
1,129,198,0.0
1,130,198,0.0
1,131,198,0.0
1,132,198,0.005
1,133,198,0.0
1,134,198,0.02
1,135,198,0.0
1,136,198,0.0
1,137,198,0.132
1,138,198,0.0
1,139,198,2.009
1,140,198,0.0
1,141,198,0.0
1,142,198,0.0
1,143,198,0.0
1,144,198,0.0
1,145,198,0.0
1,146,198,0.0
1,147,198,0.0
1,148,198,0.0
1,149,198,0.0
1,150,198,0.476
1,151,198,0.0
1,152,198,0.0
1,153,198,0.0
1,154,198,1.456
1,155,198,0.0
1,156,198,0.076
1,157,198,0.0
1,158,198,0.0
1,159,198,0.728
1,160,198,0.0
1,161,198,0.0
1,162,198,0.0
1,163,198,0.0
1,164,198,1.902
1,165,198,0.0
1,166,198,1.416
1,167,198,0.0
0,2,199,0.0
0,3,199,0.0
0,4,199,1.299
0,5,199,0.0
0,6,199,2.417
0,7,199,0.0
0,8,199,0.0
0,9,199,0.0
0,10,199,0.0
0,11,199,0.0
0,12,199,0.0
0,13,199,2.06
0,14,199,1.584
0,15,199,6.754
0,16,199,0.0
0,17,199,0.0
0,18,199,0.0
0,19,199,0.0
0,20,199,0.0
0,21,199,0.0
0,22,199,3.046
0,23,199,0.0
0,24,199,0.0
0,25,199,0.0
0,26,199,0.0
0,27,199,0.0
0,28,199,0.0
0,29,199,0.0
0,30,199,0.443
0,31,199,0.0
0,32,199,0.0
0,33,199,0.683
0,34,199,0.0
0,35,199,0.0
0,36,199,1.799
0,37,199,1.537
0,38,199,0.0
0,39,199,0.0
0,40,199,0.0
0,41,199,2.342
0,42,199,0.0
0,43,199,0.0
0,44,199,0.0
0,45,199,0.0
0,46,199,0.0
0,47,199,0.0
0,48,199,0.238
0,49,199,0.41
0,50,199,0.0
0,51,199,0.0
0,52,199,0.0
0,53,199,0.0
0,54,199,0.0
0,55,199,1.242
0,56,199,0.0
0,57,199,0.113
0,58,199,0.124
0,59,199,0.0
0,60,199,4.214
0,61,199,0.0
0,62,199,2.225
0,63,199,0.0
0,64,199,0.0
0,65,199,0.0
0,66,199,0.0
0,67,199,0.0
0,68,199,0.0
0,69,199,0.0
0,70,199,0.51
0,71,199,0.0
0,72,199,0.287
0,73,199,1.655
0,74,199,0.0
0,75,199,0.0
0,76,199,0.0
0,77,199,0.0
0,78,199,0.0
0,79,199,5.78
0,80,199,2.875
0,81,199,7.174
0,82,199,0.0
0,83,199,4.292
0,84,199,0.763
0,85,199,0.0
0,86,199,0.0
0,87,199,0.0
0,88,199,8.034
0,89,199,0.0
1,90,199,0.0
1,91,199,0.0
1,92,199,0.0
1,93,199,0.0
1,94,199,0.0
1,95,199,0.0
1,96,199,0.0
1,97,199,0.0
1,98,199,0.958
1,99,199,0.0
1,100,199,0.0
1,101,199,0.0
1,102,199,0.0
1,103,199,0.0
1,104,199,0.0
1,105,199,0.809
1,106,199,0.0
1,107,199,0.0
1,108,199,0.0
1,109,199,0.702
1,110,199,0.0
1,111,199,0.693
1,112,199,0.0
1,113,199,0.0
1,114,199,0.234
1,115,199,0.0
1,116,199,0.0
1,117,199,0.0
1,118,199,0.0
1,119,199,0.0
1,120,199,0.0
1,121,199,0.0
1,122,199,0.0
1,123,199,0.0
1,124,199,0.0
1,125,199,0.0
1,126,199,0.0
1,127,199,0.0
1,128,199,0.0
1,129,199,0.0
1,130,199,0.0
1,131,199,0.0
1,132,199,0.082
1,133,199,0.0
1,134,199,0.121
1,135,199,0.0
1,136,199,0.0
1,137,199,0.335
1,138,199,0.0
1,139,199,1.969
1,140,199,0.0
1,141,199,0.0
1,142,199,0.0
1,143,199,0.445
1,144,199,0.084
1,145,199,0.0
1,146,199,0.108
1,147,199,0.0
1,148,199,0.0
1,149,199,0.0
1,150,199,0.676
1,151,199,0.0
1,152,199,0.0
1,153,199,0.0
1,154,199,2.138
1,155,199,0.0
1,156,199,0.0
1,157,199,0.0
1,158,199,0.0
1,159,199,1.998
1,160,199,0.0
1,161,199,0.0
1,162,199,0.0
1,163,199,0.0
1,164,199,0.902
1,165,199,0.0
1,166,199,0.0
1,167,199,0.0
0,2,200,0.0
0,3,200,0.0
0,4,200,1.829
0,5,200,0.0
0,6,200,1.865
0,7,200,0.0
0,8,200,0.521
0,9,200,0.0
0,10,200,0.0
0,11,200,0.0
0,12,200,0.0
0,13,200,1.131
0,14,200,0.0
0,15,200,5.363
0,16,200,0.0
0,17,200,0.0
0,18,200,0.0
0,19,200,0.534
0,20,200,0.287
0,21,200,0.0
0,22,200,1.992
0,23,200,0.0
0,24,200,0.0
0,25,200,0.0
0,26,200,0.0
0,27,200,0.0
0,28,200,0.0
0,29,200,0.0
0,30,200,0.0
0,31,200,3.268
0,32,200,0.0
0,33,200,0.0
0,34,200,0.0
0,35,200,0.0
0,36,200,2.946
0,37,200,1.667
0,38,200,0.0
0,39,200,0.0
0,40,200,0.0
0,41,200,0.0
0,42,200,0.0
0,43,200,0.0
0,44,200,0.0
0,45,200,0.0
0,46,200,2.919
0,47,200,0.0
0,48,200,0.0
0,49,200,0.0
0,50,200,0.0
0,51,200,0.0
0,52,200,0.0
0,53,200,1.213
0,54,200,0.0
0,55,200,0.0
0,56,200,0.0
0,57,200,0.0
0,58,200,0.0
0,59,200,1.433
0,60,200,3.525
0,61,200,0.0
0,62,200,4.007
0,63,200,0.0
0,64,200,0.0
0,65,200,0.44
0,66,200,0.0
0,67,200,2.257
0,68,200,0.0
0,69,200,0.0
0,70,200,0.587
0,71,200,0.0
0,72,200,0.0
0,73,200,0.823
0,74,200,0.314
0,75,200,0.0
0,76,200,0.0
0,77,200,0.0
0,78,200,0.0
0,79,200,5.639
0,80,200,1.565
0,81,200,6.192
0,82,200,0.0
0,83,200,0.144
0,84,200,0.0
0,85,200,0.0
0,86,200,0.0
0,87,200,0.0
0,88,200,7.629
0,89,200,0.0
1,90,200,0.0
1,91,200,0.0
1,92,200,0.0
1,93,200,0.0
1,94,200,0.0
1,95,200,0.0
1,96,200,0.0
1,97,200,0.0
1,98,200,0.51
1,99,200,0.0
1,100,200,0.0
1,101,200,0.0
1,102,200,0.0
1,103,200,0.0
1,104,200,0.0
1,105,200,0.0
1,106,200,0.0
1,107,200,0.0
1,108,200,0.0
1,109,200,0.311
1,110,200,0.0
1,111,200,0.5
1,112,200,0.0
1,113,200,0.0
1,114,200,0.0
1,115,200,0.0
1,116,200,0.0
1,117,200,0.0
1,118,200,0.061
1,119,200,0.0
1,120,200,0.0
1,121,200,0.0
1,122,200,0.0
1,123,200,0.0
1,124,200,0.0
1,125,200,0.0
1,126,200,0.0
1,127,200,0.0
1,128,200,0.0
1,129,200,0.0
1,130,200,0.0
1,131,200,0.0
1,132,200,0.01
1,133,200,0.0
1,134,200,0.0
1,135,200,0.0
1,136,200,0.0
1,137,200,0.053
1,138,200,0.0
1,139,200,1.07
1,140,200,0.0
1,141,200,0.0
1,142,200,0.0
1,143,200,0.0
1,144,200,0.0
1,145,200,0.0
1,146,200,0.0
1,147,200,0.0
1,148,200,0.0
1,149,200,0.0
1,150,200,0.0
1,151,200,0.0
1,152,200,0.0
1,153,200,0.0
1,154,200,0.973
1,155,200,0.0
1,156,200,0.0
1,157,200,0.0
1,158,200,0.0
1,159,200,0.0
1,160,200,0.0
1,161,200,0.0
1,162,200,0.0
1,163,200,0.0
1,164,200,1.263
1,165,200,0.0
1,166,200,0.0
1,167,200,0.0
0,2,201,0.0
0,3,201,0.0
0,4,201,2.655
0,5,201,0.0
0,6,201,0.0
0,7,201,0.0
0,8,201,0.0
0,9,201,0.0
0,10,201,0.0
0,11,201,0.0
0,12,201,0.0
0,13,201,2.777
0,14,201,0.0
0,15,201,3.318
0,16,201,0.0
0,17,201,0.0
0,18,201,0.0
0,19,201,0.832
0,20,201,0.0
0,21,201,0.0
0,22,201,3.618
0,23,201,0.0
0,24,201,0.0
0,25,201,0.0
0,26,201,0.0
0,27,201,0.0
0,28,201,0.0
0,29,201,0.0
0,30,201,1.682
0,31,201,2.397
0,32,201,0.0
0,33,201,0.0
0,34,201,0.0
0,35,201,0.0
0,36,201,3.724
0,37,201,2.91
0,38,201,0.0
0,39,201,0.0
0,40,201,0.0
0,41,201,0.0
0,42,201,0.0
0,43,201,0.0
0,44,201,0.0
0,45,201,0.0
0,46,201,1.864
0,47,201,0.0
0,48,201,0.758
0,49,201,0.0
0,50,201,0.818
0,51,201,1.742
0,52,201,0.225
0,53,201,2.801
0,54,201,0.0
0,55,201,3.139
0,56,201,0.0
0,57,201,0.0
0,58,201,0.0
0,59,201,2.466
0,60,201,4.33
0,61,201,0.0
0,62,201,3.78
0,63,201,0.0
0,64,201,0.0
0,65,201,0.0
0,66,201,0.0
0,67,201,0.326
0,68,201,0.0
0,69,201,0.0
0,70,201,0.0
0,71,201,0.0
0,72,201,0.0
0,73,201,1.216
0,74,201,0.0
0,75,201,0.0
0,76,201,0.0
0,77,201,0.0
0,78,201,0.0
0,79,201,4.793
0,80,201,1.582
0,81,201,3.543
0,82,201,0.0
0,83,201,2.293
0,84,201,0.0
0,85,201,0.0
0,86,201,0.0
0,87,201,0.0
0,88,201,7.521
0,89,201,0.0
1,90,201,0.0
1,91,201,0.0
1,92,201,0.073
1,93,201,0.0
1,94,201,0.0
1,95,201,0.0
1,96,201,0.0
1,97,201,0.0
1,98,201,0.748
1,99,201,0.0
1,100,201,0.0
1,101,201,0.0
1,102,201,0.0
1,103,201,0.0
1,104,201,0.0
1,105,201,0.0
1,106,201,0.0
1,107,201,0.0
1,108,201,0.0
1,109,201,0.0
1,110,201,0.0
1,111,201,0.0
1,112,201,0.0
1,113,201,0.0
1,114,201,0.043
1,115,201,0.0
1,116,201,0.0
1,117,201,0.0
1,118,201,0.257
1,119,201,0.006
1,120,201,0.0
1,121,201,0.0
1,122,201,0.0
1,123,201,0.0
1,124,201,0.0
1,125,201,0.0
1,126,201,0.0
1,127,201,0.0
1,128,201,0.0
1,129,201,0.0
1,130,201,0.0
1,131,201,0.0
1,132,201,0.202
1,133,201,0.0
1,134,201,0.176
1,135,201,0.0
1,136,201,0.0
1,137,201,0.0
1,138,201,0.0
1,139,201,2.041
1,140,201,0.0
1,141,201,0.0
1,142,201,0.0
1,143,201,0.657
1,144,201,0.0
1,145,201,0.0
1,146,201,0.0
1,147,201,0.0
1,148,201,0.843
1,149,201,0.0
1,150,201,0.0
1,151,201,0.0
1,152,201,0.0
1,153,201,0.0
1,154,201,0.907
1,155,201,0.0
1,156,201,0.0
1,157,201,0.0
1,158,201,0.0
1,159,201,1.294
1,160,201,0.0
1,161,201,0.0
1,162,201,0.0
1,163,201,0.0
1,164,201,1.206
1,165,201,0.0
1,166,201,0.0
1,167,201,0.0
0,2,202,0.0
0,3,202,0.0
0,4,202,2.407
0,5,202,0.0
0,6,202,1.697
0,7,202,0.0
0,8,202,0.0
0,9,202,0.0
0,10,202,0.0
0,11,202,0.213
0,12,202,0.0
0,13,202,1.977
0,14,202,0.211
0,15,202,7.675
0,16,202,4.598
0,17,202,0.0
0,18,202,0.0
0,19,202,1.944
0,20,202,1.134
0,21,202,0.0
0,22,202,3.62
0,23,202,0.0
0,24,202,0.0
0,25,202,0.0
0,26,202,0.0
0,27,202,0.913
0,28,202,0.0
0,29,202,0.0
0,30,202,0.0
0,31,202,4.068
0,32,202,0.0
0,33,202,0.0
0,34,202,0.0
0,35,202,0.0
0,36,202,2.928
0,37,202,3.251
0,38,202,1.112
0,39,202,0.0
0,40,202,0.0
0,41,202,1.876
0,42,202,0.0
0,43,202,0.0
0,44,202,0.0
0,45,202,1.377
0,46,202,2.018
0,47,202,0.0
0,48,202,0.0
0,49,202,0.0
0,50,202,0.0
0,51,202,2.733
0,52,202,0.0
0,53,202,2.197
0,54,202,1.773
0,55,202,2.412
0,56,202,0.197
0,57,202,0.702
0,58,202,0.058
0,59,202,2.588
0,60,202,4.085
0,61,202,0.0
0,62,202,4.65
0,63,202,0.0
0,64,202,0.0
0,65,202,0.0
0,66,202,0.0
0,67,202,1.036
0,68,202,0.0
0,69,202,0.0
0,70,202,1.167
0,71,202,0.0
0,72,202,0.0
0,73,202,0.0
0,74,202,2.037
0,75,202,0.0
0,76,202,0.0
0,77,202,1.17
0,78,202,0.0
0,79,202,6.893
0,80,202,3.652
0,81,202,6.335
0,82,202,0.0
0,83,202,1.803
0,84,202,1.336
0,85,202,0.0
0,86,202,0.0
0,87,202,0.0
0,88,202,9.257
0,89,202,0.0
1,90,202,0.166
1,91,202,0.0
1,92,202,0.511
1,93,202,0.0
1,94,202,0.0
1,95,202,0.089
1,96,202,0.0
1,97,202,0.0
1,98,202,1.168
1,99,202,0.0
1,100,202,0.0
1,101,202,0.0
1,102,202,0.0
1,103,202,0.0
1,104,202,0.0
1,105,202,0.0
1,106,202,0.085
1,107,202,0.0
1,108,202,0.125
1,109,202,0.459
1,110,202,0.0
1,111,202,0.188
1,112,202,0.0
1,113,202,0.0
1,114,202,1.89
1,115,202,0.087
1,116,202,0.0
1,117,202,0.0
1,118,202,0.016
1,119,202,0.033
1,120,202,0.267
1,121,202,0.0
1,122,202,0.11
1,123,202,0.0
1,124,202,0.0
1,125,202,0.0
1,126,202,0.0
1,127,202,0.026
1,128,202,0.0
1,129,202,0.0
1,130,202,0.0
1,131,202,0.0
1,132,202,0.348
1,133,202,0.0
1,134,202,0.133
1,135,202,0.099
1,136,202,0.0
1,137,202,1.173
1,138,202,0.0
1,139,202,3.474
1,140,202,0.184
1,141,202,0.0
1,142,202,0.0
1,143,202,0.0
1,144,202,0.638
1,145,202,0.0
1,146,202,0.669
1,147,202,0.0
1,148,202,0.0
1,149,202,0.0
1,150,202,1.215
1,151,202,0.0
1,152,202,0.0
1,153,202,0.0
1,154,202,2.203
1,155,202,0.233
1,156,202,0.493
1,157,202,0.0
1,158,202,0.0
1,159,202,2.301
1,160,202,0.0
1,161,202,0.0
1,162,202,0.0
1,163,202,0.0
1,164,202,1.742
1,165,202,0.0
1,166,202,0.97
1,167,202,0.0
0,2,203,0.0
0,3,203,0.0
0,4,203,1.584
0,5,203,0.0
0,6,203,0.765
0,7,203,0.0
0,8,203,0.0
0,9,203,0.0
0,10,203,0.0
0,11,203,0.0
0,12,203,0.0
0,13,203,0.228
0,14,203,0.0
0,15,203,6.03
0,16,203,0.0
0,17,203,0.0
0,18,203,0.0
0,19,203,2.134
0,20,203,0.0
0,21,203,0.0
0,22,203,3.613
0,23,203,0.0
0,24,203,0.075
0,25,203,0.0
0,26,203,0.0
0,27,203,0.0
0,28,203,0.0
0,29,203,0.0
0,30,203,0.0
0,31,203,2.531
0,32,203,0.0
0,33,203,0.0
0,34,203,0.0
0,35,203,0.0
0,36,203,2.812
0,37,203,1.364
0,38,203,0.0
0,39,203,0.0
0,40,203,0.0
0,41,203,1.088
0,42,203,0.0
0,43,203,0.0
0,44,203,0.0
0,45,203,0.0
0,46,203,2.327
0,47,203,0.0
0,48,203,0.888
0,49,203,0.0
0,50,203,0.0
0,51,203,0.0
0,52,203,0.0
0,53,203,0.0
0,54,203,1.189
0,55,203,2.753
0,56,203,0.0
0,57,203,0.0
0,58,203,0.0
0,59,203,1.98
0,60,203,5.349
0,61,203,0.0
0,62,203,3.594
0,63,203,0.0
0,64,203,0.0
0,65,203,0.0
0,66,203,0.0
0,67,203,0.484
0,68,203,0.0
0,69,203,0.0
0,70,203,0.0
0,71,203,0.0
0,72,203,0.0
0,73,203,1.567
0,74,203,0.0
0,75,203,0.0
0,76,203,0.0
0,77,203,0.0
0,78,203,0.0
0,79,203,5.946
0,80,203,3.265
0,81,203,6.168
0,82,203,0.0
0,83,203,4.225
0,84,203,0.0
0,85,203,0.0
0,86,203,0.0
0,87,203,0.0
0,88,203,8.445
0,89,203,0.0
1,90,203,0.0
1,91,203,0.0
1,92,203,0.28
1,93,203,0.0
1,94,203,0.0
1,95,203,0.0
1,96,203,0.0
1,97,203,0.0
1,98,203,0.947
1,99,203,0.0
1,100,203,0.0
1,101,203,0.0
1,102,203,0.0
1,103,203,0.0
1,104,203,0.0
1,105,203,0.0
1,106,203,0.0
1,107,203,0.0
1,108,203,0.041
1,109,203,0.175
1,110,203,0.0
1,111,203,0.61
1,112,203,0.0
1,113,203,0.0
1,114,203,0.465
1,115,203,0.207
1,116,203,0.0
1,117,203,0.0
1,118,203,0.443
1,119,203,0.0
1,120,203,0.0
1,121,203,0.0
1,122,203,0.0
1,123,203,0.0
1,124,203,0.0
1,125,203,0.0
1,126,203,0.0
1,127,203,0.0
1,128,203,0.0
1,129,203,0.0
1,130,203,0.0
1,131,203,0.123
1,132,203,0.309
1,133,203,0.0
1,134,203,0.262
1,135,203,0.0
1,136,203,0.0
1,137,203,0.194
1,138,203,0.0
1,139,203,2.125
1,140,203,0.0
1,141,203,0.0
1,142,203,0.0
1,143,203,0.0
1,144,203,0.029
1,145,203,0.0
1,146,203,0.0
1,147,203,0.118
1,148,203,0.0
1,149,203,0.0
1,150,203,0.166
1,151,203,0.0
1,152,203,0.0
1,153,203,0.0
1,154,203,1.349
1,155,203,0.0
1,156,203,0.513
1,157,203,0.09
1,158,203,0.0
1,159,203,0.577
1,160,203,0.0
1,161,203,0.0
1,162,203,0.226
1,163,203,0.171
1,164,203,2.172
1,165,203,0.0
1,166,203,0.207
1,167,203,0.0
0,2,204,0.0
0,3,204,0.0
0,4,204,1.11
0,5,204,0.0
0,6,204,0.516
0,7,204,0.0
0,8,204,0.0
0,9,204,0.0
0,10,204,0.0
0,11,204,0.0
0,12,204,0.0
0,13,204,1.151
0,14,204,0.0
0,15,204,6.387
0,16,204,2.579
0,17,204,0.0
0,18,204,0.0
0,19,204,0.0
0,20,204,0.0
0,21,204,0.0
0,22,204,1.557
0,23,204,0.0
0,24,204,0.0
0,25,204,0.0
0,26,204,0.0
0,27,204,0.619
0,28,204,0.0
0,29,204,0.0
0,30,204,0.0
0,31,204,3.509
0,32,204,0.0
0,33,204,0.0
0,34,204,0.0
0,35,204,0.0
0,36,204,3.521
0,37,204,2.133
0,38,204,0.0
0,39,204,0.0
0,40,204,0.0
0,41,204,0.0
0,42,204,0.0
0,43,204,0.0
0,44,204,0.0
0,45,204,0.459
0,46,204,0.164
0,47,204,0.0
0,48,204,1.68
0,49,204,0.0
0,50,204,0.0
0,51,204,1.338
0,52,204,0.788
0,53,204,0.0
0,54,204,0.352
0,55,204,0.0
0,56,204,0.0
0,57,204,0.0
0,58,204,1.311
0,59,204,1.993
0,60,204,3.046
0,61,204,0.0
0,62,204,4.29
0,63,204,0.0
0,64,204,0.0
0,65,204,0.0
0,66,204,0.0
0,67,204,0.0
0,68,204,0.0
0,69,204,0.0
0,70,204,0.798
0,71,204,0.0
0,72,204,0.0
0,73,204,0.0
0,74,204,0.0
0,75,204,0.0
0,76,204,0.0
0,77,204,0.0
0,78,204,0.0
0,79,204,4.842
0,80,204,3.839
0,81,204,2.381
0,82,204,0.089
0,83,204,4.547
0,84,204,0.0
0,85,204,0.0
0,86,204,0.0
0,87,204,0.0
0,88,204,7.91
0,89,204,0.0
1,90,204,0.0
1,91,204,0.0
1,92,204,0.0
1,93,204,0.0
1,94,204,0.0
1,95,204,0.0
1,96,204,0.0
1,97,204,0.0
1,98,204,0.908
1,99,204,0.0
1,100,204,0.0
1,101,204,0.104
1,102,204,0.0
1,103,204,0.0
1,104,204,0.0
1,105,204,4.557
1,106,204,0.0
1,107,204,0.62
1,108,204,0.0
1,109,204,0.0
1,110,204,0.0
1,111,204,1.367
1,112,204,0.071
1,113,204,0.0
1,114,204,0.119
1,115,204,0.123
1,116,204,0.0
1,117,204,0.0
1,118,204,0.679
1,119,204,0.0
1,120,204,0.0
1,121,204,0.0
1,122,204,0.0
1,123,204,0.0
1,124,204,0.378
1,125,204,0.0
1,126,204,0.496
1,127,204,0.615
1,128,204,0.0
1,129,204,0.0
1,130,204,0.0
1,131,204,0.0
1,132,204,0.213
1,133,204,0.0
1,134,204,0.0
1,135,204,0.993
1,136,204,0.0
1,137,204,0.794
1,138,204,0.0
1,139,204,2.658
1,140,204,0.0
1,141,204,0.0
1,142,204,0.0
1,143,204,0.0
1,144,204,0.088
1,145,204,0.0
1,146,204,1.779
1,147,204,0.0
1,148,204,0.0
1,149,204,0.0
1,150,204,1.423
1,151,204,0.0
1,152,204,0.0
1,153,204,0.0
1,154,204,4.383
1,155,204,0.101
1,156,204,0.0
1,157,204,0.0
1,158,204,0.0
1,159,204,2.856
1,160,204,0.0
1,161,204,0.0
1,162,204,0.0
1,163,204,0.0
1,164,204,1.383
1,165,204,0.0
1,166,204,0.0
1,167,204,0.0
0,2,205,0.0
0,3,205,0.0
0,4,205,0.0
0,5,205,0.0
0,6,205,0.0
0,7,205,0.0
0,8,205,0.0
0,9,205,0.0
0,10,205,0.0
0,11,205,0.0
0,12,205,0.0
0,13,205,0.478
0,14,205,0.0
0,15,205,5.118
0,16,205,2.156
0,17,205,0.0
0,18,205,0.0
0,19,205,0.0
0,20,205,0.932
0,21,205,0.0
0,22,205,1.988
0,23,205,0.0
0,24,205,0.0
0,25,205,0.0
0,26,205,0.0
0,27,205,0.0
0,28,205,0.0
0,29,205,0.0
0,30,205,0.0
0,31,205,1.813
0,32,205,0.0
0,33,205,0.0
0,34,205,0.0
0,35,205,0.0
0,36,205,4.697
0,37,205,1.753
0,38,205,1.126
0,39,205,0.0
0,40,205,0.0
0,41,205,0.606
0,42,205,0.0
0,43,205,0.0
0,44,205,0.0
0,45,205,0.0
0,46,205,2.137
0,47,205,0.0
0,48,205,0.0
0,49,205,0.0
0,50,205,0.0
0,51,205,1.355
0,52,205,0.0
0,53,205,3.219
0,54,205,0.0
0,55,205,0.0
0,56,205,0.0
0,57,205,0.0
0,58,205,0.0
0,59,205,1.207
0,60,205,4.447
0,61,205,0.0
0,62,205,3.756
0,63,205,0.0
0,64,205,0.0
0,65,205,0.0
0,66,205,0.0
0,67,205,0.0
0,68,205,0.0
0,69,205,0.0
0,70,205,3.179
0,71,205,0.0
0,72,205,0.0
0,73,205,0.0
0,74,205,0.0
0,75,205,0.0
0,76,205,0.0
0,77,205,0.0
0,78,205,0.0
0,79,205,5.307
0,80,205,1.412
0,81,205,5.77
0,82,205,0.0
0,83,205,2.558
0,84,205,0.0
0,85,205,0.0
0,86,205,0.0
0,87,205,0.0
0,88,205,8.169
0,89,205,0.0
1,90,205,0.0
1,91,205,0.0
1,92,205,0.607
1,93,205,0.0
1,94,205,0.0
1,95,205,0.0
1,96,205,0.0
1,97,205,0.0
1,98,205,0.599
1,99,205,0.0
1,100,205,0.0
1,101,205,0.0
1,102,205,0.0
1,103,205,0.0
1,104,205,0.0
1,105,205,0.0
1,106,205,0.0
1,107,205,0.0
1,108,205,0.0
1,109,205,0.004
1,110,205,0.0
1,111,205,0.454
1,112,205,0.0
1,113,205,0.0
1,114,205,0.125
1,115,205,0.081
1,116,205,0.0
1,117,205,0.0
1,118,205,0.031
1,119,205,0.0
1,120,205,0.0
1,121,205,0.0
1,122,205,0.0
1,123,205,0.0
1,124,205,0.0
1,125,205,0.0
1,126,205,0.0
1,127,205,0.0
1,128,205,0.0
1,129,205,0.0
1,130,205,0.0
1,131,205,0.0
1,132,205,2.05
1,133,205,0.0
1,134,205,0.167
1,135,205,0.0
1,136,205,0.0
1,137,205,0.111
1,138,205,0.0
1,139,205,1.679
1,140,205,0.0
1,141,205,0.0
1,142,205,0.0
1,143,205,0.0
1,144,205,0.031
1,145,205,0.0
1,146,205,0.18
1,147,205,0.0
1,148,205,0.0
1,149,205,0.0
1,150,205,0.764
1,151,205,0.0
1,152,205,0.0
1,153,205,0.0
1,154,205,0.751
1,155,205,0.0
1,156,205,0.268
1,157,205,0.166
1,158,205,0.0
1,159,205,0.649
1,160,205,0.0
1,161,205,0.0
1,162,205,0.0
1,163,205,0.0
1,164,205,0.811
1,165,205,0.0
1,166,205,0.0
1,167,205,0.0
0,2,206,0.0
0,3,206,2.082
0,4,206,2.295
0,5,206,0.0
0,6,206,2.473
0,7,206,0.0
0,8,206,0.0
0,9,206,2.605
0,10,206,0.0
0,11,206,0.0
0,12,206,0.0
0,13,206,1.971
0,14,206,0.0
0,15,206,8.006
0,16,206,5.129
0,17,206,0.0
0,18,206,0.0
0,19,206,0.24
0,20,206,0.0
0,21,206,0.0
0,22,206,3.745
0,23,206,0.0
0,24,206,0.0
0,25,206,0.0
0,26,206,0.0
0,27,206,0.501
0,28,206,0.0
0,29,206,0.0
0,30,206,2.304
0,31,206,2.373
0,32,206,0.0
0,33,206,0.0
0,34,206,0.0
0,35,206,0.0
0,36,206,4.59
0,37,206,2.029
0,38,206,0.0
0,39,206,0.0
0,40,206,1.411
0,41,206,1.962
0,42,206,0.0
0,43,206,0.0
0,44,206,0.0
0,45,206,0.0
0,46,206,2.005
0,47,206,0.0
0,48,206,0.0
0,49,206,0.0
0,50,206,0.0
0,51,206,1.768
0,52,206,1.295
0,53,206,0.015
0,54,206,2.79
0,55,206,2.642
0,56,206,0.0
0,57,206,0.908
0,58,206,2.319
0,59,206,1.899
0,60,206,4.84
0,61,206,0.0
0,62,206,3.043
0,63,206,0.0
0,64,206,0.0
0,65,206,0.0
0,66,206,0.0
0,67,206,2.001
0,68,206,0.0
0,69,206,0.0
0,70,206,0.004
0,71,206,0.0
0,72,206,0.0
0,73,206,2.052
0,74,206,1.928
0,75,206,0.0
0,76,206,0.0
0,77,206,0.541
0,78,206,0.0
0,79,206,6.378
0,80,206,4.115
0,81,206,6.433
0,82,206,0.0
0,83,206,2.491
0,84,206,0.586
0,85,206,0.0
0,86,206,0.315
0,87,206,0.0
0,88,206,9.266
0,89,206,0.0
1,90,206,0.321
1,91,206,0.0
1,92,206,0.187
1,93,206,0.0
1,94,206,0.0
1,95,206,0.0
1,96,206,0.0
1,97,206,0.0
1,98,206,1.53
1,99,206,0.0
1,100,206,0.053
1,101,206,0.0
1,102,206,0.0
1,103,206,0.0
1,104,206,0.1
1,105,206,0.0
1,106,206,0.0
1,107,206,0.0
1,108,206,0.0
1,109,206,1.184
1,110,206,0.0
1,111,206,0.726
1,112,206,0.013
1,113,206,0.0
1,114,206,0.758
1,115,206,0.067
1,116,206,0.0
1,117,206,0.0
1,118,206,0.0
1,119,206,0.0
1,120,206,0.0
1,121,206,0.0
1,122,206,0.0
1,123,206,0.0
1,124,206,0.0
1,125,206,0.0
1,126,206,0.0
1,127,206,0.0
1,128,206,0.0
1,129,206,0.0
1,130,206,0.0
1,131,206,0.01
1,132,206,0.64
1,133,206,0.0
1,134,206,0.189
1,135,206,0.059
1,136,206,0.0
1,137,206,1.586
1,138,206,0.0
1,139,206,2.054
1,140,206,0.0
1,141,206,0.0
1,142,206,0.012
1,143,206,0.0
1,144,206,0.441
1,145,206,0.0
1,146,206,0.538
1,147,206,0.0
1,148,206,0.0
1,149,206,0.0
1,150,206,0.918
1,151,206,0.0
1,152,206,0.0
1,153,206,0.0
1,154,206,1.598
1,155,206,0.06
1,156,206,0.395
1,157,206,0.123
1,158,206,0.0
1,159,206,1.814
1,160,206,0.0
1,161,206,0.742
1,162,206,0.146
1,163,206,0.084
1,164,206,2.631
1,165,206,0.0
1,166,206,0.0
1,167,206,0.0
0,2,207,0.0
0,3,207,2.35
0,4,207,0.656
0,5,207,0.0
0,6,207,1.638
0,7,207,0.0
0,8,207,1.972
0,9,207,0.0
0,10,207,0.0
0,11,207,0.0
0,12,207,0.0
0,13,207,1.185
0,14,207,0.0
0,15,207,6.451
0,16,207,1.108
0,17,207,0.0
0,18,207,0.0
0,19,207,1.235
0,20,207,0.0
0,21,207,0.0
0,22,207,4.032
0,23,207,0.0
0,24,207,0.0
0,25,207,0.0
0,26,207,0.0
0,27,207,0.0
0,28,207,0.0
0,29,207,0.0
0,30,207,0.0
0,31,207,0.0
0,32,207,0.0
0,33,207,0.0
0,34,207,0.0
0,35,207,2.163
0,36,207,3.677
0,37,207,2.852
0,38,207,0.0
0,39,207,0.0
0,40,207,0.0
0,41,207,0.0
0,42,207,0.346
0,43,207,0.0
0,44,207,0.0
0,45,207,0.0
0,46,207,0.972
0,47,207,0.0
0,48,207,0.0
0,49,207,0.0
0,50,207,1.144
0,51,207,0.195
0,52,207,0.0
0,53,207,0.0
0,54,207,0.0
0,55,207,1.153
0,56,207,0.0
0,57,207,0.0
0,58,207,1.187
0,59,207,1.698
0,60,207,3.734
0,61,207,0.0
0,62,207,4.403
0,63,207,0.0
0,64,207,0.0
0,65,207,0.0
0,66,207,0.0
0,67,207,0.0
0,68,207,0.0
0,69,207,0.0
0,70,207,0.212
0,71,207,0.0
0,72,207,0.0
0,73,207,3.047
0,74,207,0.0
0,75,207,0.0
0,76,207,0.0
0,77,207,0.068
0,78,207,0.0
0,79,207,6.161
0,80,207,2.421
0,81,207,6.41
0,82,207,0.0
0,83,207,4.544
0,84,207,0.826
0,85,207,0.0
0,86,207,0.0
0,87,207,0.0
0,88,207,7.952
0,89,207,0.0
1,90,207,0.0
1,91,207,0.0
1,92,207,0.02
1,93,207,0.0
1,94,207,0.0
1,95,207,0.0
1,96,207,0.0
1,97,207,0.0
1,98,207,0.948
1,99,207,0.0
1,100,207,0.0
1,101,207,0.0
1,102,207,0.0
1,103,207,0.0
1,104,207,0.0
1,105,207,0.0
1,106,207,0.12
1,107,207,0.0
1,108,207,0.066
1,109,207,0.41
1,110,207,0.0
1,111,207,0.639
1,112,207,0.0
1,113,207,0.0
1,114,207,0.392
1,115,207,0.125
1,116,207,0.0
1,117,207,1.299
1,118,207,0.0
1,119,207,0.0
1,120,207,1.231
1,121,207,0.085
1,122,207,0.0
1,123,207,0.0
1,124,207,0.0
1,125,207,0.0
1,126,207,0.0
1,127,207,0.0
1,128,207,0.0
1,129,207,0.0
1,130,207,0.172
1,131,207,0.0
1,132,207,0.178
1,133,207,0.0
1,134,207,0.042
1,135,207,0.111
1,136,207,0.0
1,137,207,0.328
1,138,207,0.0
1,139,207,2.297
1,140,207,0.0
1,141,207,0.0
1,142,207,0.0
1,143,207,0.0
1,144,207,0.187
1,145,207,0.0
1,146,207,0.683
1,147,207,0.178
1,148,207,0.0
1,149,207,0.0
1,150,207,0.641
1,151,207,0.0
1,152,207,0.0
1,153,207,0.0
1,154,207,1.661
1,155,207,0.0
1,156,207,0.118
1,157,207,0.098
1,158,207,0.0
1,159,207,0.968
1,160,207,0.0
1,161,207,0.0
1,162,207,2.038
1,163,207,0.0
1,164,207,1.458
1,165,207,0.0
1,166,207,0.171
1,167,207,0.0
0,2,208,0.0
0,3,208,0.0
0,4,208,0.0
0,5,208,0.0
0,6,208,1.587
0,7,208,0.0
0,8,208,0.0
0,9,208,0.0
0,10,208,0.0
0,11,208,0.0
0,12,208,0.0
0,13,208,1.881
0,14,208,0.0
0,15,208,5.002
0,16,208,0.0
0,17,208,0.0
0,18,208,0.0
0,19,208,0.542
0,20,208,0.0
0,21,208,0.0
0,22,208,3.013
0,23,208,0.0
0,24,208,0.0
0,25,208,0.0
0,26,208,0.0
0,27,208,0.0
0,28,208,0.0
0,29,208,0.0
0,30,208,0.0
0,31,208,1.653
0,32,208,0.0
0,33,208,0.0
0,34,208,0.559
0,35,208,0.0
0,36,208,3.574
0,37,208,2.231
0,38,208,0.0
0,39,208,0.0
0,40,208,0.0
0,41,208,0.0
0,42,208,0.0
0,43,208,0.0
0,44,208,0.0
0,45,208,0.0
0,46,208,0.0
0,47,208,0.0
0,48,208,0.904
0,49,208,0.0
0,50,208,0.0
0,51,208,0.0
0,52,208,0.0
0,53,208,0.0
0,54,208,0.046
0,55,208,0.314
0,56,208,0.0
0,57,208,0.0
0,58,208,0.0
0,59,208,0.109
0,60,208,5.506
0,61,208,0.0
0,62,208,3.618
0,63,208,0.0
0,64,208,0.0
0,65,208,0.246
0,66,208,0.0
0,67,208,0.241
0,68,208,0.0
0,69,208,0.0
0,70,208,0.003
0,71,208,0.0
0,72,208,0.011
0,73,208,1.939
0,74,208,0.0
0,75,208,0.0
0,76,208,0.0
0,77,208,0.0
0,78,208,0.0
0,79,208,6.046
0,80,208,2.1
0,81,208,5.909
0,82,208,0.0
0,83,208,2.726
0,84,208,0.0
0,85,208,0.0
0,86,208,0.0
0,87,208,0.0
0,88,208,7.748
0,89,208,0.0
1,90,208,0.0
1,91,208,0.0
1,92,208,0.121
1,93,208,0.0
1,94,208,0.0
1,95,208,0.0
1,96,208,0.0
1,97,208,0.0
1,98,208,0.299
1,99,208,0.0
1,100,208,0.0
1,101,208,0.0
1,102,208,0.0
1,103,208,0.0
1,104,208,0.0
1,105,208,0.0
1,106,208,0.0
1,107,208,0.0
1,108,208,0.0
1,109,208,0.0
1,110,208,0.0
1,111,208,0.641
1,112,208,0.0
1,113,208,0.0
1,114,208,0.0
1,115,208,0.0
1,116,208,0.0
1,117,208,0.0
1,118,208,0.0
1,119,208,0.0
1,120,208,0.0
1,121,208,0.0
1,122,208,0.0
1,123,208,0.0
1,124,208,0.0
1,125,208,0.0
1,126,208,0.0
1,127,208,0.0
1,128,208,0.0
1,129,208,0.0
1,130,208,0.629
1,131,208,0.0
1,132,208,0.072
1,133,208,0.0
1,134,208,0.113
1,135,208,0.0
1,136,208,0.0
1,137,208,0.0
1,138,208,0.0
1,139,208,1.376
1,140,208,0.0
1,141,208,0.0
1,142,208,0.0
1,143,208,0.0
1,144,208,0.0
1,145,208,0.0
1,146,208,0.0
1,147,208,0.0
1,148,208,0.0
1,149,208,0.0
1,150,208,0.038
1,151,208,0.0
1,152,208,0.0
1,153,208,0.0
1,154,208,1.499
1,155,208,0.0
1,156,208,0.103
1,157,208,0.0
1,158,208,0.0
1,159,208,0.058
1,160,208,0.0
1,161,208,0.0
1,162,208,0.0
1,163,208,0.0
1,164,208,1.23
1,165,208,0.0
1,166,208,0.0
1,167,208,0.0
0,2,209,0.0
0,3,209,0.0
0,4,209,0.511
0,5,209,0.0
0,6,209,2.557
0,7,209,1.059
0,8,209,0.0
0,9,209,0.0
0,10,209,0.0
0,11,209,0.522
0,12,209,0.0
0,13,209,3.055
0,14,209,0.0
0,15,209,5.808
0,16,209,3.341
0,17,209,0.0
0,18,209,0.0
0,19,209,1.588
0,20,209,0.712
0,21,209,0.0
0,22,209,4.543
0,23,209,0.0
0,24,209,0.0
0,25,209,0.0
0,26,209,0.0
0,27,209,1.252
0,28,209,0.0
0,29,209,0.0
0,30,209,0.624
0,31,209,2.451
0,32,209,0.0
0,33,209,1.051
0,34,209,0.0
0,35,209,0.814
0,36,209,3.753
0,37,209,2.224
0,38,209,0.0
0,39,209,0.0
0,40,209,0.0
0,41,209,0.0
0,42,209,0.0
0,43,209,0.0
0,44,209,0.0
0,45,209,0.0
0,46,209,1.086
0,47,209,0.0
0,48,209,0.0
0,49,209,0.161
0,50,209,0.0
0,51,209,1.682
0,52,209,0.0
0,53,209,2.688
0,54,209,2.042
0,55,209,0.402
0,56,209,2.43
0,57,209,0.292
0,58,209,0.0
0,59,209,2.619
0,60,209,5.891
0,61,209,0.0
0,62,209,3.948
0,63,209,0.0
0,64,209,0.0
0,65,209,0.0
0,66,209,0.0
0,67,209,0.816
0,68,209,2.012
0,69,209,0.0
0,70,209,1.989
0,71,209,0.0
0,72,209,0.0
0,73,209,0.0
0,74,209,1.453
0,75,209,0.0
0,76,209,0.0
0,77,209,0.398
0,78,209,0.0
0,79,209,6.486
0,80,209,3.064
0,81,209,7.042
0,82,209,0.0
0,83,209,4.023
0,84,209,1.613
0,85,209,0.0
0,86,209,0.0
0,87,209,0.0
0,88,209,8.426
0,89,209,0.0
1,90,209,0.0
1,91,209,0.0
1,92,209,0.135
1,93,209,0.0
1,94,209,0.0
1,95,209,0.008
1,96,209,0.0
1,97,209,0.0
1,98,209,0.684
1,99,209,0.0
1,100,209,0.0
1,101,209,0.0
1,102,209,0.0
1,103,209,0.0
1,104,209,0.0
1,105,209,0.0
1,106,209,0.0
1,107,209,0.0
1,108,209,0.003
1,109,209,0.803
1,110,209,0.0
1,111,209,0.711
1,112,209,0.0
1,113,209,0.0
1,114,209,0.563
1,115,209,0.0
1,116,209,0.0
1,117,209,0.0
1,118,209,0.0
1,119,209,0.0
1,120,209,0.0
1,121,209,0.0
1,122,209,0.0
1,123,209,0.0
1,124,209,0.0
1,125,209,0.0
1,126,209,0.0
1,127,209,0.014
1,128,209,0.0
1,129,209,0.0
1,130,209,0.396
1,131,209,0.0
1,132,209,0.254
1,133,209,0.0
1,134,209,0.0
1,135,209,0.015
1,136,209,0.0
1,137,209,0.0
1,138,209,0.0
1,139,209,1.532
1,140,209,0.0
1,141,209,0.0
1,142,209,0.0
1,143,209,0.0
1,144,209,0.0
1,145,209,0.0
1,146,209,1.357
1,147,209,0.0
1,148,209,0.0
1,149,209,0.0
1,150,209,0.353
1,151,209,0.0
1,152,209,0.0
1,153,209,0.0
1,154,209,1.704
1,155,209,0.0
1,156,209,0.0
1,157,209,0.0
1,158,209,0.0
1,159,209,0.579
1,160,209,0.0
1,161,209,0.0
1,162,209,0.134
1,163,209,0.059
1,164,209,1.909
1,165,209,0.0
1,166,209,0.115
1,167,209,0.0
0,2,210,0.0
0,3,210,1.38
0,4,210,0.0
0,5,210,0.0
0,6,210,1.509
0,7,210,0.0
0,8,210,0.0
0,9,210,0.0
0,10,210,0.0
0,11,210,2.899
0,12,210,0.0
0,13,210,1.006
0,14,210,0.0
0,15,210,7.557
0,16,210,1.937
0,17,210,0.0
0,18,210,0.0
0,19,210,0.0
0,20,210,0.0
0,21,210,0.0
0,22,210,2.84
0,23,210,0.0
0,24,210,0.0
0,25,210,0.0
0,26,210,0.0
0,27,210,1.35
0,28,210,0.0
0,29,210,0.0
0,30,210,0.0
0,31,210,1.816
0,32,210,0.0
0,33,210,0.0
0,34,210,0.0
0,35,210,0.0
0,36,210,4.136
0,37,210,0.544
0,38,210,0.0
0,39,210,0.0
0,40,210,0.0
0,41,210,1.371
0,42,210,0.0
0,43,210,0.0
0,44,210,0.769
0,45,210,0.296
0,46,210,1.578
0,47,210,0.0
0,48,210,0.0
0,49,210,0.0
0,50,210,0.0
0,51,210,0.0
0,52,210,0.0
0,53,210,0.0
0,54,210,0.0
0,55,210,1.011
0,56,210,0.0
0,57,210,0.0
0,58,210,1.045
0,59,210,0.0
0,60,210,4.185
0,61,210,0.0
0,62,210,4.195
0,63,210,0.0
0,64,210,0.0
0,65,210,0.0
0,66,210,0.0
0,67,210,1.491
0,68,210,0.0
0,69,210,0.0
0,70,210,1.116
0,71,210,0.0
0,72,210,0.117
0,73,210,1.249
0,74,210,1.485
0,75,210,0.0
0,76,210,0.0
0,77,210,0.0
0,78,210,0.527
0,79,210,6.726
0,80,210,1.364
0,81,210,6.314
0,82,210,0.0
0,83,210,3.741
0,84,210,0.595
0,85,210,0.0
0,86,210,0.0
0,87,210,0.0
0,88,210,8.565
0,89,210,1.348
1,90,210,0.0
1,91,210,0.0
1,92,210,0.226
1,93,210,0.0
1,94,210,0.0
1,95,210,0.0
1,96,210,0.0
1,97,210,0.0
1,98,210,1.432
1,99,210,0.0
1,100,210,0.0
1,101,210,0.0
1,102,210,0.0
1,103,210,0.0
1,104,210,0.0
1,105,210,0.0
1,106,210,0.0
1,107,210,0.0
1,108,210,0.0
1,109,210,0.086
1,110,210,0.0
1,111,210,0.055
1,112,210,0.0
1,113,210,0.0
1,114,210,0.529
1,115,210,0.0
1,116,210,0.0
1,117,210,0.0
1,118,210,1.29
1,119,210,0.0
1,120,210,0.0
1,121,210,0.0
1,122,210,0.0
1,123,210,0.0
1,124,210,0.0
1,125,210,0.0
1,126,210,0.0
1,127,210,0.299
1,128,210,0.0
1,129,210,0.0
1,130,210,0.157
1,131,210,0.0
1,132,210,0.084
1,133,210,0.0
1,134,210,0.222
1,135,210,0.0
1,136,210,0.0
1,137,210,0.416
1,138,210,0.0
1,139,210,3.434
1,140,210,0.0
1,141,210,0.0
1,142,210,0.0
1,143,210,0.0
1,144,210,0.572
1,145,210,0.0
1,146,210,0.481
1,147,210,0.0
1,148,210,0.0
1,149,210,0.0
1,150,210,1.342
1,151,210,0.0
1,152,210,0.0
1,153,210,0.0
1,154,210,1.977
1,155,210,0.0
1,156,210,0.299
1,157,210,0.0
1,158,210,0.0
1,159,210,0.265
1,160,210,0.0
1,161,210,0.0
1,162,210,0.0
1,163,210,0.0
1,164,210,0.331
1,165,210,0.0
1,166,210,0.17
1,167,210,0.0
0,2,211,0.0
0,3,211,0.0
0,4,211,0.801
0,5,211,0.0
0,6,211,2.073
0,7,211,0.0
0,8,211,0.0
0,9,211,0.0
0,10,211,0.0
0,11,211,0.0
0,12,211,0.0
0,13,211,1.682
0,14,211,0.0
0,15,211,5.965
0,16,211,3.56
0,17,211,0.0
0,18,211,0.0
0,19,211,1.058
0,20,211,0.0
0,21,211,0.0
0,22,211,3.699
0,23,211,0.414
0,24,211,0.0
0,25,211,0.0
0,26,211,0.0
0,27,211,0.913
0,28,211,0.0
0,29,211,0.0
0,30,211,0.845
0,31,211,2.393
0,32,211,0.0
0,33,211,1.273
0,34,211,0.0
0,35,211,0.004
0,36,211,6.903
0,37,211,0.0
0,38,211,0.0
0,39,211,0.0
0,40,211,0.0
0,41,211,1.358
0,42,211,0.0
0,43,211,0.0
0,44,211,0.0
0,45,211,0.0
0,46,211,0.0
0,47,211,0.0
0,48,211,0.0
0,49,211,0.0
0,50,211,0.0
0,51,211,2.189
0,52,211,1.874
0,53,211,0.0
0,54,211,0.0
0,55,211,0.0
0,56,211,0.0
0,57,211,0.0
0,58,211,0.0
0,59,211,1.544
0,60,211,0.0
0,61,211,0.0
0,62,211,3.125
0,63,211,0.0
0,64,211,0.0
0,65,211,0.0
0,66,211,0.0
0,67,211,1.034
0,68,211,0.0
0,69,211,0.0
0,70,211,1.808
0,71,211,0.0
0,72,211,0.0
0,73,211,1.22
0,74,211,0.0
0,75,211,0.0
0,76,211,0.0
0,77,211,0.071
0,78,211,0.0
0,79,211,6.93
0,80,211,6.016
0,81,211,0.224
0,82,211,0.0
0,83,211,0.0
0,84,211,0.0
0,85,211,0.0
0,86,211,0.0
0,87,211,0.0
0,88,211,7.796
0,89,211,0.0
1,90,211,0.0
1,91,211,0.0
1,92,211,0.0
1,93,211,0.0
1,94,211,0.0
1,95,211,0.0
1,96,211,0.0
1,97,211,0.0
1,98,211,1.083
1,99,211,0.0
1,100,211,0.682
1,101,211,0.282
1,102,211,0.347
1,103,211,0.0
1,104,211,0.0
1,105,211,0.0
1,106,211,0.0
1,107,211,0.0
1,108,211,0.0
1,109,211,0.0
1,110,211,0.0
1,111,211,0.259
1,112,211,0.0
1,113,211,0.0
1,114,211,0.016
1,115,211,0.0
1,116,211,0.0
1,117,211,0.0
1,118,211,0.653
1,119,211,0.0
1,120,211,0.0
1,121,211,0.0
1,122,211,0.0
1,123,211,0.0
1,124,211,0.0
1,125,211,0.0
1,126,211,0.0
1,127,211,0.0
1,128,211,0.0
1,129,211,0.0
1,130,211,0.638
1,131,211,0.0
1,132,211,0.529
1,133,211,0.0
1,134,211,0.03
1,135,211,0.0
1,136,211,0.0
1,137,211,0.0
1,138,211,0.0
1,139,211,4.031
1,140,211,0.0
1,141,211,0.0
1,142,211,0.0
1,143,211,0.0
1,144,211,0.275
1,145,211,0.0
1,146,211,2.432
1,147,211,0.0
1,148,211,0.0
1,149,211,0.0
1,150,211,0.38
1,151,211,0.0
1,152,211,0.0
1,153,211,0.0
1,154,211,2.032
1,155,211,0.0
1,156,211,0.407
1,157,211,0.0
1,158,211,0.0
1,159,211,2.215
1,160,211,0.0
1,161,211,0.307
1,162,211,0.465
1,163,211,0.0
1,164,211,2.244
1,165,211,0.0
1,166,211,0.158
1,167,211,0.0
0,2,212,0.0
0,3,212,0.0
0,4,212,1.049
0,5,212,0.0
0,6,212,1.693
0,7,212,0.0
0,8,212,0.0
0,9,212,0.979
0,10,212,0.0
0,11,212,0.0
0,12,212,0.0
0,13,212,2.077
0,14,212,0.0
0,15,212,6.115
0,16,212,5.258
0,17,212,0.0
0,18,212,0.0
0,19,212,0.0
0,20,212,0.0
0,21,212,0.0
0,22,212,2.299
0,23,212,0.0
0,24,212,0.0
0,25,212,0.0
0,26,212,0.0
0,27,212,0.0
0,28,212,0.0
0,29,212,0.0
0,30,212,0.0
0,31,212,0.0
0,32,212,0.0
0,33,212,0.0
0,34,212,0.0
0,35,212,0.0
0,36,212,0.11
0,37,212,0.0
0,38,212,0.0
0,39,212,0.0
0,40,212,0.0
0,41,212,3.582
0,42,212,0.0
0,43,212,0.0
0,44,212,0.0
0,45,212,0.73
0,46,212,2.015
0,47,212,0.0
0,48,212,0.0
0,49,212,0.0
0,50,212,0.0
0,51,212,0.269
0,52,212,0.0
0,53,212,0.0
0,54,212,1.212
0,55,212,1.922
0,56,212,0.0
0,57,212,0.78
0,58,212,0.0
0,59,212,0.0
0,60,212,4.082
0,61,212,0.0
0,62,212,1.984
0,63,212,0.0
0,64,212,0.0
0,65,212,0.0
0,66,212,0.0
0,67,212,0.0
0,68,212,0.0
0,69,212,0.0
0,70,212,0.0
0,71,212,0.0
0,72,212,0.0
0,73,212,0.716
0,74,212,0.0
0,75,212,0.0
0,76,212,0.0
0,77,212,0.0
0,78,212,0.0
0,79,212,4.609
0,80,212,2.271
0,81,212,4.936
0,82,212,0.0
0,83,212,0.0
0,84,212,2.471
0,85,212,0.0
0,86,212,0.0
0,87,212,0.0
0,88,212,8.443
0,89,212,0.0
1,90,212,0.0
1,91,212,0.0
1,92,212,0.0
1,93,212,0.0
1,94,212,0.0
1,95,212,0.0
1,96,212,0.0
1,97,212,0.0
1,98,212,0.574
1,99,212,0.0
1,100,212,0.0
1,101,212,0.0
1,102,212,0.0
1,103,212,0.0
1,104,212,0.0
1,105,212,0.0
1,106,212,0.0
1,107,212,0.0
1,108,212,0.0
1,109,212,0.371
1,110,212,0.0
1,111,212,0.164
1,112,212,0.0
1,113,212,0.0
1,114,212,0.228
1,115,212,0.0
1,116,212,0.0
1,117,212,0.0
1,118,212,0.029
1,119,212,0.0
1,120,212,0.0
1,121,212,0.0
1,122,212,0.0
1,123,212,0.0
1,124,212,0.0
1,125,212,0.0
1,126,212,0.0
1,127,212,0.368
1,128,212,0.0
1,129,212,0.0
1,130,212,0.177
1,131,212,0.0
1,132,212,0.0
1,133,212,0.0
1,134,212,0.0
1,135,212,0.0
1,136,212,0.0
1,137,212,0.077
1,138,212,0.0
1,139,212,1.506
1,140,212,0.0
1,141,212,0.0
1,142,212,0.0
1,143,212,0.0
1,144,212,0.0
1,145,212,0.0
1,146,212,0.026
1,147,212,0.0
1,148,212,0.0
1,149,212,0.0
1,150,212,1.772
1,151,212,0.0
1,152,212,0.0
1,153,212,0.0
1,154,212,1.53
1,155,212,0.0
1,156,212,0.0
1,157,212,0.0
1,158,212,0.0
1,159,212,0.604
1,160,212,0.0
1,161,212,0.0
1,162,212,0.0
1,163,212,0.0
1,164,212,1.344
1,165,212,0.0
1,166,212,0.0
1,167,212,0.0
0,2,213,0.0
0,3,213,0.838
0,4,213,0.68
0,5,213,0.0
0,6,213,0.527
0,7,213,0.0
0,8,213,0.0
0,9,213,0.0
0,10,213,0.0
0,11,213,0.459
0,12,213,0.0
0,13,213,1.249
0,14,213,0.0
0,15,213,4.889
0,16,213,0.0
0,17,213,0.0
0,18,213,0.0
0,19,213,0.0
0,20,213,0.0
0,21,213,0.0
0,22,213,3.559
0,23,213,0.0
0,24,213,0.0
0,25,213,0.741
0,26,213,0.0
0,27,213,1.093
0,28,213,0.0
0,29,213,0.0
0,30,213,0.0
0,31,213,0.0
0,32,213,0.0
0,33,213,0.298
0,34,213,0.0
0,35,213,0.0
0,36,213,3.475
0,37,213,2.377
0,38,213,1.563
0,39,213,0.0
0,40,213,0.0
0,41,213,0.0
0,42,213,0.0
0,43,213,0.0
0,44,213,0.0
0,45,213,0.0
0,46,213,0.16
0,47,213,0.0
0,48,213,0.0
0,49,213,0.0
0,50,213,0.0
0,51,213,1.533
0,52,213,0.0
0,53,213,0.0
0,54,213,0.8
0,55,213,1.895
0,56,213,0.0
0,57,213,0.0
0,58,213,0.0
0,59,213,0.969
0,60,213,3.587
0,61,213,0.0
0,62,213,3.026
0,63,213,0.0
0,64,213,0.0
0,65,213,0.0
0,66,213,0.0
0,67,213,1.106
0,68,213,0.0
0,69,213,0.0
0,70,213,0.0
0,71,213,0.0
0,72,213,0.0
0,73,213,0.0
0,74,213,0.435
0,75,213,0.0
0,76,213,0.0
0,77,213,0.0
0,78,213,0.0
0,79,213,4.208
0,80,213,0.0
0,81,213,5.347
0,82,213,0.0
0,83,213,4.017
0,84,213,0.0
0,85,213,0.0
0,86,213,0.0
0,87,213,0.0
0,88,213,8.231
0,89,213,0.0
1,90,213,0.0
1,91,213,0.0
1,92,213,0.0
1,93,213,0.0
1,94,213,0.0
1,95,213,0.0
1,96,213,0.0
1,97,213,0.0
1,98,213,0.0
1,99,213,0.0
1,100,213,0.0
1,101,213,0.0
1,102,213,0.0
1,103,213,0.0
1,104,213,0.0
1,105,213,0.101
1,106,213,0.0
1,107,213,0.0
1,108,213,0.0
1,109,213,0.319
1,110,213,0.0
1,111,213,0.165
1,112,213,0.0
1,113,213,0.0
1,114,213,0.0
1,115,213,0.0
1,116,213,0.0
1,117,213,0.0
1,118,213,0.0
1,119,213,0.0
1,120,213,0.0
1,121,213,0.0
1,122,213,0.0
1,123,213,0.0
1,124,213,0.0
1,125,213,0.0
1,126,213,0.0
1,127,213,0.456
1,128,213,0.0
1,129,213,0.0
1,130,213,0.0
1,131,213,0.0
1,132,213,0.0
1,133,213,0.0
1,134,213,0.0
1,135,213,0.0
1,136,213,0.0
1,137,213,0.0
1,138,213,0.0
1,139,213,2.322
1,140,213,0.0
1,141,213,0.0
1,142,213,0.0
1,143,213,0.845
1,144,213,0.0
1,145,213,0.0
1,146,213,0.0
1,147,213,0.0
1,148,213,0.0
1,149,213,0.0
1,150,213,0.0
1,151,213,0.0
1,152,213,0.0
1,153,213,0.0
1,154,213,0.744
1,155,213,0.0
1,156,213,0.0
1,157,213,0.0
1,158,213,0.0
1,159,213,0.0
1,160,213,0.0
1,161,213,0.0
1,162,213,0.0
1,163,213,0.0
1,164,213,0.0
1,165,213,0.0
1,166,213,0.0
1,167,213,0.0
0,2,214,0.0
0,3,214,0.0
0,4,214,0.0
0,5,214,0.0
0,6,214,3.338
0,7,214,0.598
0,8,214,0.0
0,9,214,0.0
0,10,214,0.0
0,11,214,0.0
0,12,214,0.0
0,13,214,2.664
0,14,214,0.0
0,15,214,6.742
0,16,214,3.818
0,17,214,0.0
0,18,214,0.0
0,19,214,1.474
0,20,214,1.088
0,21,214,0.0
0,22,214,4.594
0,23,214,0.0
0,24,214,0.0
0,25,214,1.784
0,26,214,0.0
0,27,214,0.508
0,28,214,0.0
0,29,214,0.0
0,30,214,0.0
0,31,214,4.722
0,32,214,0.0
0,33,214,0.358
0,34,214,0.0
0,35,214,0.0
0,36,214,4.626
0,37,214,1.757
0,38,214,0.0
0,39,214,0.0
0,40,214,0.0
0,41,214,2.269
0,42,214,0.0
0,43,214,0.0
0,44,214,0.0
0,45,214,0.0
0,46,214,3.8
0,47,214,0.0
0,48,214,0.0
0,49,214,0.008
0,50,214,1.627
0,51,214,3.361
0,52,214,0.0
0,53,214,3.038
0,54,214,2.104
0,55,214,1.423
0,56,214,0.387
0,57,214,0.0
0,58,214,0.0
0,59,214,3.737
0,60,214,5.242
0,61,214,0.0
0,62,214,4.425
0,63,214,0.0
0,64,214,0.0
0,65,214,0.0
0,66,214,0.0
0,67,214,0.0
0,68,214,0.0
0,69,214,0.0
0,70,214,2.2
0,71,214,0.0
0,72,214,0.0
0,73,214,0.414
0,74,214,0.0
0,75,214,0.0
0,76,214,0.0
0,77,214,0.0
0,78,214,0.0
0,79,214,6.665
0,80,214,2.885
0,81,214,7.423
0,82,214,0.0
0,83,214,3.879
0,84,214,4.845
0,85,214,0.0
0,86,214,0.0
0,87,214,0.0
0,88,214,8.691
0,89,214,0.0
1,90,214,0.0
1,91,214,0.0
1,92,214,0.591
1,93,214,0.0
1,94,214,0.0
1,95,214,0.0
1,96,214,0.0
1,97,214,0.0
1,98,214,1.174
1,99,214,0.0
1,100,214,0.0
1,101,214,0.0
1,102,214,0.0
1,103,214,0.0
1,104,214,0.0
1,105,214,0.0
1,106,214,0.0
1,107,214,0.0
1,108,214,0.154
1,109,214,1.634
1,110,214,0.0
1,111,214,0.902
1,112,214,0.0
1,113,214,0.0
1,114,214,0.559
1,115,214,0.0
1,116,214,0.0
1,117,214,0.0
1,118,214,0.026
1,119,214,0.0
1,120,214,0.0
1,121,214,0.0
1,122,214,0.0
1,123,214,0.0
1,124,214,0.0
1,125,214,0.0
1,126,214,0.0
1,127,214,0.2
1,128,214,0.0
1,129,214,0.0
1,130,214,0.582
1,131,214,0.0
1,132,214,0.357
1,133,214,0.0
1,134,214,0.12
1,135,214,0.007
1,136,214,0.102
1,137,214,0.659
1,138,214,0.0
1,139,214,2.592
1,140,214,0.0
1,141,214,0.0
1,142,214,0.0
1,143,214,0.0
1,144,214,0.194
1,145,214,0.0
1,146,214,0.529
1,147,214,0.22
1,148,214,0.0
1,149,214,0.0
1,150,214,1.465
1,151,214,0.0
1,152,214,0.0
1,153,214,0.0
1,154,214,1.849
1,155,214,0.0
1,156,214,0.0
1,157,214,0.0
1,158,214,0.0
1,159,214,1.016
1,160,214,0.0
1,161,214,0.0
1,162,214,0.221
1,163,214,0.0
1,164,214,2.405
1,165,214,0.0
1,166,214,0.019
1,167,214,0.0
0,2,215,0.0
0,3,215,0.0
0,4,215,0.697
0,5,215,0.0
0,6,215,2.544
0,7,215,0.0
0,8,215,0.0
0,9,215,0.0
0,10,215,0.0
0,11,215,0.0
0,12,215,0.0
0,13,215,3.229
0,14,215,0.0
0,15,215,6.486
0,16,215,0.0
0,17,215,0.0
0,18,215,0.0
0,19,215,0.115
0,20,215,0.0
0,21,215,0.0
0,22,215,3.816
0,23,215,0.0
0,24,215,0.0
0,25,215,0.0
0,26,215,0.0
0,27,215,0.0
0,28,215,0.0
0,29,215,0.0
0,30,215,0.0
0,31,215,2.935
0,32,215,0.0
0,33,215,0.297
0,34,215,0.0
0,35,215,0.0
0,36,215,5.323
0,37,215,1.822
0,38,215,0.0
0,39,215,0.0
0,40,215,0.0
0,41,215,0.0
0,42,215,0.0
0,43,215,0.0
0,44,215,0.0
0,45,215,0.0
0,46,215,3.24
0,47,215,0.0
0,48,215,0.0
0,49,215,0.568
0,50,215,0.0
0,51,215,0.454
0,52,215,1.376
0,53,215,0.0
0,54,215,0.225
0,55,215,1.031
0,56,215,0.0
0,57,215,1.546
0,58,215,0.0
0,59,215,1.697
0,60,215,3.011
0,61,215,0.0
0,62,215,3.466
0,63,215,0.0
0,64,215,0.0
0,65,215,0.0
0,66,215,0.0
0,67,215,2.528
0,68,215,0.0
0,69,215,0.0
0,70,215,0.828
0,71,215,0.0
0,72,215,0.0
0,73,215,0.409
0,74,215,0.0
0,75,215,0.0
0,76,215,0.0
0,77,215,0.0
0,78,215,0.0
0,79,215,4.29
0,80,215,0.0
0,81,215,0.0
0,82,215,0.0
0,83,215,4.204
0,84,215,0.0
0,85,215,0.0
0,86,215,0.0
0,87,215,0.0
0,88,215,8.231
0,89,215,0.0
1,90,215,0.156
1,91,215,0.0
1,92,215,0.43
1,93,215,0.0
1,94,215,0.0
1,95,215,0.0
1,96,215,0.0
1,97,215,0.0
1,98,215,0.641
1,99,215,0.0
1,100,215,0.0
1,101,215,0.0
1,102,215,0.0
1,103,215,0.0
1,104,215,0.0
1,105,215,0.0
1,106,215,0.254
1,107,215,0.0
1,108,215,0.002
1,109,215,0.006
1,110,215,0.0
1,111,215,0.243
1,112,215,0.0
1,113,215,0.0
1,114,215,0.427
1,115,215,0.024
1,116,215,0.0
1,117,215,0.035
1,118,215,0.78
1,119,215,0.178
1,120,215,1.555
1,121,215,0.0
1,122,215,0.166
1,123,215,0.0
1,124,215,0.0
1,125,215,0.0
1,126,215,0.0
1,127,215,0.068
1,128,215,0.074
1,129,215,0.0
1,130,215,0.0
1,131,215,0.0
1,132,215,0.339
1,133,215,0.0
1,134,215,0.412
1,135,215,0.141
1,136,215,0.0
1,137,215,0.0
1,138,215,0.0
1,139,215,3.724
1,140,215,0.0
1,141,215,0.0
1,142,215,0.0
1,143,215,0.0
1,144,215,0.0
1,145,215,0.0
1,146,215,0.0
1,147,215,0.068
1,148,215,0.0
1,149,215,0.0
1,150,215,0.0
1,151,215,0.0
1,152,215,0.0
1,153,215,0.0
1,154,215,0.914
1,155,215,0.0
1,156,215,0.367
1,157,215,0.0
1,158,215,0.0
1,159,215,2.692
1,160,215,0.0
1,161,215,0.045
1,162,215,0.0
1,163,215,0.0
1,164,215,2.714
1,165,215,0.0
1,166,215,0.0
1,167,215,0.0
0,2,216,0.0
0,3,216,0.481
0,4,216,0.755
0,5,216,0.0
0,6,216,3.681
0,7,216,0.0
0,8,216,0.0
0,9,216,0.0
0,10,216,0.0
0,11,216,0.381
0,12,216,0.0
0,13,216,3.087
0,14,216,0.0
0,15,216,7.433
0,16,216,3.343
0,17,216,0.0
0,18,216,0.0
0,19,216,2.039
0,20,216,0.581
0,21,216,0.0
0,22,216,2.814
0,23,216,0.0
0,24,216,0.0
0,25,216,1.193
0,26,216,0.0
0,27,216,0.792
0,28,216,0.0
0,29,216,0.0
0,30,216,0.0
0,31,216,4.724
0,32,216,0.0
0,33,216,0.0
0,34,216,0.0
0,35,216,0.0
0,36,216,4.201
0,37,216,2.718
0,38,216,0.0
0,39,216,0.0
0,40,216,0.0
0,41,216,0.0
0,42,216,0.0
0,43,216,0.0
0,44,216,0.0
0,45,216,0.0
0,46,216,0.756
0,47,216,0.0
0,48,216,0.0
0,49,216,1.591
0,50,216,0.977
0,51,216,3.439
0,52,216,0.0
0,53,216,3.973
0,54,216,0.0
0,55,216,3.219
0,56,216,0.403
0,57,216,0.0
0,58,216,0.0
0,59,216,3.601
0,60,216,4.17
0,61,216,0.0
0,62,216,4.485
0,63,216,0.0
0,64,216,0.0
0,65,216,0.494
0,66,216,0.047
0,67,216,1.167
0,68,216,0.0
0,69,216,0.0
0,70,216,1.835
0,71,216,0.0
0,72,216,0.0
0,73,216,2.139
0,74,216,0.0
0,75,216,0.0
0,76,216,0.0
0,77,216,0.863
0,78,216,0.0
0,79,216,6.375
0,80,216,2.476
0,81,216,6.181
0,82,216,0.0
0,83,216,5.016
0,84,216,3.094
0,85,216,0.0
0,86,216,0.0
0,87,216,0.0
0,88,216,8.874
0,89,216,0.0
1,90,216,0.0
1,91,216,0.0
1,92,216,0.031
1,93,216,0.0
1,94,216,0.0
1,95,216,0.0
1,96,216,0.0
1,97,216,0.0
1,98,216,1.236
1,99,216,0.0
1,100,216,0.0
1,101,216,0.0
1,102,216,0.0
1,103,216,0.0
1,104,216,0.0
1,105,216,0.0
1,106,216,0.0
1,107,216,0.0
1,108,216,0.0
1,109,216,1.179
1,110,216,0.0
1,111,216,0.263
1,112,216,0.0
1,113,216,0.0
1,114,216,0.308
1,115,216,0.0
1,116,216,0.0
1,117,216,0.0
1,118,216,0.728
1,119,216,0.0
1,120,216,0.0
1,121,216,0.0
1,122,216,0.0
1,123,216,0.0
1,124,216,0.0
1,125,216,0.0
1,126,216,0.0
1,127,216,0.874
1,128,216,0.0
1,129,216,0.0
1,130,216,0.0
1,131,216,0.0
1,132,216,0.119
1,133,216,0.0
1,134,216,0.0
1,135,216,0.0
1,136,216,0.0
1,137,216,0.63
1,138,216,0.0
1,139,216,4.072
1,140,216,0.0
1,141,216,0.0
1,142,216,0.0
1,143,216,0.0
1,144,216,0.0
1,145,216,0.0
1,146,216,2.13
1,147,216,0.0
1,148,216,0.0
1,149,216,0.0
1,150,216,1.099
1,151,216,0.0
1,152,216,0.0
1,153,216,0.0
1,154,216,1.815
1,155,216,0.023
1,156,216,0.0
1,157,216,0.0
1,158,216,0.0
1,159,216,0.652
1,160,216,0.0
1,161,216,0.0
1,162,216,0.0
1,163,216,0.0
1,164,216,1.638
1,165,216,0.0
1,166,216,0.0
1,167,216,0.0
0,2,217,0.0
0,3,217,0.0
0,4,217,1.186
0,5,217,0.0
0,6,217,0.0
0,7,217,0.0
0,8,217,0.0
0,9,217,0.0
0,10,217,0.631
0,11,217,0.0
0,12,217,0.0
0,13,217,2.933
0,14,217,1.526
0,15,217,3.126
0,16,217,2.246
0,17,217,0.0
0,18,217,0.0
0,19,217,0.0
0,20,217,0.0
0,21,217,0.0
0,22,217,3.501
0,23,217,0.0
0,24,217,0.0
0,25,217,0.0
0,26,217,0.0
0,27,217,0.0
0,28,217,0.0
0,29,217,0.0
0,30,217,0.0
0,31,217,0.0
0,32,217,0.0
0,33,217,0.706
0,34,217,0.0
0,35,217,0.0
0,36,217,2.656
0,37,217,3.773
0,38,217,0.0
0,39,217,0.0
0,40,217,1.313
0,41,217,0.0
0,42,217,0.0
0,43,217,0.0
0,44,217,0.0
0,45,217,1.087
0,46,217,0.0
0,47,217,0.0
0,48,217,0.0
0,49,217,0.0
0,50,217,0.0
0,51,217,0.0
0,52,217,1.409
0,53,217,0.0
0,54,217,0.0
0,55,217,1.07
0,56,217,0.0
0,57,217,0.0
0,58,217,0.0
0,59,217,2.025
0,60,217,5.049
0,61,217,0.0
0,62,217,1.877
0,63,217,0.0
0,64,217,0.0
0,65,217,0.0
0,66,217,0.0
0,67,217,0.0
0,68,217,0.0
0,69,217,0.0
0,70,217,0.61
0,71,217,0.0
0,72,217,0.0
0,73,217,2.273
0,74,217,0.0
0,75,217,0.0
0,76,217,0.0
0,77,217,1.762
0,78,217,0.0
0,79,217,5.101
0,80,217,0.349
0,81,217,6.802
0,82,217,0.0
0,83,217,1.827
0,84,217,0.0
0,85,217,0.0
0,86,217,0.0
0,87,217,0.0
0,88,217,7.333
0,89,217,0.0
1,90,217,0.0
1,91,217,0.0
1,92,217,0.139
1,93,217,0.0
1,94,217,0.0
1,95,217,0.0
1,96,217,0.0
1,97,217,0.0
1,98,217,0.071
1,99,217,0.0
1,100,217,0.0
1,101,217,0.0
1,102,217,0.0
1,103,217,0.0
1,104,217,0.0
1,105,217,0.0
1,106,217,0.0
1,107,217,0.0
1,108,217,0.0
1,109,217,0.0
1,110,217,0.0
1,111,217,0.274
1,112,217,0.0
1,113,217,0.0
1,114,217,0.0
1,115,217,0.025
1,116,217,0.0
1,117,217,0.0
1,118,217,0.0
1,119,217,0.0
1,120,217,0.0
1,121,217,0.0
1,122,217,0.0
1,123,217,0.0
1,124,217,0.0
1,125,217,0.0
1,126,217,0.0
1,127,217,0.0
1,128,217,0.0
1,129,217,0.0
1,130,217,0.095
1,131,217,0.0
1,132,217,0.014
1,133,217,0.0
1,134,217,0.0
1,135,217,0.0
1,136,217,0.0
1,137,217,0.0
1,138,217,0.0
1,139,217,0.68
1,140,217,0.0
1,141,217,0.0
1,142,217,0.0
1,143,217,0.0
1,144,217,0.0
1,145,217,0.0
1,146,217,0.0
1,147,217,0.0
1,148,217,0.0
1,149,217,0.0
1,150,217,0.01
1,151,217,0.0
1,152,217,0.0
1,153,217,0.0
1,154,217,1.17
1,155,217,0.0
1,156,217,0.189
1,157,217,0.0
1,158,217,0.0
1,159,217,0.0
1,160,217,0.0
1,161,217,0.0
1,162,217,0.0
1,163,217,0.0
1,164,217,1.255
1,165,217,0.0
1,166,217,0.0
1,167,217,0.0
0,2,218,0.0
0,3,218,0.0
0,4,218,0.0
0,5,218,0.0
0,6,218,2.649
0,7,218,0.0
0,8,218,0.0
0,9,218,2.745
0,10,218,0.0
0,11,218,0.0
0,12,218,0.0
0,13,218,0.0
0,14,218,0.0
0,15,218,6.503
0,16,218,5.176
0,17,218,0.0
0,18,218,0.0
0,19,218,0.0
0,20,218,0.0
0,21,218,0.0
0,22,218,1.743
0,23,218,0.0
0,24,218,0.0
0,25,218,0.0
0,26,218,0.0
0,27,218,0.491
0,28,218,0.0
0,29,218,0.0
0,30,218,0.0
0,31,218,2.113
0,32,218,0.0
0,33,218,0.258
0,34,218,0.0
0,35,218,0.0
0,36,218,2.48
0,37,218,0.915
0,38,218,0.0
0,39,218,0.0
0,40,218,0.0
0,41,218,0.557
0,42,218,0.0
0,43,218,0.0
0,44,218,0.0
0,45,218,0.0
0,46,218,0.0
0,47,218,0.0
0,48,218,0.0
0,49,218,0.0
0,50,218,0.0
0,51,218,0.0
0,52,218,0.0
0,53,218,0.0
0,54,218,1.05
0,55,218,0.0
0,56,218,0.0
0,57,218,0.098
0,58,218,0.0
0,59,218,2.058
0,60,218,3.067
0,61,218,0.0
0,62,218,2.758
0,63,218,0.0
0,64,218,0.0
0,65,218,0.0
0,66,218,0.0
0,67,218,0.0
0,68,218,0.0
0,69,218,0.0
0,70,218,0.62
0,71,218,0.0
0,72,218,0.0
0,73,218,0.447
0,74,218,0.0
0,75,218,0.0
0,76,218,0.0
0,77,218,0.0
0,78,218,0.0
0,79,218,4.592
0,80,218,0.0
0,81,218,4.255
0,82,218,0.0
0,83,218,2.187
0,84,218,0.0
0,85,218,0.0
0,86,218,0.0
0,87,218,0.0
0,88,218,8.189
0,89,218,0.0
1,90,218,0.0
1,91,218,0.0
1,92,218,0.047
1,93,218,0.0
1,94,218,0.0
1,95,218,0.0
1,96,218,0.0
1,97,218,0.0
1,98,218,1.02
1,99,218,0.0
1,100,218,0.0
1,101,218,0.0
1,102,218,0.0
1,103,218,0.0
1,104,218,0.0
1,105,218,0.0
1,106,218,0.0
1,107,218,0.0
1,108,218,0.0
1,109,218,0.0
1,110,218,0.0
1,111,218,0.031
1,112,218,0.0
1,113,218,0.0
1,114,218,0.0
1,115,218,0.0
1,116,218,0.0
1,117,218,0.0
1,118,218,0.015
1,119,218,0.0
1,120,218,0.387
1,121,218,0.0
1,122,218,0.0
1,123,218,0.0
1,124,218,0.0
1,125,218,0.0
1,126,218,0.0
1,127,218,0.0
1,128,218,0.0
1,129,218,0.0
1,130,218,0.0
1,131,218,0.0
1,132,218,0.0
1,133,218,0.0
1,134,218,0.198
1,135,218,0.0
1,136,218,0.0
1,137,218,0.0
1,138,218,0.0
1,139,218,1.424
1,140,218,0.0
1,141,218,0.0
1,142,218,0.0
1,143,218,0.0
1,144,218,0.0
1,145,218,0.0
1,146,218,0.381
1,147,218,0.0
1,148,218,0.0
1,149,218,0.0
1,150,218,0.385
1,151,218,0.0
1,152,218,0.0
1,153,218,0.0
1,154,218,0.605
1,155,218,0.0
1,156,218,0.0
1,157,218,0.0
1,158,218,0.0
1,159,218,0.25
1,160,218,0.0
1,161,218,0.0
1,162,218,0.137
1,163,218,0.0
1,164,218,0.24
1,165,218,0.0
1,166,218,0.0
1,167,218,0.0
0,2,219,0.0
0,3,219,0.0
0,4,219,0.0
0,5,219,0.0
0,6,219,2.996
0,7,219,0.0
0,8,219,0.0
0,9,219,1.394
0,10,219,0.0
0,11,219,0.0
0,12,219,0.0
0,13,219,1.247
0,14,219,0.0
0,15,219,6.905
0,16,219,2.967
0,17,219,0.0
0,18,219,0.221
0,19,219,1.69
0,20,219,0.655
0,21,219,0.0
0,22,219,3.059
0,23,219,0.0
0,24,219,0.0
0,25,219,0.0
0,26,219,0.0
0,27,219,0.407
0,28,219,0.0
0,29,219,0.0
0,30,219,2.097
0,31,219,3.218
0,32,219,0.0
0,33,219,0.176
0,34,219,0.0
0,35,219,0.0
0,36,219,3.949
0,37,219,3.105
0,38,219,0.0
0,39,219,0.0
0,40,219,3.588
0,41,219,2.591
0,42,219,0.064
0,43,219,0.0
0,44,219,0.0
0,45,219,0.0
0,46,219,0.166
0,47,219,0.0
0,48,219,0.0
0,49,219,0.0
0,50,219,0.0
0,51,219,1.82
0,52,219,0.0
0,53,219,0.882
0,54,219,0.555
0,55,219,0.989
0,56,219,0.0
0,57,219,0.0
0,58,219,0.0
0,59,219,0.891
0,60,219,4.581
0,61,219,0.0
0,62,219,2.017
0,63,219,0.0
0,64,219,0.0
0,65,219,0.0
0,66,219,0.0
0,67,219,0.645
0,68,219,0.0
0,69,219,0.0
0,70,219,0.472
0,71,219,0.0
0,72,219,0.0
0,73,219,0.412
0,74,219,1.624
0,75,219,0.0
0,76,219,0.0
0,77,219,0.0
0,78,219,1.129
0,79,219,5.994
0,80,219,2.765
0,81,219,6.685
0,82,219,0.0
0,83,219,4.878
0,84,219,0.044
0,85,219,0.0
0,86,219,0.0
0,87,219,0.0
0,88,219,8.354
0,89,219,0.0
1,90,219,0.0
1,91,219,0.0
1,92,219,0.0
1,93,219,0.0
1,94,219,0.0
1,95,219,0.0
1,96,219,0.0
1,97,219,0.0
1,98,219,0.855
1,99,219,0.0
1,100,219,0.0
1,101,219,0.0
1,102,219,0.0
1,103,219,0.0
1,104,219,0.0
1,105,219,0.0
1,106,219,0.0
1,107,219,0.0
1,108,219,0.0
1,109,219,0.048
1,110,219,0.0
1,111,219,0.314
1,112,219,0.0
1,113,219,0.0
1,114,219,0.0
1,115,219,0.0
1,116,219,0.0
1,117,219,0.0
1,118,219,0.0
1,119,219,0.0
1,120,219,0.0
1,121,219,0.0
1,122,219,0.0
1,123,219,0.0
1,124,219,0.0
1,125,219,0.0
1,126,219,0.0
1,127,219,0.0
1,128,219,0.0
1,129,219,0.0
1,130,219,0.0
1,131,219,0.0
1,132,219,0.138
1,133,219,0.0
1,134,219,0.0
1,135,219,0.0
1,136,219,0.0
1,137,219,0.57
1,138,219,0.0
1,139,219,2.585
1,140,219,0.0
1,141,219,0.0
1,142,219,0.0
1,143,219,0.0
1,144,219,0.0
1,145,219,0.0
1,146,219,0.0
1,147,219,0.0
1,148,219,0.0
1,149,219,0.0
1,150,219,1.15
1,151,219,0.0
1,152,219,0.0
1,153,219,0.0
1,154,219,1.375
1,155,219,0.0
1,156,219,0.0
1,157,219,0.0
1,158,219,0.0
1,159,219,1.292
1,160,219,0.0
1,161,219,0.0
1,162,219,0.0
1,163,219,0.0
1,164,219,1.852
1,165,219,0.0
1,166,219,0.0
1,167,219,0.0
0,2,220,0.0
0,3,220,0.883
0,4,220,0.631
0,5,220,0.0
0,6,220,1.861
0,7,220,0.066
0,8,220,0.0
0,9,220,1.336
0,10,220,0.144
0,11,220,0.0
0,12,220,0.0
0,13,220,2.301
0,14,220,0.899
0,15,220,5.919
0,16,220,3.767
0,17,220,0.862
0,18,220,0.0
0,19,220,0.862
0,20,220,1.653
0,21,220,0.0
0,22,220,3.808
0,23,220,0.0
0,24,220,0.0
0,25,220,0.07
0,26,220,0.0
0,27,220,0.0
0,28,220,0.0
0,29,220,0.0
0,30,220,0.0
0,31,220,4.162
0,32,220,0.0
0,33,220,1.895
0,34,220,0.0
0,35,220,0.0
0,36,220,4.948
0,37,220,1.195
0,38,220,0.0
0,39,220,0.0
0,40,220,0.421
0,41,220,0.0
0,42,220,0.0
0,43,220,1.332
0,44,220,0.0
0,45,220,0.0
0,46,220,1.774
0,47,220,0.0
0,48,220,0.0
0,49,220,0.102
0,50,220,0.0
0,51,220,1.661
0,52,220,0.0
0,53,220,2.369
0,54,220,0.0
0,55,220,0.0
0,56,220,2.117
0,57,220,0.0
0,58,220,0.0
0,59,220,2.153
0,60,220,3.821
0,61,220,0.0
0,62,220,4.056
0,63,220,0.0
0,64,220,0.0
0,65,220,0.0
0,66,220,0.0
0,67,220,1.057
0,68,220,0.0
0,69,220,0.0
0,70,220,2.121
0,71,220,0.0
0,72,220,0.0
0,73,220,0.0
0,74,220,1.064
0,75,220,0.0
0,76,220,0.0
0,77,220,0.0
0,78,220,0.0
0,79,220,6.071
0,80,220,2.831
0,81,220,6.32
0,82,220,0.0
0,83,220,3.482
0,84,220,1.338
0,85,220,0.0
0,86,220,0.0
0,87,220,0.0
0,88,220,8.616
0,89,220,0.0
1,90,220,0.0
1,91,220,0.0
1,92,220,0.026
1,93,220,0.0
1,94,220,0.0
1,95,220,0.0
1,96,220,0.0
1,97,220,0.0
1,98,220,0.496
1,99,220,0.0
1,100,220,0.0
1,101,220,0.0
1,102,220,0.0
1,103,220,0.0
1,104,220,0.0
1,105,220,0.0
1,106,220,0.0
1,107,220,0.0
1,108,220,0.0
1,109,220,0.14
1,110,220,0.0
1,111,220,0.262
1,112,220,0.0
1,113,220,0.0
1,114,220,0.048
1,115,220,0.0
1,116,220,0.0
1,117,220,0.0
1,118,220,0.504
1,119,220,0.0
1,120,220,0.0
1,121,220,0.0
1,122,220,0.0
1,123,220,0.0
1,124,220,0.0
1,125,220,0.0
1,126,220,0.0
1,127,220,0.001
1,128,220,0.0
1,129,220,0.0
1,130,220,0.335
1,131,220,0.0
1,132,220,0.376
1,133,220,0.0
1,134,220,0.0
1,135,220,0.0
1,136,220,0.0
1,137,220,0.0
1,138,220,0.0
1,139,220,2.531
1,140,220,0.0
1,141,220,0.0
1,142,220,0.0
1,143,220,0.0
1,144,220,0.023
1,145,220,0.0
1,146,220,0.22
1,147,220,0.0
1,148,220,0.0
1,149,220,0.0
1,150,220,0.245
1,151,220,0.0
1,152,220,0.0
1,153,220,0.0
1,154,220,1.675
1,155,220,0.0
1,156,220,0.0
1,157,220,0.0
1,158,220,0.0
1,159,220,0.134
1,160,220,0.0
1,161,220,0.0
1,162,220,0.0
1,163,220,0.025
1,164,220,1.625
1,165,220,0.0
1,166,220,0.0
1,167,220,0.0
0,2,221,0.0
0,3,221,0.0
0,4,221,0.0
0,5,221,0.0
0,6,221,3.031
0,7,221,0.0
0,8,221,0.099
0,9,221,0.0
0,10,221,0.0
0,11,221,0.0
0,12,221,0.0
0,13,221,0.401
0,14,221,0.0
0,15,221,5.28
0,16,221,4.105
0,17,221,0.0
0,18,221,0.0
0,19,221,0.0
0,20,221,1.097
0,21,221,0.0
0,22,221,4.445
0,23,221,0.0
0,24,221,0.0
0,25,221,0.0
0,26,221,0.0
0,27,221,1.004
0,28,221,0.0
0,29,221,0.0
0,30,221,0.0
0,31,221,0.0
0,32,221,0.0
0,33,221,0.881
0,34,221,0.0
0,35,221,0.0
0,36,221,4.057
0,37,221,2.516
0,38,221,0.0
0,39,221,0.0
0,40,221,0.0
0,41,221,3.362
0,42,221,0.0
0,43,221,0.0
0,44,221,0.0
0,45,221,0.0
0,46,221,3.118
0,47,221,0.0
0,48,221,0.0
0,49,221,0.0
0,50,221,0.0
0,51,221,0.0
0,52,221,0.0
0,53,221,0.0
0,54,221,0.946
0,55,221,1.38
0,56,221,0.0
0,57,221,0.0
0,58,221,0.0
0,59,221,1.712
0,60,221,5.193
0,61,221,0.0
0,62,221,4.719
0,63,221,0.0
0,64,221,0.0
0,65,221,0.0
0,66,221,0.0
0,67,221,0.538
0,68,221,0.0
0,69,221,0.0
0,70,221,0.0
0,71,221,0.0
0,72,221,0.0
0,73,221,0.601
0,74,221,0.0
0,75,221,0.0
0,76,221,0.0
0,77,221,0.0
0,78,221,0.0
0,79,221,5.914
0,80,221,3.158
0,81,221,6.935
0,82,221,0.0
0,83,221,2.305
0,84,221,2.85
0,85,221,0.0
0,86,221,0.0
0,87,221,0.0
0,88,221,8.464
0,89,221,0.0
1,90,221,0.0
1,91,221,0.0
1,92,221,0.0
1,93,221,0.0
1,94,221,0.0
1,95,221,0.0
1,96,221,0.0
1,97,221,0.0
1,98,221,0.483
1,99,221,0.0
1,100,221,0.0
1,101,221,0.0
1,102,221,0.0
1,103,221,0.0
1,104,221,0.0
1,105,221,0.0
1,106,221,0.0
1,107,221,0.0
1,108,221,0.0
1,109,221,0.227
1,110,221,0.084
1,111,221,1.014
1,112,221,0.0
1,113,221,0.0
1,114,221,0.618
1,115,221,0.0
1,116,221,0.0
1,117,221,0.0
1,118,221,0.006
1,119,221,0.07
1,120,221,0.0
1,121,221,0.0
1,122,221,0.0
1,123,221,0.0
1,124,221,0.0
1,125,221,0.0
1,126,221,0.0
1,127,221,0.026
1,128,221,0.0
1,129,221,0.0
1,130,221,0.309
1,131,221,0.0
1,132,221,0.351
1,133,221,0.0
1,134,221,0.144
1,135,221,0.036
1,136,221,0.0
1,137,221,0.021
1,138,221,0.0
1,139,221,2.146
1,140,221,0.0
1,141,221,0.0
1,142,221,0.0
1,143,221,0.0
1,144,221,0.232
1,145,221,0.0
1,146,221,0.0
1,147,221,0.036
1,148,221,0.0
1,149,221,0.0
1,150,221,0.233
1,151,221,0.008
1,152,221,0.0
1,153,221,0.0
1,154,221,1.548
1,155,221,0.0
1,156,221,0.333
1,157,221,0.0
1,158,221,0.0
1,159,221,0.668
1,160,221,0.0
1,161,221,0.0
1,162,221,0.0
1,163,221,0.082
1,164,221,1.301
1,165,221,0.0
1,166,221,0.0
1,167,221,0.0
0,2,222,0.0
0,3,222,0.0
0,4,222,0.0
0,5,222,0.0
0,6,222,2.993
0,7,222,0.0
0,8,222,0.0
0,9,222,0.0
0,10,222,0.0
0,11,222,0.298
0,12,222,0.0
0,13,222,1.908
0,14,222,0.0
0,15,222,5.674
0,16,222,0.0
0,17,222,0.0
0,18,222,0.0
0,19,222,0.0
0,20,222,0.0
0,21,222,0.0
0,22,222,1.288
0,23,222,0.0
0,24,222,0.041
0,25,222,0.0
0,26,222,0.0
0,27,222,1.574
0,28,222,0.0
0,29,222,0.0
0,30,222,0.0
0,31,222,2.983
0,32,222,0.0
0,33,222,0.0
0,34,222,0.0
0,35,222,0.0
0,36,222,1.678
0,37,222,3.155
0,38,222,0.0
0,39,222,0.0
0,40,222,0.0
0,41,222,0.0
0,42,222,0.0
0,43,222,0.0
0,44,222,0.0
0,45,222,1.816
0,46,222,0.0
0,47,222,0.0
0,48,222,0.0
0,49,222,0.0
0,50,222,0.0
0,51,222,0.194
0,52,222,0.0
0,53,222,1.244
0,54,222,0.0
0,55,222,1.227
0,56,222,0.0
0,57,222,0.0
0,58,222,0.0
0,59,222,1.233
0,60,222,4.558
0,61,222,0.0
0,62,222,2.329
0,63,222,0.0
0,64,222,0.0
0,65,222,0.0
0,66,222,0.395
0,67,222,0.142
0,68,222,0.0
0,69,222,0.0
0,70,222,1.124
0,71,222,0.0
0,72,222,0.0
0,73,222,0.68
0,74,222,0.0
0,75,222,0.0
0,76,222,0.0
0,77,222,0.944
0,78,222,0.0
0,79,222,5.315
0,80,222,2.02
0,81,222,6.194
0,82,222,0.0
0,83,222,4.452
0,84,222,1.46
0,85,222,0.0
0,86,222,0.0
0,87,222,0.0
0,88,222,7.943
0,89,222,0.0
1,90,222,0.0
1,91,222,0.0
1,92,222,0.0
1,93,222,0.0
1,94,222,0.0
1,95,222,0.0
1,96,222,0.0
1,97,222,0.0
1,98,222,0.345
1,99,222,0.0
1,100,222,0.0
1,101,222,0.0
1,102,222,0.0
1,103,222,0.0
1,104,222,0.0
1,105,222,0.0
1,106,222,0.0
1,107,222,0.0
1,108,222,0.0
1,109,222,1.161
1,110,222,0.0
1,111,222,0.432
1,112,222,0.0
1,113,222,0.0
1,114,222,0.267
1,115,222,0.066
1,116,222,0.0
1,117,222,0.0
1,118,222,0.0
1,119,222,0.0
1,120,222,0.0
1,121,222,0.0
1,122,222,0.0
1,123,222,0.0
1,124,222,0.0
1,125,222,0.0
1,126,222,0.0
1,127,222,0.113
1,128,222,0.0
1,129,222,0.0
1,130,222,0.0
1,131,222,0.0
1,132,222,0.0
1,133,222,0.0
1,134,222,0.014
1,135,222,0.0
1,136,222,0.0
1,137,222,0.498
1,138,222,0.0
1,139,222,2.488
1,140,222,0.0
1,141,222,0.0
1,142,222,0.0
1,143,222,0.0
1,144,222,0.0
1,145,222,0.0
1,146,222,0.229
1,147,222,0.0
1,148,222,0.0
1,149,222,0.0
1,150,222,0.193
1,151,222,0.0
1,152,222,0.071
1,153,222,0.0
1,154,222,1.303
1,155,222,0.0
1,156,222,0.045
1,157,222,0.0
1,158,222,0.0
1,159,222,0.587
1,160,222,0.0
1,161,222,0.0
1,162,222,0.0
1,163,222,0.0
1,164,222,0.373
1,165,222,0.0
1,166,222,0.0
1,167,222,0.0
0,2,223,0.0
0,3,223,0.099
0,4,223,1.624
0,5,223,0.0
0,6,223,2.974
0,7,223,0.0
0,8,223,0.0
0,9,223,0.0
0,10,223,0.0
0,11,223,0.0
0,12,223,0.0
0,13,223,2.024
0,14,223,0.527
0,15,223,5.977
0,16,223,3.949
0,17,223,0.0
0,18,223,0.0
0,19,223,2.409
0,20,223,0.667
0,21,223,0.0
0,22,223,4.107
0,23,223,0.0
0,24,223,0.0
0,25,223,1.012
0,26,223,0.0
0,27,223,0.0
0,28,223,0.0
0,29,223,0.0
0,30,223,1.045
0,31,223,1.955
0,32,223,0.0
0,33,223,2.324
0,34,223,0.0
0,35,223,3.161
0,36,223,3.802
0,37,223,0.633
0,38,223,0.0
0,39,223,0.0
0,40,223,0.0
0,41,223,1.195
0,42,223,0.0
0,43,223,0.0
0,44,223,0.0
0,45,223,0.0
0,46,223,2.539
0,47,223,0.0
0,48,223,0.0
0,49,223,0.0
0,50,223,0.0
0,51,223,0.972
0,52,223,0.0
0,53,223,0.0
0,54,223,1.695
0,55,223,1.04
0,56,223,0.0
0,57,223,0.0
0,58,223,0.0
0,59,223,2.639
0,60,223,5.292
0,61,223,0.0
0,62,223,4.034
0,63,223,0.0
0,64,223,0.0
0,65,223,2.983
0,66,223,0.0
0,67,223,0.614
0,68,223,1.226
0,69,223,0.0
0,70,223,1.947
0,71,223,0.0
0,72,223,0.0
0,73,223,0.831
0,74,223,0.0
0,75,223,0.0
0,76,223,0.0
0,77,223,0.0
0,78,223,0.0
0,79,223,6.792
0,80,223,2.324
0,81,223,5.861
0,82,223,0.0
0,83,223,3.872
0,84,223,0.894
0,85,223,0.0
0,86,223,0.0
0,87,223,0.0
0,88,223,8.807
0,89,223,0.0
1,90,223,0.087
1,91,223,0.213
1,92,223,0.04
1,93,223,0.0
1,94,223,0.0
1,95,223,0.0
1,96,223,0.0
1,97,223,0.0
1,98,223,1.313
1,99,223,0.0
1,100,223,0.0
1,101,223,0.0
1,102,223,0.0
1,103,223,0.0
1,104,223,0.0
1,105,223,0.0
1,106,223,0.0
1,107,223,0.0
1,108,223,0.052
1,109,223,0.151
1,110,223,0.0
1,111,223,0.286
1,112,223,0.0
1,113,223,0.0
1,114,223,0.941
1,115,223,0.03
1,116,223,0.0
1,117,223,0.0
1,118,223,0.095
1,119,223,0.0
1,120,223,0.0
1,121,223,0.0
1,122,223,0.0
1,123,223,0.0
1,124,223,0.0
1,125,223,0.0
1,126,223,0.0
1,127,223,0.234
1,128,223,0.0
1,129,223,0.0
1,130,223,1.256
1,131,223,0.0
1,132,223,0.24
1,133,223,0.0
1,134,223,0.0
1,135,223,0.0
1,136,223,0.0
1,137,223,0.038
1,138,223,0.0
1,139,223,2.685
1,140,223,0.0
1,141,223,0.0
1,142,223,0.0
1,143,223,0.0
1,144,223,0.673
1,145,223,0.0
1,146,223,0.393
1,147,223,0.0
1,148,223,0.0
1,149,223,0.0
1,150,223,1.056
1,151,223,0.0
1,152,223,0.0
1,153,223,0.0
1,154,223,2.216
1,155,223,0.161
1,156,223,0.0
1,157,223,0.0
1,158,223,0.0
1,159,223,1.688
1,160,223,0.0
1,161,223,0.0
1,162,223,0.3
1,163,223,0.081
1,164,223,1.515
1,165,223,0.0
1,166,223,0.0
1,167,223,0.0
0,2,224,0.0
0,3,224,0.0
0,4,224,0.767
0,5,224,0.0
0,6,224,0.665
0,7,224,0.0
0,8,224,0.0
0,9,224,1.239
0,10,224,0.0
0,11,224,0.0
0,12,224,0.0
0,13,224,2.366
0,14,224,0.0
0,15,224,6.688
0,16,224,4.565
0,17,224,0.0
0,18,224,0.0
0,19,224,0.0
0,20,224,0.0
0,21,224,0.0
0,22,224,2.787
0,23,224,0.0
0,24,224,0.0
0,25,224,0.0
0,26,224,0.0
0,27,224,0.862
0,28,224,0.0
0,29,224,0.0
0,30,224,0.0
0,31,224,3.153
0,32,224,0.0
0,33,224,0.0
0,34,224,0.0
0,35,224,0.0
0,36,224,2.928
0,37,224,3.556
0,38,224,0.0
0,39,224,0.0
0,40,224,0.0
0,41,224,0.0
0,42,224,0.0
0,43,224,0.0
0,44,224,0.0
0,45,224,0.0
0,46,224,1.139
0,47,224,0.0
0,48,224,0.0
0,49,224,1.138
0,50,224,0.0
0,51,224,0.0
0,52,224,1.201
0,53,224,0.0
0,54,224,0.0
0,55,224,0.0
0,56,224,0.0
0,57,224,0.718
0,58,224,0.0
0,59,224,3.082
0,60,224,5.184
0,61,224,0.0
0,62,224,2.894
0,63,224,0.0
0,64,224,0.0
0,65,224,0.0
0,66,224,0.0
0,67,224,0.873
0,68,224,0.0
0,69,224,0.0
0,70,224,1.323
0,71,224,0.0
0,72,224,0.0
0,73,224,0.569
0,74,224,0.799
0,75,224,0.0
0,76,224,0.0
0,77,224,1.162
0,78,224,0.0
0,79,224,6.164
0,80,224,1.911
0,81,224,7.188
0,82,224,0.0
0,83,224,3.653
0,84,224,0.0
0,85,224,0.0
0,86,224,0.0
0,87,224,0.0
0,88,224,8.307
0,89,224,0.0
1,90,224,0.0
1,91,224,0.0
1,92,224,0.029
1,93,224,0.0
1,94,224,0.0
1,95,224,0.0
1,96,224,0.0
1,97,224,0.0
1,98,224,0.841
1,99,224,0.0
1,100,224,0.0
1,101,224,0.0
1,102,224,0.0
1,103,224,0.0
1,104,224,0.0
1,105,224,0.0
1,106,224,0.056
1,107,224,0.0
1,108,224,0.0
1,109,224,0.062
1,110,224,0.0
1,111,224,0.968
1,112,224,0.0
1,113,224,0.0
1,114,224,0.524
1,115,224,0.095
1,116,224,0.0
1,117,224,0.0
1,118,224,0.0
1,119,224,0.0
1,120,224,0.126
1,121,224,0.024
1,122,224,0.0
1,123,224,0.0
1,124,224,0.0
1,125,224,0.0
1,126,224,0.0
1,127,224,1.295
1,128,224,0.0
1,129,224,0.0
1,130,224,0.235
1,131,224,0.0
1,132,224,0.659
1,133,224,0.0
1,134,224,0.213
1,135,224,0.0
1,136,224,0.0
1,137,224,0.554
1,138,224,0.0
1,139,224,2.162
1,140,224,0.0
1,141,224,0.0
1,142,224,0.0
1,143,224,0.0
1,144,224,0.0
1,145,224,0.0
1,146,224,0.0
1,147,224,0.103
1,148,224,0.0
1,149,224,0.0
1,150,224,0.33
1,151,224,0.0
1,152,224,0.064
1,153,224,0.0
1,154,224,1.442
1,155,224,0.148
1,156,224,0.3
1,157,224,0.053
1,158,224,0.0
1,159,224,1.873
1,160,224,0.0
1,161,224,0.0
1,162,224,0.245
1,163,224,0.097
1,164,224,1.773
1,165,224,0.0
1,166,224,0.0
1,167,224,0.0
0,2,225,0.0
0,3,225,0.0
0,4,225,0.0
0,5,225,0.0
0,6,225,0.0
0,7,225,0.0
0,8,225,0.0
0,9,225,0.608
0,10,225,0.0
0,11,225,0.0
0,12,225,0.0
0,13,225,0.179
0,14,225,0.0
0,15,225,4.705
0,16,225,1.656
0,17,225,0.0
0,18,225,0.0
0,19,225,0.0
0,20,225,1.263
0,21,225,0.0
0,22,225,3.672
0,23,225,0.0
0,24,225,0.0
0,25,225,0.0
0,26,225,0.0
0,27,225,0.0
0,28,225,0.0
0,29,225,0.0
0,30,225,0.0
0,31,225,3.863
0,32,225,0.0
0,33,225,0.0
0,34,225,0.0
0,35,225,0.0
0,36,225,3.143
0,37,225,1.622
0,38,225,0.0
0,39,225,0.0
0,40,225,2.999
0,41,225,2.008
0,42,225,0.0
0,43,225,0.0
0,44,225,0.0
0,45,225,0.0
0,46,225,3.216
0,47,225,0.0
0,48,225,0.0
0,49,225,0.659
0,50,225,0.0
0,51,225,1.261
0,52,225,1.236
0,53,225,3.488
0,54,225,2.312
0,55,225,0.357
0,56,225,0.0
0,57,225,0.0
0,58,225,0.0
0,59,225,2.835
0,60,225,4.284
0,61,225,0.0
0,62,225,4.636
0,63,225,0.0
0,64,225,0.0
0,65,225,0.0
0,66,225,0.0
0,67,225,0.0
0,68,225,0.0
0,69,225,0.0
0,70,225,0.0
0,71,225,0.0
0,72,225,0.0
0,73,225,0.0
0,74,225,0.0
0,75,225,0.0
0,76,225,0.0
0,77,225,0.245
0,78,225,0.0
0,79,225,5.451
0,80,225,1.62
0,81,225,6.911
0,82,225,0.0
0,83,225,4.061
0,84,225,2.447
0,85,225,0.0
0,86,225,0.0
0,87,225,0.0
0,88,225,8.506
0,89,225,0.749
1,90,225,0.0
1,91,225,0.0
1,92,225,0.071
1,93,225,0.0
1,94,225,0.0
1,95,225,0.0
1,96,225,0.0
1,97,225,0.025
1,98,225,0.014
1,99,225,0.0
1,100,225,0.0
1,101,225,0.0
1,102,225,0.0
1,103,225,0.0
1,104,225,0.0
1,105,225,0.0
1,106,225,0.0
1,107,225,0.0
1,108,225,0.286
1,109,225,0.489
1,110,225,0.0
1,111,225,0.553
1,112,225,0.0
1,113,225,0.0
1,114,225,0.589
1,115,225,0.0
1,116,225,0.0
1,117,225,0.0
1,118,225,0.0
1,119,225,0.0
1,120,225,0.0
1,121,225,0.215
1,122,225,0.0
1,123,225,0.0
1,124,225,0.0
1,125,225,0.0
1,126,225,0.0
1,127,225,0.111
1,128,225,0.0
1,129,225,0.0
1,130,225,0.824
1,131,225,0.0
1,132,225,0.602
1,133,225,0.0
1,134,225,0.0
1,135,225,0.0
1,136,225,0.042
1,137,225,0.0
1,138,225,0.0
1,139,225,2.189
1,140,225,0.0
1,141,225,0.0
1,142,225,0.0
1,143,225,0.0
1,144,225,0.0
1,145,225,0.0
1,146,225,0.0
1,147,225,0.079
1,148,225,0.0
1,149,225,0.0
1,150,225,0.01
1,151,225,0.0
1,152,225,0.0
1,153,225,0.0
1,154,225,1.77
1,155,225,0.286
1,156,225,0.219
1,157,225,0.155
1,158,225,0.0
1,159,225,0.951
1,160,225,0.0
1,161,225,0.0
1,162,225,0.005
1,163,225,0.0
1,164,225,1.695
1,165,225,0.0
1,166,225,0.167
1,167,225,0.0
0,2,226,0.0
0,3,226,1.197
0,4,226,0.0
0,5,226,0.0
0,6,226,0.0
0,7,226,0.0
0,8,226,0.0
0,9,226,1.397
0,10,226,0.0
0,11,226,0.0
0,12,226,0.0
0,13,226,1.27
0,14,226,0.0
0,15,226,6.225
0,16,226,0.0
0,17,226,0.0
0,18,226,0.0
0,19,226,0.042
0,20,226,0.0
0,21,226,0.0
0,22,226,1.754
0,23,226,0.0
0,24,226,0.0
0,25,226,0.0
0,26,226,0.0
0,27,226,0.0
0,28,226,0.0
0,29,226,0.0
0,30,226,0.0
0,31,226,0.0
0,32,226,0.0
0,33,226,0.0
0,34,226,0.0
0,35,226,0.0
0,36,226,0.51
0,37,226,0.0
0,38,226,0.0
0,39,226,0.0
0,40,226,0.0
0,41,226,0.0
0,42,226,0.0
0,43,226,0.0
0,44,226,0.0
0,45,226,0.0
0,46,226,0.0
0,47,226,0.0
0,48,226,0.0
0,49,226,0.0
0,50,226,0.0
0,51,226,0.0
0,52,226,0.0
0,53,226,0.0
0,54,226,0.0
0,55,226,0.0
0,56,226,0.0
0,57,226,1.271
0,58,226,0.0
0,59,226,0.0
0,60,226,3.895
0,61,226,0.0
0,62,226,2.241
0,63,226,0.0
0,64,226,0.0
0,65,226,0.0
0,66,226,0.0
0,67,226,0.0
0,68,226,0.0
0,69,226,0.0
0,70,226,0.0
0,71,226,0.0
0,72,226,0.0
0,73,226,0.0
0,74,226,0.838
0,75,226,0.0
0,76,226,0.0
0,77,226,0.0
0,78,226,0.0
0,79,226,4.748
0,80,226,0.0
0,81,226,4.42
0,82,226,0.0
0,83,226,0.0
0,84,226,0.826
0,85,226,0.0
0,86,226,0.0
0,87,226,0.0
0,88,226,7.479
0,89,226,0.0
1,90,226,0.0
1,91,226,0.0
1,92,226,0.0
1,93,226,0.0
1,94,226,0.0
1,95,226,0.0
1,96,226,0.0
1,97,226,0.0
1,98,226,1.647
1,99,226,0.0
1,100,226,0.0
1,101,226,0.0
1,102,226,0.0
1,103,226,0.0
1,104,226,0.0
1,105,226,0.0
1,106,226,0.0
1,107,226,0.0
1,108,226,0.0
1,109,226,0.0
1,110,226,0.0
1,111,226,0.47
1,112,226,0.0
1,113,226,0.0
1,114,226,0.23
1,115,226,0.0
1,116,226,0.0
1,117,226,0.0
1,118,226,0.843
1,119,226,0.0
1,120,226,0.292
1,121,226,0.0
1,122,226,0.0
1,123,226,0.0
1,124,226,0.0
1,125,226,0.0
1,126,226,0.0
1,127,226,0.0
1,128,226,0.0
1,129,226,0.0
1,130,226,0.449
1,131,226,0.0
1,132,226,0.0
1,133,226,0.0
1,134,226,0.226
1,135,226,0.0
1,136,226,0.0
1,137,226,0.016
1,138,226,0.0
1,139,226,1.303
1,140,226,0.0
1,141,226,0.0
1,142,226,0.0
1,143,226,0.0
1,144,226,0.0
1,145,226,0.0
1,146,226,0.0
1,147,226,0.0
1,148,226,0.0
1,149,226,0.0
1,150,226,0.426
1,151,226,0.0
1,152,226,0.0
1,153,226,0.0
1,154,226,0.905
1,155,226,0.002
1,156,226,0.133
1,157,226,0.068
1,158,226,0.0
1,159,226,0.885
1,160,226,0.0
1,161,226,0.0
1,162,226,0.0
1,163,226,0.0
1,164,226,0.426
1,165,226,0.0
1,166,226,0.0
1,167,226,0.0
0,2,227,0.0
0,3,227,0.0
0,4,227,0.768
0,5,227,0.0
0,6,227,0.0
0,7,227,0.0
0,8,227,0.0
0,9,227,0.0
0,10,227,0.0
0,11,227,0.0
0,12,227,0.0
0,13,227,2.877
0,14,227,0.415
0,15,227,6.197
0,16,227,0.0
0,17,227,0.0
0,18,227,0.0
0,19,227,0.0
0,20,227,0.0
0,21,227,0.0
0,22,227,2.353
0,23,227,0.0
0,24,227,0.0
0,25,227,1.758
0,26,227,0.0
0,27,227,1.253
0,28,227,0.0
0,29,227,0.0
0,30,227,0.0
0,31,227,2.187
0,32,227,0.0
0,33,227,0.056
0,34,227,0.0
0,35,227,0.0
0,36,227,3.696
0,37,227,1.538
0,38,227,1.642
0,39,227,0.0
0,40,227,0.0
0,41,227,2.198
0,42,227,0.0
0,43,227,0.0
0,44,227,0.0
0,45,227,0.0
0,46,227,3.068
0,47,227,0.0
0,48,227,0.0
0,49,227,0.0
0,50,227,0.0
0,51,227,0.521
0,52,227,0.0
0,53,227,0.232
0,54,227,0.945
0,55,227,0.992
0,56,227,0.0
0,57,227,0.0
0,58,227,1.178
0,59,227,1.312
0,60,227,4.779
0,61,227,0.0
0,62,227,4.356
0,63,227,0.0
0,64,227,0.0
0,65,227,0.0
0,66,227,0.354
0,67,227,1.295
0,68,227,0.0
0,69,227,0.0
0,70,227,0.0
0,71,227,0.0
0,72,227,0.0
0,73,227,0.0
0,74,227,0.504
0,75,227,0.0
0,76,227,0.0
0,77,227,0.488
0,78,227,0.0
0,79,227,5.871
0,80,227,2.057
0,81,227,7.297
0,82,227,0.0
0,83,227,3.114
0,84,227,0.0
0,85,227,0.0
0,86,227,0.0
0,87,227,0.0
0,88,227,8.715
0,89,227,0.0
1,90,227,0.0
1,91,227,0.088
1,92,227,0.064
1,93,227,0.0
1,94,227,0.0
1,95,227,0.0
1,96,227,0.0
1,97,227,0.0
1,98,227,1.446
1,99,227,0.0
1,100,227,0.0
1,101,227,0.0
1,102,227,0.0
1,103,227,0.0
1,104,227,0.0
1,105,227,0.0
1,106,227,0.191
1,107,227,0.0
1,108,227,0.162
1,109,227,0.0
1,110,227,0.0
1,111,227,0.957
1,112,227,0.0
1,113,227,0.0
1,114,227,0.415
1,115,227,0.0
1,116,227,0.0
1,117,227,0.0
1,118,227,1.046
1,119,227,0.022
1,120,227,0.161
1,121,227,0.0
1,122,227,0.256
1,123,227,0.0
1,124,227,0.157
1,125,227,0.0
1,126,227,0.0
1,127,227,0.253
1,128,227,0.0
1,129,227,0.0
1,130,227,0.742
1,131,227,0.0
1,132,227,0.31
1,133,227,0.0
1,134,227,0.562
1,135,227,0.0
1,136,227,0.0
1,137,227,0.158
1,138,227,0.0
1,139,227,2.553
1,140,227,0.0
1,141,227,0.0
1,142,227,0.0
1,143,227,0.0
1,144,227,0.127
1,145,227,0.0
1,146,227,0.062
1,147,227,0.137
1,148,227,0.0
1,149,227,0.0
1,150,227,0.428
1,151,227,0.0
1,152,227,0.0
1,153,227,0.0
1,154,227,1.831
1,155,227,0.0
1,156,227,0.635
1,157,227,0.0
1,158,227,0.0
1,159,227,0.0
1,160,227,0.286
1,161,227,0.0
1,162,227,0.0
1,163,227,0.122
1,164,227,1.823
1,165,227,0.0
1,166,227,0.0
1,167,227,0.0
0,2,228,0.0
0,3,228,0.0
0,4,228,0.0
0,5,228,0.0
0,6,228,3.293
0,7,228,0.0
0,8,228,0.0
0,9,228,0.0
0,10,228,0.0
0,11,228,0.0
0,12,228,0.0
0,13,228,2.219
0,14,228,0.0
0,15,228,5.928
0,16,228,0.33
0,17,228,0.0
0,18,228,0.0
0,19,228,0.0
0,20,228,0.0
0,21,228,0.0
0,22,228,2.226
0,23,228,0.0
0,24,228,0.0
0,25,228,0.0
0,26,228,0.0
0,27,228,0.095
0,28,228,0.0
0,29,228,0.0
0,30,228,0.0
0,31,228,3.641
0,32,228,0.0
0,33,228,0.0
0,34,228,0.0
0,35,228,0.0
0,36,228,5.022
0,37,228,0.0
0,38,228,1.376
0,39,228,0.0
0,40,228,0.0
0,41,228,0.0
0,42,228,0.0
0,43,228,0.0
0,44,228,0.0
0,45,228,0.0
0,46,228,0.0
0,47,228,0.0
0,48,228,0.0
0,49,228,0.06
0,50,228,0.0
0,51,228,1.104
0,52,228,0.0
0,53,228,2.188
0,54,228,1.149
0,55,228,0.0
0,56,228,0.0
0,57,228,0.0
0,58,228,0.219
0,59,228,1.746
0,60,228,3.076
0,61,228,0.0
0,62,228,2.707
0,63,228,0.0
0,64,228,0.0
0,65,228,0.0
0,66,228,0.0
0,67,228,0.878
0,68,228,0.0
0,69,228,0.0
0,70,228,1.487
0,71,228,0.0
0,72,228,0.0
0,73,228,1.471
0,74,228,0.922
0,75,228,0.0
0,76,228,0.0
0,77,228,0.0
0,78,228,0.0
0,79,228,4.633
0,80,228,3.19
0,81,228,5.171
0,82,228,0.0
0,83,228,3.346
0,84,228,0.0
0,85,228,0.0
0,86,228,0.0
0,87,228,0.0
0,88,228,8.344
0,89,228,0.0
1,90,228,0.047
1,91,228,0.0
1,92,228,0.077
1,93,228,0.0
1,94,228,0.0
1,95,228,0.0
1,96,228,0.0
1,97,228,0.0
1,98,228,0.766
1,99,228,0.0
1,100,228,0.0
1,101,228,0.0
1,102,228,0.0
1,103,228,0.0
1,104,228,0.0
1,105,228,0.0
1,106,228,0.0
1,107,228,0.0
1,108,228,0.12
1,109,228,0.717
1,110,228,0.0
1,111,228,0.776
1,112,228,0.0
1,113,228,0.0
1,114,228,0.37
1,115,228,0.0
1,116,228,0.0
1,117,228,0.0
1,118,228,0.064
1,119,228,0.044
1,120,228,0.0
1,121,228,0.0
1,122,228,0.151
1,123,228,0.0
1,124,228,0.0
1,125,228,0.0
1,126,228,0.0
1,127,228,0.0
1,128,228,0.0
1,129,228,0.0
1,130,228,0.173
1,131,228,0.0
1,132,228,0.037
1,133,228,0.0
1,134,228,0.0
1,135,228,0.0
1,136,228,0.0
1,137,228,0.633
1,138,228,0.0
1,139,228,1.961
1,140,228,0.0
1,141,228,0.0
1,142,228,0.0
1,143,228,0.0
1,144,228,0.11
1,145,228,0.0
1,146,228,0.0
1,147,228,0.216
1,148,228,0.0
1,149,228,0.0
1,150,228,0.856
1,151,228,0.0
1,152,228,0.0
1,153,228,0.0
1,154,228,1.062
1,155,228,0.1
1,156,228,0.759
1,157,228,0.0
1,158,228,0.0
1,159,228,0.559
1,160,228,0.0
1,161,228,0.0
1,162,228,0.0
1,163,228,0.0
1,164,228,0.756
1,165,228,0.0
1,166,228,0.0
1,167,228,0.0
0,2,229,0.0
0,3,229,0.0
0,4,229,2.227
0,5,229,0.0
0,6,229,2.037
0,7,229,0.0
0,8,229,0.0
0,9,229,0.823
0,10,229,0.0
0,11,229,0.0
0,12,229,0.0
0,13,229,3.466
0,14,229,0.632
0,15,229,5.466
0,16,229,3.453
0,17,229,0.0
0,18,229,0.0
0,19,229,1.006
0,20,229,0.052
0,21,229,0.0
0,22,229,4.171
0,23,229,0.0
0,24,229,0.0
0,25,229,0.0
0,26,229,0.0
0,27,229,0.0
0,28,229,0.0
0,29,229,0.0
0,30,229,0.0
0,31,229,3.244
0,32,229,0.0
0,33,229,1.02
0,34,229,0.0
0,35,229,0.0
0,36,229,3.253
0,37,229,2.167
0,38,229,0.264
0,39,229,0.0
0,40,229,0.0
0,41,229,0.0
0,42,229,0.0
0,43,229,0.0
0,44,229,0.0
0,45,229,0.0
0,46,229,3.165
0,47,229,0.0
0,48,229,0.0
0,49,229,0.0
0,50,229,0.0
0,51,229,0.0
0,52,229,1.601
0,53,229,0.0
0,54,229,0.0
0,55,229,2.021
0,56,229,0.0
0,57,229,1.689
0,58,229,0.0
0,59,229,3.522
0,60,229,5.719
0,61,229,0.0
0,62,229,4.904
0,63,229,0.0
0,64,229,0.0
0,65,229,0.0
0,66,229,0.0
0,67,229,1.856
0,68,229,0.0
0,69,229,0.0
0,70,229,0.0
0,71,229,0.0
0,72,229,0.0
0,73,229,2.297
0,74,229,0.621
0,75,229,0.0
0,76,229,0.0
0,77,229,0.0
0,78,229,0.0
0,79,229,6.094
0,80,229,1.238
0,81,229,6.057
0,82,229,0.0
0,83,229,4.432
0,84,229,4.329
0,85,229,0.0
0,86,229,0.0
0,87,229,0.0
0,88,229,8.095
0,89,229,0.0
1,90,229,0.038
1,91,229,0.168
1,92,229,0.209
1,93,229,0.0
1,94,229,0.0
1,95,229,0.0
1,96,229,0.0
1,97,229,0.0
1,98,229,0.932
1,99,229,0.0
1,100,229,0.0
1,101,229,0.0
1,102,229,0.0
1,103,229,0.0
1,104,229,0.0
1,105,229,0.0
1,106,229,0.0
1,107,229,0.0
1,108,229,0.441
1,109,229,0.055
1,110,229,0.036
1,111,229,1.054
1,112,229,0.0
1,113,229,0.0
1,114,229,0.496
1,115,229,0.0
1,116,229,0.0
1,117,229,0.0
1,118,229,0.264
1,119,229,0.284
1,120,229,0.0
1,121,229,0.0
1,122,229,0.345
1,123,229,0.0
1,124,229,0.0
1,125,229,0.0
1,126,229,0.0
1,127,229,0.328
1,128,229,0.0
1,129,229,0.0
1,130,229,1.16
1,131,229,0.0
1,132,229,0.602
1,133,229,0.0
1,134,229,0.15
1,135,229,0.057
1,136,229,0.171
1,137,229,0.221
1,138,229,0.0
1,139,229,2.225
1,140,229,0.171
1,141,229,0.0
1,142,229,0.0
1,143,229,0.0
1,144,229,0.0
1,145,229,0.0
1,146,229,0.197
1,147,229,0.231
1,148,229,0.0
1,149,229,0.01
1,150,229,0.312
1,151,229,0.0
1,152,229,0.173
1,153,229,0.0
1,154,229,2.071
1,155,229,0.313
1,156,229,0.506
1,157,229,0.199
1,158,229,0.0
1,159,229,0.229
1,160,229,0.676
1,161,229,0.26
1,162,229,0.621
1,163,229,0.114
1,164,229,2.023
1,165,229,0.0
1,166,229,0.268
1,167,229,0.0
0,2,230,0.0
0,3,230,0.0
0,4,230,0.0
0,5,230,0.0
0,6,230,0.0
0,7,230,0.0
0,8,230,0.0
0,9,230,0.0
0,10,230,0.0
0,11,230,1.429
0,12,230,0.0
0,13,230,0.149
0,14,230,0.0
0,15,230,3.535
0,16,230,0.0
0,17,230,0.0
0,18,230,0.0
0,19,230,0.0
0,20,230,0.0
0,21,230,0.0
0,22,230,0.311
0,23,230,0.0
0,24,230,0.0
0,25,230,0.0
0,26,230,0.0
0,27,230,0.0
0,28,230,0.0
0,29,230,0.0
0,30,230,0.492
0,31,230,2.089
0,32,230,0.0
0,33,230,0.0
0,34,230,0.0
0,35,230,0.0
0,36,230,2.862
0,37,230,0.0
0,38,230,0.0
0,39,230,0.0
0,40,230,4.522
0,41,230,3.415
0,42,230,0.0
0,43,230,0.0
0,44,230,0.0
0,45,230,0.0
0,46,230,2.688
0,47,230,0.0
0,48,230,0.0
0,49,230,0.0
0,50,230,0.733
0,51,230,0.0
0,52,230,0.0
0,53,230,0.0
0,54,230,0.0
0,55,230,0.0
0,56,230,0.0
0,57,230,0.0
0,58,230,0.0
0,59,230,1.326
0,60,230,3.174
0,61,230,0.0
0,62,230,3.121
0,63,230,0.0
0,64,230,0.0
0,65,230,0.0
0,66,230,0.0
0,67,230,0.0
0,68,230,0.0
0,69,230,0.0
0,70,230,1.258
0,71,230,0.0
0,72,230,0.0
0,73,230,0.432
0,74,230,0.0
0,75,230,0.0
0,76,230,0.0
0,77,230,0.0
0,78,230,1.293
0,79,230,4.401
0,80,230,0.134
0,81,230,6.205
0,82,230,0.0
0,83,230,1.062
0,84,230,1.256
0,85,230,0.0
0,86,230,0.0
0,87,230,0.0
0,88,230,7.439
0,89,230,0.0
1,90,230,0.0
1,91,230,0.0
1,92,230,0.0
1,93,230,0.0
1,94,230,0.0
1,95,230,0.0
1,96,230,0.0
1,97,230,0.0
1,98,230,0.535
1,99,230,1.047
1,100,230,0.0
1,101,230,0.0
1,102,230,0.0
1,103,230,0.0
1,104,230,0.0
1,105,230,0.0
1,106,230,0.0
1,107,230,0.0
1,108,230,0.0
1,109,230,1.675
1,110,230,0.0
1,111,230,0.0
1,112,230,0.0
1,113,230,0.0
1,114,230,0.0
1,115,230,0.0
1,116,230,0.07
1,117,230,0.0
1,118,230,0.233
1,119,230,0.0
1,120,230,0.0
1,121,230,0.0
1,122,230,0.0
1,123,230,0.0
1,124,230,0.0
1,125,230,0.2
1,126,230,0.194
1,127,230,0.0
1,128,230,0.0
1,129,230,0.0
1,130,230,0.523
1,131,230,0.023
1,132,230,0.0
1,133,230,0.0
1,134,230,0.0
1,135,230,0.0
1,136,230,0.0
1,137,230,0.0
1,138,230,0.0
1,139,230,2.744
1,140,230,0.0
1,141,230,0.0
1,142,230,0.0
1,143,230,0.0
1,144,230,0.0
1,145,230,0.315
1,146,230,0.0
1,147,230,0.19
1,148,230,0.0
1,149,230,0.081
1,150,230,0.0
1,151,230,0.0
1,152,230,0.012
1,153,230,0.0
1,154,230,1.8
1,155,230,0.0
1,156,230,0.0
1,157,230,0.0
1,158,230,0.0
1,159,230,1.979
1,160,230,0.0
1,161,230,0.0
1,162,230,0.0
1,163,230,0.0
1,164,230,1.327
1,165,230,0.0
1,166,230,0.0
1,167,230,0.0
0,2,231,0.0
0,3,231,0.0
0,4,231,0.0
0,5,231,0.0
0,6,231,2.387
0,7,231,0.0
0,8,231,0.0
0,9,231,0.0
0,10,231,0.0
0,11,231,0.0
0,12,231,0.0
0,13,231,1.025
0,14,231,0.001
0,15,231,5.338
0,16,231,4.432
0,17,231,0.0
0,18,231,0.016
0,19,231,0.0
0,20,231,0.0
0,21,231,0.0
0,22,231,1.909
0,23,231,0.0
0,24,231,0.0
0,25,231,0.0
0,26,231,0.0
0,27,231,0.0
0,28,231,0.0
0,29,231,0.0
0,30,231,0.0
0,31,231,1.115
0,32,231,0.843
0,33,231,0.621
0,34,231,0.0
0,35,231,3.245
0,36,231,1.352
0,37,231,0.441
0,38,231,0.0
0,39,231,0.0
0,40,231,3.555
0,41,231,5.941
0,42,231,0.0
0,43,231,0.0
0,44,231,0.0
0,45,231,0.292
0,46,231,0.498
0,47,231,0.0
0,48,231,0.0
0,49,231,0.0
0,50,231,0.0
0,51,231,0.0
0,52,231,0.0
0,53,231,0.0
0,54,231,1.157
0,55,231,0.074
0,56,231,0.0
0,57,231,0.0
0,58,231,1.488
0,59,231,2.147
0,60,231,2.484
0,61,231,0.0
0,62,231,0.0
0,63,231,0.0
0,64,231,0.0
0,65,231,0.0
0,66,231,0.0
0,67,231,0.305
0,68,231,0.0
0,69,231,0.0
0,70,231,1.681
0,71,231,0.0
0,72,231,0.0
0,73,231,0.308
0,74,231,1.064
0,75,231,0.0
0,76,231,0.0
0,77,231,0.0
0,78,231,2.165
0,79,231,5.135
0,80,231,0.301
0,81,231,5.295
0,82,231,0.0
0,83,231,4.394
0,84,231,3.054
0,85,231,0.0
0,86,231,0.004
0,87,231,0.0
0,88,231,8.713
0,89,231,0.0
1,90,231,0.0
1,91,231,0.0
1,92,231,0.0
1,93,231,0.0
1,94,231,0.0
1,95,231,0.0
1,96,231,0.0
1,97,231,0.0
1,98,231,1.116
1,99,231,0.0
1,100,231,0.0
1,101,231,0.0
1,102,231,0.0
1,103,231,0.0
1,104,231,0.0
1,105,231,0.0
1,106,231,0.0
1,107,231,0.0
1,108,231,0.0
1,109,231,1.129
1,110,231,0.0
1,111,231,0.0
1,112,231,0.054
1,113,231,0.0
1,114,231,0.0
1,115,231,0.0
1,116,231,0.215
1,117,231,0.0
1,118,231,0.074
1,119,231,0.0
1,120,231,0.0
1,121,231,0.0
1,122,231,0.0
1,123,231,0.0
1,124,231,0.0
1,125,231,0.0
1,126,231,0.611
1,127,231,0.028
1,128,231,0.0
1,129,231,0.0
1,130,231,0.0
1,131,231,0.196
1,132,231,0.0
1,133,231,0.0
1,134,231,0.0
1,135,231,0.0
1,136,231,0.0
1,137,231,0.486
1,138,231,0.0
1,139,231,2.837
1,140,231,0.0
1,141,231,0.0
1,142,231,0.0
1,143,231,0.0
1,144,231,0.0
1,145,231,0.281
1,146,231,0.428
1,147,231,0.132
1,148,231,0.0
1,149,231,0.214
1,150,231,1.099
1,151,231,0.263
1,152,231,0.0
1,153,231,0.0
1,154,231,1.868
1,155,231,0.0
1,156,231,0.0
1,157,231,0.0
1,158,231,0.0
1,159,231,1.613
1,160,231,0.0
1,161,231,0.0
1,162,231,0.0
1,163,231,0.0
1,164,231,2.023
1,165,231,0.0
1,166,231,0.215
1,167,231,0.0
0,2,232,0.0
0,3,232,0.0
0,4,232,0.47
0,5,232,0.0
0,6,232,0.0
0,7,232,0.174
0,8,232,0.0
0,9,232,0.0
0,10,232,0.0
0,11,232,0.0
0,12,232,0.0
0,13,232,0.777
0,14,232,0.0
0,15,232,3.091
0,16,232,2.754
0,17,232,0.0
0,18,232,0.0
0,19,232,0.0
0,20,232,0.0
0,21,232,0.0
0,22,232,3.232
0,23,232,0.0
0,24,232,0.0
0,25,232,1.583
0,26,232,0.0
0,27,232,0.0
0,28,232,0.0
0,29,232,0.0
0,30,232,0.0
0,31,232,4.034
0,32,232,0.0
0,33,232,0.0
0,34,232,0.0
0,35,232,0.0
0,36,232,0.0
0,37,232,2.197
0,38,232,0.0
0,39,232,0.0
0,40,232,3.248
0,41,232,1.53
0,42,232,0.0
0,43,232,0.0
0,44,232,0.0
0,45,232,0.0
0,46,232,1.989
0,47,232,0.0
0,48,232,0.0
0,49,232,0.0
0,50,232,0.0
0,51,232,0.0
0,52,232,0.0
0,53,232,0.781
0,54,232,0.0
0,55,232,0.365
0,56,232,0.0
0,57,232,0.0
0,58,232,0.0
0,59,232,0.0
0,60,232,2.71
0,61,232,0.0
0,62,232,0.439
0,63,232,0.0
0,64,232,0.0
0,65,232,0.0
0,66,232,0.0
0,67,232,0.337
0,68,232,0.0
0,69,232,0.0
0,70,232,3.047
0,71,232,0.0
0,72,232,0.0
0,73,232,0.0
0,74,232,0.13
0,75,232,0.0
0,76,232,0.0
0,77,232,0.0
0,78,232,0.0
0,79,232,4.197
0,80,232,0.262
0,81,232,3.935
0,82,232,0.0
0,83,232,1.788
0,84,232,0.0
0,85,232,0.0
0,86,232,0.0
0,87,232,0.0
0,88,232,6.863
0,89,232,0.0
1,90,232,0.0
1,91,232,0.038
1,92,232,0.095
1,93,232,0.0
1,94,232,0.0
1,95,232,0.0
1,96,232,0.0
1,97,232,0.0
1,98,232,1.226
1,99,232,0.0
1,100,232,0.0
1,101,232,0.0
1,102,232,0.0
1,103,232,0.0
1,104,232,0.0
1,105,232,0.0
1,106,232,0.0
1,107,232,0.086
1,108,232,0.083
1,109,232,0.811
1,110,232,0.0
1,111,232,0.0
1,112,232,0.093
1,113,232,0.0
1,114,232,0.0
1,115,232,0.0
1,116,232,0.089
1,117,232,0.0
1,118,232,0.406
1,119,232,0.0
1,120,232,0.0
1,121,232,0.781
1,122,232,0.0
1,123,232,0.0
1,124,232,0.0
1,125,232,0.0
1,126,232,0.942
1,127,232,0.0
1,128,232,0.0
1,129,232,0.0
1,130,232,0.0
1,131,232,0.137
1,132,232,0.0
1,133,232,0.0
1,134,232,0.0
1,135,232,0.0
1,136,232,0.0
1,137,232,0.0
1,138,232,0.0
1,139,232,0.0
1,140,232,0.0
1,141,232,0.0
1,142,232,0.0
1,143,232,0.0
1,144,232,0.0
1,145,232,0.217
1,146,232,0.0
1,147,232,0.391
1,148,232,0.0
1,149,232,0.0
1,150,232,0.337
1,151,232,0.0
1,152,232,0.096
1,153,232,0.0
1,154,232,0.0
1,155,232,0.0
1,156,232,0.0
1,157,232,0.0
1,158,232,0.0
1,159,232,2.021
1,160,232,0.0
1,161,232,0.0
1,162,232,0.0
1,163,232,0.0
1,164,232,0.124
1,165,232,0.0
1,166,232,1.78
1,167,232,0.0
0,2,233,0.0
0,3,233,0.0
0,4,233,0.436
0,5,233,0.0
0,6,233,1.701
0,7,233,0.0
0,8,233,0.0
0,9,233,0.0
0,10,233,0.0
0,11,233,0.0
0,12,233,0.0
0,13,233,0.0
0,14,233,0.0
0,15,233,3.216
0,16,233,1.042
0,17,233,0.0
0,18,233,0.0
0,19,233,1.936
0,20,233,0.0
0,21,233,0.0
0,22,233,0.92
0,23,233,0.0
0,24,233,0.0
0,25,233,0.0
0,26,233,0.0
0,27,233,0.0
0,28,233,0.0
0,29,233,0.0
0,30,233,0.0
0,31,233,0.0
0,32,233,0.0
0,33,233,0.0
0,34,233,0.0
0,35,233,0.0
0,36,233,0.0
0,37,233,1.303
0,38,233,0.0
0,39,233,0.0
0,40,233,0.72
0,41,233,3.294
0,42,233,0.0
0,43,233,0.0
0,44,233,0.0
0,45,233,0.0
0,46,233,4.03
0,47,233,0.0
0,48,233,0.0
0,49,233,0.0
0,50,233,0.0
0,51,233,0.0
0,52,233,0.0
0,53,233,0.0
0,54,233,0.543
0,55,233,0.479
0,56,233,0.0
0,57,233,0.0
0,58,233,0.0
0,59,233,2.53
0,60,233,3.333
0,61,233,0.0
0,62,233,2.377
0,63,233,0.0
0,64,233,0.0
0,65,233,0.0
0,66,233,0.0
0,67,233,0.0
0,68,233,0.0
0,69,233,0.0
0,70,233,0.0
0,71,233,0.0
0,72,233,0.0
0,73,233,0.0
0,74,233,0.0
0,75,233,0.0
0,76,233,0.0
0,77,233,0.0
0,78,233,0.0
0,79,233,5.175
0,80,233,0.0
0,81,233,3.146
0,82,233,0.0
0,83,233,4.566
0,84,233,2.505
0,85,233,0.0
0,86,233,0.0
0,87,233,0.0
0,88,233,7.604
0,89,233,0.0
1,90,233,0.0
1,91,233,0.056
1,92,233,0.0
1,93,233,0.0
1,94,233,0.0
1,95,233,0.0
1,96,233,0.0
1,97,233,0.0
1,98,233,0.971
1,99,233,0.0
1,100,233,0.0
1,101,233,0.0
1,102,233,0.0
1,103,233,0.0
1,104,233,0.0
1,105,233,0.0
1,106,233,0.0
1,107,233,0.0
1,108,233,0.0
1,109,233,0.0
1,110,233,0.0
1,111,233,0.0
1,112,233,0.059
1,113,233,0.0
1,114,233,0.0
1,115,233,0.0
1,116,233,0.229
1,117,233,0.0
1,118,233,0.715
1,119,233,0.0
1,120,233,0.0
1,121,233,0.0
1,122,233,0.0
1,123,233,0.0
1,124,233,0.0
1,125,233,0.351
1,126,233,0.6
1,127,233,0.0
1,128,233,0.075
1,129,233,0.0
1,130,233,0.499
1,131,233,0.0
1,132,233,0.0
1,133,233,0.0
1,134,233,0.0
1,135,233,0.0
1,136,233,0.0
1,137,233,0.0
1,138,233,0.0
1,139,233,0.0
1,140,233,0.0
1,141,233,0.0
1,142,233,0.0
1,143,233,0.0
1,144,233,0.0
1,145,233,0.247
1,146,233,1.637
1,147,233,0.391
1,148,233,0.0
1,149,233,0.0
1,150,233,1.037
1,151,233,0.0
1,152,233,0.0
1,153,233,0.0
1,154,233,0.0
1,155,233,0.0
1,156,233,0.0
1,157,233,0.0
1,158,233,0.0
1,159,233,1.47
1,160,233,0.0
1,161,233,0.0
1,162,233,0.0
1,163,233,0.0
1,164,233,0.873
1,165,233,0.0
1,166,233,1.091
1,167,233,0.0
0,2,234,0.0
0,3,234,0.0
0,4,234,0.0
0,5,234,0.0
0,6,234,2.228
0,7,234,0.0
0,8,234,0.0
0,9,234,0.0
0,10,234,0.0
0,11,234,0.0
0,12,234,0.0
0,13,234,1.887
0,14,234,0.915
0,15,234,5.358
0,16,234,0.0
0,17,234,0.0
0,18,234,0.0
0,19,234,0.0
0,20,234,0.0
0,21,234,0.0
0,22,234,2.914
0,23,234,0.0
0,24,234,0.0
0,25,234,2.779
0,26,234,0.0
0,27,234,0.0
0,28,234,0.0
0,29,234,0.0
0,30,234,0.0
0,31,234,3.346
0,32,234,0.0
0,33,234,0.0
0,34,234,0.0
0,35,234,0.0
0,36,234,3.211
0,37,234,0.0
0,38,234,0.0
0,39,234,0.0
0,40,234,2.669
0,41,234,1.978
0,42,234,0.0
0,43,234,0.0
0,44,234,0.0
0,45,234,0.0
0,46,234,0.0
0,47,234,0.0
0,48,234,0.0
0,49,234,0.0
0,50,234,0.0
0,51,234,2.16
0,52,234,0.0
0,53,234,2.252
0,54,234,0.0
0,55,234,0.426
0,56,234,0.0
0,57,234,0.0
0,58,234,0.482
0,59,234,3.216
0,60,234,3.179
0,61,234,0.0
0,62,234,1.652
0,63,234,0.0
0,64,234,0.0
0,65,234,0.0
0,66,234,0.0
0,67,234,0.192
0,68,234,0.0
0,69,234,0.0
0,70,234,0.589
0,71,234,0.0
0,72,234,0.0
0,73,234,0.0
0,74,234,0.434
0,75,234,1.463
0,76,234,0.0
0,77,234,0.0
0,78,234,2.073
0,79,234,4.055
0,80,234,4.765
0,81,234,2.727
0,82,234,0.0
0,83,234,3.019
0,84,234,4.079
0,85,234,0.0
0,86,234,0.0
0,87,234,0.0
0,88,234,7.977
0,89,234,0.0
1,90,234,0.0
1,91,234,0.0
1,92,234,0.187
1,93,234,0.0
1,94,234,0.0
1,95,234,0.0
1,96,234,0.0
1,97,234,0.0
1,98,234,1.507
1,99,234,0.0
1,100,234,0.0
1,101,234,0.246
1,102,234,0.0
1,103,234,0.0
1,104,234,0.0
1,105,234,0.0
1,106,234,0.0
1,107,234,0.0
1,108,234,0.0
1,109,234,0.931
1,110,234,0.0
1,111,234,0.0
1,112,234,0.038
1,113,234,0.0
1,114,234,0.0
1,115,234,0.0
1,116,234,0.072
1,117,234,0.0
1,118,234,0.67
1,119,234,0.0
1,120,234,0.0
1,121,234,0.0
1,122,234,0.0
1,123,234,0.0
1,124,234,0.118
1,125,234,0.0
1,126,234,0.999
1,127,234,0.0
1,128,234,0.0
1,129,234,0.0
1,130,234,0.0
1,131,234,0.307
1,132,234,0.0
1,133,234,0.0
1,134,234,0.0
1,135,234,0.0
1,136,234,0.0
1,137,234,0.0
1,138,234,0.0
1,139,234,0.0
1,140,234,0.0
1,141,234,0.0
1,142,234,0.0
1,143,234,0.0
1,144,234,0.034
1,145,234,0.426
1,146,234,0.593
1,147,234,0.471
1,148,234,0.0
1,149,234,0.0
1,150,234,0.631
1,151,234,0.0
1,152,234,0.059
1,153,234,0.0
1,154,234,0.0
1,155,234,0.304
1,156,234,0.0
1,157,234,0.0
1,158,234,0.0
1,159,234,2.33
1,160,234,0.0
1,161,234,0.0
1,162,234,0.0
1,163,234,0.0
1,164,234,2.0
1,165,234,0.0
1,166,234,1.07
1,167,234,0.0
0,2,235,0.0
0,3,235,0.0
0,4,235,0.0
0,5,235,0.0
0,6,235,0.0
0,7,235,0.0
0,8,235,0.0
0,9,235,0.0
0,10,235,0.0
0,11,235,0.0
0,12,235,0.0
0,13,235,0.0
0,14,235,0.357
0,15,235,4.098
0,16,235,3.036
0,17,235,0.0
0,18,235,0.0
0,19,235,0.0
0,20,235,0.0
0,21,235,0.0
0,22,235,1.273
0,23,235,0.0
0,24,235,0.0
0,25,235,0.0
0,26,235,0.0
0,27,235,0.0
0,28,235,0.0
0,29,235,0.0
0,30,235,0.0
0,31,235,1.343
0,32,235,0.0
0,33,235,0.0
0,34,235,0.0
0,35,235,0.0
0,36,235,2.082
0,37,235,1.893
0,38,235,0.0
0,39,235,0.0
0,40,235,3.095
0,41,235,5.339
0,42,235,0.0
0,43,235,0.009
0,44,235,0.0
0,45,235,1.403
0,46,235,2.514
0,47,235,0.0
0,48,235,0.0
0,49,235,0.0
0,50,235,0.0
0,51,235,0.0
0,52,235,0.0
0,53,235,0.0
0,54,235,0.0
0,55,235,0.0
0,56,235,0.0
0,57,235,0.0
0,58,235,0.0
0,59,235,1.97
0,60,235,2.265
0,61,235,0.0
0,62,235,1.466
0,63,235,0.0
0,64,235,0.0
0,65,235,0.0
0,66,235,0.0
0,67,235,0.0
0,68,235,0.0
0,69,235,0.0
0,70,235,1.729
0,71,235,0.0
0,72,235,0.0
0,73,235,0.788
0,74,235,0.0
0,75,235,0.0
0,76,235,0.0
0,77,235,0.0
0,78,235,3.185
0,79,235,4.412
0,80,235,1.451
0,81,235,3.379
0,82,235,0.0
0,83,235,1.584
0,84,235,0.0
0,85,235,0.0
0,86,235,0.0
0,87,235,0.0
0,88,235,6.888
0,89,235,0.0
1,90,235,0.0
1,91,235,0.0
1,92,235,0.031
1,93,235,0.0
1,94,235,0.0
1,95,235,0.0
1,96,235,0.0
1,97,235,0.0
1,98,235,0.592
1,99,235,0.0
1,100,235,0.0
1,101,235,0.0
1,102,235,0.0
1,103,235,0.0
1,104,235,0.0
1,105,235,0.0
1,106,235,0.0
1,107,235,0.0
1,108,235,0.0
1,109,235,0.0
1,110,235,0.0
1,111,235,0.0
1,112,235,0.0
1,113,235,0.0
1,114,235,0.0
1,115,235,0.0
1,116,235,0.0
1,117,235,0.0
1,118,235,0.503
1,119,235,0.0
1,120,235,0.0
1,121,235,0.0
1,122,235,0.0
1,123,235,0.0
1,124,235,0.0
1,125,235,0.0
1,126,235,0.737
1,127,235,0.0
1,128,235,0.0
1,129,235,0.0
1,130,235,0.0
1,131,235,0.0
1,132,235,0.0
1,133,235,0.0
1,134,235,0.0
1,135,235,0.0
1,136,235,0.0
1,137,235,0.0
1,138,235,0.0
1,139,235,0.117
1,140,235,0.0
1,141,235,0.0
1,142,235,0.0
1,143,235,0.0
1,144,235,0.0
1,145,235,0.277
1,146,235,0.662
1,147,235,0.0
1,148,235,0.0
1,149,235,0.0
1,150,235,0.975
1,151,235,0.0
1,152,235,0.0
1,153,235,0.0
1,154,235,0.029
1,155,235,0.0
1,156,235,0.0
1,157,235,0.0
1,158,235,0.0
1,159,235,1.884
1,160,235,0.0
1,161,235,0.0
1,162,235,0.0
1,163,235,0.0
1,164,235,0.325
1,165,235,0.0
1,166,235,0.035
1,167,235,0.0
0,2,236,0.0
0,3,236,0.0
0,4,236,2.222
0,5,236,0.0
0,6,236,2.202
0,7,236,0.0
0,8,236,0.0
0,9,236,0.0
0,10,236,0.0
0,11,236,0.0
0,12,236,0.0
0,13,236,1.966
0,14,236,0.0
0,15,236,3.866
0,16,236,0.0
0,17,236,0.0
0,18,236,0.0
0,19,236,0.0
0,20,236,1.506
0,21,236,0.0
0,22,236,2.208
0,23,236,0.345
0,24,236,0.0
0,25,236,0.0
0,26,236,0.0
0,27,236,0.32
0,28,236,0.0
0,29,236,0.0
0,30,236,0.0
0,31,236,0.0
0,32,236,0.0
0,33,236,0.0
0,34,236,0.0
0,35,236,2.087
0,36,236,1.979
0,37,236,0.0
0,38,236,0.0
0,39,236,0.0
0,40,236,3.663
0,41,236,4.59
0,42,236,0.0
0,43,236,0.0
0,44,236,0.0
0,45,236,0.0
0,46,236,1.455
0,47,236,0.0
0,48,236,0.0
0,49,236,0.0
0,50,236,0.0
0,51,236,0.0
0,52,236,0.0
0,53,236,0.0
0,54,236,0.0
0,55,236,0.0
0,56,236,0.0
0,57,236,0.0
0,58,236,0.0
0,59,236,3.202
0,60,236,2.779
0,61,236,0.0
0,62,236,2.358
0,63,236,0.0
0,64,236,0.0
0,65,236,0.0
0,66,236,0.0
0,67,236,0.0
0,68,236,0.0
0,69,236,0.0
0,70,236,1.187
0,71,236,0.0
0,72,236,0.0
0,73,236,1.141
0,74,236,0.0
0,75,236,0.0
0,76,236,0.0
0,77,236,0.0
0,78,236,0.0
0,79,236,4.843
0,80,236,1.121
0,81,236,4.412
0,82,236,0.0
0,83,236,1.39
0,84,236,2.395
0,85,236,0.0
0,86,236,0.0
0,87,236,0.0
0,88,236,7.609
0,89,236,0.0
1,90,236,0.0
1,91,236,0.06
1,92,236,0.169
1,93,236,0.0
1,94,236,0.0
1,95,236,0.0
1,96,236,0.027
1,97,236,0.0
1,98,236,0.916
1,99,236,0.0
1,100,236,0.0
1,101,236,0.0
1,102,236,0.0
1,103,236,0.0
1,104,236,0.0
1,105,236,0.0
1,106,236,0.0
1,107,236,0.0
1,108,236,0.0
1,109,236,0.239
1,110,236,0.0
1,111,236,0.0
1,112,236,0.109
1,113,236,0.0
1,114,236,0.0
1,115,236,0.0
1,116,236,0.0
1,117,236,0.0
1,118,236,0.503
1,119,236,0.0
1,120,236,0.0
1,121,236,0.0
1,122,236,0.0
1,123,236,0.0
1,124,236,0.0
1,125,236,0.0
1,126,236,0.848
1,127,236,0.0
1,128,236,0.0
1,129,236,0.0
1,130,236,0.168
1,131,236,0.156
1,132,236,0.0
1,133,236,0.0
1,134,236,0.0
1,135,236,0.0
1,136,236,0.0
1,137,236,0.0
1,138,236,0.0
1,139,236,2.373
1,140,236,0.0
1,141,236,0.0
1,142,236,0.0
1,143,236,0.0
1,144,236,0.0
1,145,236,0.301
1,146,236,0.327
1,147,236,0.334
1,148,236,0.0
1,149,236,0.121
1,150,236,0.213
1,151,236,0.0
1,152,236,0.079
1,153,236,0.0
1,154,236,1.957
1,155,236,0.0
1,156,236,0.0
1,157,236,0.0
1,158,236,0.0
1,159,236,2.592
1,160,236,0.0
1,161,236,0.0
1,162,236,0.0
1,163,236,0.0
1,164,236,1.152
1,165,236,0.0
1,166,236,0.0
1,167,236,0.0
0,2,237,0.0
0,3,237,0.0
0,4,237,0.0
0,5,237,0.0
0,6,237,1.153
0,7,237,0.0
0,8,237,0.0
0,9,237,0.0
0,10,237,0.0
0,11,237,0.0
0,12,237,0.0
0,13,237,0.269
0,14,237,0.0
0,15,237,5.29
0,16,237,1.074
0,17,237,0.107
0,18,237,0.0
0,19,237,0.0
0,20,237,1.099
0,21,237,0.0
0,22,237,0.459
0,23,237,0.0
0,24,237,0.0
0,25,237,0.278
0,26,237,0.0
0,27,237,0.0
0,28,237,0.0
0,29,237,0.0
0,30,237,0.0
0,31,237,2.501
0,32,237,0.0
0,33,237,2.755
0,34,237,0.0
0,35,237,1.577
0,36,237,0.274
0,37,237,1.565
0,38,237,0.0
0,39,237,0.0
0,40,237,5.563
0,41,237,2.828
0,42,237,1.558
0,43,237,0.0
0,44,237,0.0
0,45,237,0.945
0,46,237,2.801
0,47,237,0.0
0,48,237,0.0
0,49,237,0.0
0,50,237,0.0
0,51,237,0.0
0,52,237,1.167
0,53,237,3.111
0,54,237,0.0
0,55,237,0.0
0,56,237,0.0
0,57,237,0.0
0,58,237,0.0
0,59,237,1.7
0,60,237,2.534
0,61,237,0.0
0,62,237,3.789
0,63,237,0.0
0,64,237,0.0
0,65,237,0.0
0,66,237,0.0
0,67,237,0.305
0,68,237,0.0
0,69,237,0.0
0,70,237,0.0
0,71,237,0.0
0,72,237,0.0
0,73,237,1.597
0,74,237,1.535
0,75,237,0.0
0,76,237,0.0
0,77,237,0.944
0,78,237,2.656
0,79,237,5.645
0,80,237,0.781
0,81,237,5.639
0,82,237,0.0
0,83,237,2.59
0,84,237,2.196
0,85,237,0.0
0,86,237,0.0
0,87,237,0.0
0,88,237,8.085
0,89,237,0.0
1,90,237,0.0
1,91,237,0.0
1,92,237,0.0
1,93,237,0.0
1,94,237,0.0
1,95,237,0.0
1,96,237,0.0
1,97,237,0.0
1,98,237,1.073
1,99,237,0.0
1,100,237,0.0
1,101,237,0.0
1,102,237,0.0
1,103,237,0.0
1,104,237,0.0
1,105,237,0.0
1,106,237,0.0
1,107,237,0.0
1,108,237,0.0
1,109,237,0.951
1,110,237,0.0
1,111,237,0.0
1,112,237,0.0
1,113,237,0.0
1,114,237,0.0
1,115,237,0.0
1,116,237,0.0
1,117,237,0.0
1,118,237,0.611
1,119,237,0.0
1,120,237,0.0
1,121,237,0.0
1,122,237,0.0
1,123,237,0.0
1,124,237,0.135
1,125,237,0.0
1,126,237,0.527
1,127,237,0.0
1,128,237,0.0
1,129,237,0.0
1,130,237,0.02
1,131,237,0.13
1,132,237,0.0
1,133,237,0.199
1,134,237,0.0
1,135,237,0.0
1,136,237,0.0
1,137,237,0.0
1,138,237,0.0
1,139,237,0.0
1,140,237,0.0
1,141,237,0.0
1,142,237,0.0
1,143,237,0.0
1,144,237,0.0
1,145,237,0.0
1,146,237,0.405
1,147,237,0.086
1,148,237,0.0
1,149,237,0.0
1,150,237,0.0
1,151,237,0.039
1,152,237,0.057
1,153,237,0.0
1,154,237,0.0
1,155,237,0.0
1,156,237,0.0
1,157,237,0.0
1,158,237,0.0
1,159,237,2.217
1,160,237,0.0
1,161,237,0.0
1,162,237,0.0
1,163,237,0.0
1,164,237,1.038
1,165,237,0.0
1,166,237,0.257
1,167,237,0.0
0,2,238,0.0
0,3,238,0.0
0,4,238,0.0
0,5,238,0.0
0,6,238,0.0
0,7,238,0.0
0,8,238,0.0
0,9,238,0.0
0,10,238,0.0
0,11,238,0.0
0,12,238,0.0
0,13,238,0.865
0,14,238,0.0
0,15,238,3.161
0,16,238,3.681
0,17,238,0.0
0,18,238,0.0
0,19,238,1.294
0,20,238,0.0
0,21,238,0.0
0,22,238,3.045
0,23,238,0.0
0,24,238,0.0
0,25,238,0.0
0,26,238,0.0
0,27,238,0.0
0,28,238,0.0
0,29,238,0.0
0,30,238,0.0
0,31,238,0.0
0,32,238,0.0
0,33,238,0.0
0,34,238,0.0
0,35,238,0.0
0,36,238,3.19
0,37,238,1.851
0,38,238,0.943
0,39,238,0.0
0,40,238,2.642
0,41,238,4.041
0,42,238,0.0
0,43,238,0.0
0,44,238,0.0
0,45,238,2.018
0,46,238,0.098
0,47,238,0.0
0,48,238,0.0
0,49,238,0.633
0,50,238,0.0
0,51,238,0.376
0,52,238,0.0
0,53,238,0.0
0,54,238,0.0
0,55,238,0.504
0,56,238,0.0
0,57,238,0.0
0,58,238,0.0
0,59,238,2.308
0,60,238,1.523
0,61,238,0.0
0,62,238,2.037
0,63,238,0.0
0,64,238,0.0
0,65,238,0.0
0,66,238,0.0
0,67,238,0.909
0,68,238,0.0
0,69,238,0.0
0,70,238,1.323
0,71,238,0.0
0,72,238,0.0
0,73,238,0.658
0,74,238,0.0
0,75,238,1.166
0,76,238,0.713
0,77,238,0.39
0,78,238,0.536
0,79,238,4.624
0,80,238,1.683
0,81,238,0.162
0,82,238,0.0
0,83,238,4.137
0,84,238,3.363
0,85,238,0.0
0,86,238,0.0
0,87,238,0.0
0,88,238,8.075
0,89,238,0.0
1,90,238,0.0
1,91,238,0.374
1,92,238,0.0
1,93,238,0.0
1,94,238,0.0
1,95,238,0.0
1,96,238,0.0
1,97,238,0.0
1,98,238,0.856
1,99,238,0.251
1,100,238,0.0
1,101,238,0.0
1,102,238,0.0
1,103,238,0.0
1,104,238,0.0
1,105,238,0.0
1,106,238,0.0
1,107,238,0.0
1,108,238,0.0
1,109,238,1.832
1,110,238,0.0
1,111,238,0.0
1,112,238,0.248
1,113,238,0.0
1,114,238,0.0
1,115,238,0.0
1,116,238,0.02
1,117,238,0.0
1,118,238,0.44
1,119,238,0.007
1,120,238,0.0
1,121,238,0.0
1,122,238,0.0
1,123,238,0.0
1,124,238,0.0
1,125,238,0.0
1,126,238,0.367
1,127,238,0.0
1,128,238,0.0
1,129,238,0.0
1,130,238,0.337
1,131,238,0.164
1,132,238,0.0
1,133,238,0.0
1,134,238,0.0
1,135,238,0.0
1,136,238,0.0
1,137,238,0.533
1,138,238,0.0
1,139,238,0.0
1,140,238,0.0
1,141,238,0.0
1,142,238,0.0
1,143,238,0.0
1,144,238,0.0
1,145,238,0.189
1,146,238,0.93
1,147,238,0.522
1,148,238,0.0
1,149,238,0.0
1,150,238,1.298
1,151,238,0.0
1,152,238,0.027
1,153,238,0.0
1,154,238,0.0
1,155,238,0.0
1,156,238,0.0
1,157,238,0.0
1,158,238,0.0
1,159,238,1.94
1,160,238,0.0
1,161,238,0.0
1,162,238,0.0
1,163,238,0.0
1,164,238,1.419
1,165,238,0.0
1,166,238,1.297
1,167,238,0.0
0,2,239,0.0
0,3,239,0.0
0,4,239,0.0
0,5,239,0.0
0,6,239,0.0
0,7,239,0.0
0,8,239,0.0
0,9,239,0.0
0,10,239,0.388
0,11,239,0.3
0,12,239,0.0
0,13,239,2.172
0,14,239,0.0
0,15,239,3.296
0,16,239,0.516
0,17,239,0.0
0,18,239,0.202
0,19,239,0.0
0,20,239,0.0
0,21,239,0.0
0,22,239,1.705
0,23,239,0.0
0,24,239,0.0
0,25,239,0.0
0,26,239,0.0
0,27,239,1.317
0,28,239,0.0
0,29,239,0.0
0,30,239,0.0
0,31,239,2.839
0,32,239,0.0
0,33,239,1.633
0,34,239,0.0
0,35,239,1.922
0,36,239,2.806
0,37,239,3.238
0,38,239,1.857
0,39,239,0.0
0,40,239,1.634
0,41,239,4.667
0,42,239,1.523
0,43,239,0.0
0,44,239,0.0
0,45,239,0.981
0,46,239,0.845
0,47,239,0.0
0,48,239,0.0
0,49,239,0.0
0,50,239,0.0
0,51,239,0.0
0,52,239,0.0
0,53,239,0.451
0,54,239,0.0
0,55,239,1.408
0,56,239,0.0
0,57,239,0.23
0,58,239,0.149
0,59,239,2.269
0,60,239,0.932
0,61,239,0.0
0,62,239,1.358
0,63,239,0.0
0,64,239,0.0
0,65,239,0.0
0,66,239,0.0
0,67,239,0.927
0,68,239,0.0
0,69,239,0.0
0,70,239,1.852
0,71,239,0.0
0,72,239,0.0
0,73,239,0.439
0,74,239,0.668
0,75,239,0.0
0,76,239,0.0
0,77,239,1.26
0,78,239,1.538
0,79,239,6.079
0,80,239,2.572
0,81,239,3.939
0,82,239,0.0
0,83,239,4.08
0,84,239,0.0
0,85,239,0.0
0,86,239,0.0
0,87,239,0.0
0,88,239,8.478
0,89,239,0.0
1,90,239,0.0
1,91,239,0.0
1,92,239,0.0
1,93,239,0.0
1,94,239,0.0
1,95,239,0.0
1,96,239,0.0
1,97,239,0.0
1,98,239,0.893
1,99,239,0.0
1,100,239,0.0
1,101,239,0.583
1,102,239,0.0
1,103,239,0.0
1,104,239,0.0
1,105,239,0.0
1,106,239,0.0
1,107,239,0.0
1,108,239,0.0
1,109,239,0.577
1,110,239,0.0
1,111,239,0.0
1,112,239,0.069
1,113,239,0.0
1,114,239,0.0
1,115,239,0.0
1,116,239,0.0
1,117,239,0.0
1,118,239,0.559
1,119,239,0.361
1,120,239,0.0
1,121,239,0.0
1,122,239,0.0
1,123,239,0.0
1,124,239,0.018
1,125,239,0.0
1,126,239,0.723
1,127,239,0.0
1,128,239,0.0
1,129,239,0.0
1,130,239,0.47
1,131,239,0.0
1,132,239,0.0
1,133,239,0.463
1,134,239,0.0
1,135,239,0.0
1,136,239,0.0
1,137,239,0.362
1,138,239,0.0
1,139,239,0.0
1,140,239,0.0
1,141,239,0.0
1,142,239,0.0
1,143,239,0.0
1,144,239,0.147
1,145,239,0.215
1,146,239,0.473
1,147,239,0.387
1,148,239,0.0
1,149,239,0.0
1,150,239,0.478
1,151,239,0.0
1,152,239,0.215
1,153,239,0.0
1,154,239,0.0
1,155,239,0.0
1,156,239,0.0
1,157,239,0.0
1,158,239,0.002
1,159,239,0.366
1,160,239,0.0
1,161,239,0.0
1,162,239,0.0
1,163,239,0.0
1,164,239,0.811
1,165,239,0.0
1,166,239,0.005
1,167,239,0.0
0,2,240,0.0
0,3,240,0.0
0,4,240,0.0
0,5,240,0.0
0,6,240,2.79
0,7,240,0.0
0,8,240,0.0
0,9,240,0.0
0,10,240,0.0
0,11,240,0.0
0,12,240,0.0
0,13,240,1.085
0,14,240,0.0
0,15,240,7.62
0,16,240,6.035
0,17,240,0.0
0,18,240,0.0
0,19,240,1.991
0,20,240,0.0
0,21,240,0.0
0,22,240,3.359
0,23,240,0.0
0,24,240,0.0
0,25,240,1.207
0,26,240,0.0
0,27,240,0.0
0,28,240,0.0
0,29,240,0.0
0,30,240,1.645
0,31,240,0.0
0,32,240,0.0
0,33,240,0.0
0,34,240,0.0
0,35,240,0.992
0,36,240,2.73
0,37,240,2.323
0,38,240,0.0
0,39,240,0.0
0,40,240,3.406
0,41,240,4.826
0,42,240,0.0
0,43,240,0.0
0,44,240,0.0
0,45,240,0.0
0,46,240,0.614
0,47,240,0.0
0,48,240,0.0
0,49,240,0.0
0,50,240,0.0
0,51,240,1.343
0,52,240,0.0
0,53,240,0.0
0,54,240,1.344
0,55,240,1.002
0,56,240,0.0
0,57,240,0.0
0,58,240,0.0
0,59,240,2.627
0,60,240,2.883
0,61,240,0.0
0,62,240,2.87
0,63,240,0.0
0,64,240,0.0
0,65,240,0.0
0,66,240,0.0
0,67,240,0.0
0,68,240,0.0
0,69,240,0.0
0,70,240,2.045
0,71,240,0.0
0,72,240,0.0
0,73,240,0.0
0,74,240,0.615
0,75,240,0.0
0,76,240,0.0
0,77,240,1.311
0,78,240,0.893
0,79,240,5.129
0,80,240,2.655
0,81,240,4.645
0,82,240,0.0
0,83,240,3.482
0,84,240,3.344
0,85,240,0.0
0,86,240,1.013
0,87,240,0.0
0,88,240,8.442
0,89,240,0.0
1,90,240,0.0
1,91,240,0.373
1,92,240,0.254
1,93,240,0.0
1,94,240,0.0
1,95,240,0.0
1,96,240,0.174
1,97,240,0.0
1,98,240,2.771
1,99,240,0.051
1,100,240,0.0
1,101,240,0.055
1,102,240,0.0
1,103,240,0.0
1,104,240,0.0
1,105,240,0.0
1,106,240,0.0
1,107,240,0.228
1,108,240,0.0
1,109,240,1.419
1,110,240,0.0
1,111,240,0.0
1,112,240,0.147
1,113,240,0.185
1,114,240,0.0
1,115,240,0.0
1,116,240,0.34
1,117,240,0.01
1,118,240,1.019
1,119,240,0.26
1,120,240,0.0
1,121,240,0.061
1,122,240,0.0
1,123,240,0.0
1,124,240,0.0
1,125,240,0.234
1,126,240,0.362
1,127,240,0.078
1,128,240,0.113
1,129,240,0.0
1,130,240,0.087
1,131,240,0.189
1,132,240,0.059
1,133,240,0.332
1,134,240,0.0
1,135,240,0.0
1,136,240,0.0
1,137,240,2.172
1,138,240,0.0
1,139,240,2.113
1,140,240,0.0
1,141,240,0.0
1,142,240,0.0
1,143,240,0.0
1,144,240,0.049
1,145,240,0.655
1,146,240,0.997
1,147,240,0.09
1,148,240,0.0
1,149,240,0.507
1,150,240,1.328
1,151,240,0.315
1,152,240,0.074
1,153,240,0.0
1,154,240,2.198
1,155,240,0.0
1,156,240,0.084
1,157,240,0.0
1,158,240,0.0
1,159,240,2.427
1,160,240,0.0
1,161,240,0.0
1,162,240,0.0
1,163,240,0.0
1,164,240,1.776
1,165,240,0.0
1,166,240,0.47
1,167,240,0.0
0,2,241,0.0
0,3,241,0.0
0,4,241,0.0
0,5,241,0.0
0,6,241,0.0
0,7,241,0.0
0,8,241,0.0
0,9,241,0.0
0,10,241,0.0
0,11,241,0.0
0,12,241,0.0
0,13,241,2.185
0,14,241,0.0
0,15,241,5.33
0,16,241,1.255
0,17,241,0.0
0,18,241,0.0
0,19,241,0.0
0,20,241,0.0
0,21,241,0.0
0,22,241,1.905
0,23,241,0.0
0,24,241,0.0
0,25,241,0.0
0,26,241,0.0
0,27,241,0.347
0,28,241,0.0
0,29,241,0.0
0,30,241,0.0
0,31,241,4.492
0,32,241,0.0
0,33,241,0.0
0,34,241,0.0
0,35,241,0.051
0,36,241,0.93
0,37,241,0.0
0,38,241,0.0
0,39,241,0.0
0,40,241,4.255
0,41,241,3.873
0,42,241,1.019
0,43,241,0.0
0,44,241,0.0
0,45,241,0.0
0,46,241,1.069
0,47,241,0.0
0,48,241,0.0
0,49,241,0.0
0,50,241,0.0
0,51,241,2.42
0,52,241,0.0
0,53,241,3.389
0,54,241,1.47
0,55,241,1.275
0,56,241,0.0
0,57,241,0.0
0,58,241,1.138
0,59,241,2.771
0,60,241,2.436
0,61,241,0.0
0,62,241,2.027
0,63,241,0.0
0,64,241,0.0
0,65,241,0.0
0,66,241,0.0
0,67,241,0.0
0,68,241,0.0
0,69,241,0.0
0,70,241,3.071
0,71,241,0.0
0,72,241,0.0
0,73,241,1.804
0,74,241,0.0
0,75,241,0.708
0,76,241,0.274
0,77,241,0.0
0,78,241,2.345
0,79,241,4.907
0,80,241,4.155
0,81,241,5.157
0,82,241,0.0
0,83,241,3.873
0,84,241,1.654
0,85,241,0.0
0,86,241,0.545
0,87,241,0.0
0,88,241,8.146
0,89,241,0.105
1,90,241,0.0
1,91,241,0.0
1,92,241,0.294
1,93,241,0.0
1,94,241,0.0
1,95,241,0.0
1,96,241,0.0
1,97,241,0.0
1,98,241,1.058
1,99,241,0.0
1,100,241,0.0
1,101,241,0.14
1,102,241,0.0
1,103,241,0.0
1,104,241,0.0
1,105,241,0.0
1,106,241,0.0
1,107,241,2.013
1,108,241,0.0
1,109,241,0.121
1,110,241,0.0
1,111,241,0.0
1,112,241,0.072
1,113,241,0.0
1,114,241,0.0
1,115,241,0.0
1,116,241,0.106
1,117,241,0.0
1,118,241,0.531
1,119,241,0.0
1,120,241,0.0
1,121,241,0.376
1,122,241,0.0
1,123,241,0.0
1,124,241,0.0
1,125,241,0.0
1,126,241,0.898
1,127,241,0.0
1,128,241,0.0
1,129,241,0.0
1,130,241,0.406
1,131,241,0.144
1,132,241,0.0
1,133,241,0.188
1,134,241,0.0
1,135,241,0.0
1,136,241,0.0
1,137,241,0.045
1,138,241,0.0
1,139,241,0.0
1,140,241,0.0
1,141,241,0.0
1,142,241,0.0
1,143,241,0.0
1,144,241,0.0
1,145,241,0.306
1,146,241,1.204
1,147,241,0.424
1,148,241,0.0
1,149,241,0.246
1,150,241,0.977
1,151,241,0.0
1,152,241,0.025
1,153,241,0.0
1,154,241,0.0
1,155,241,0.0
1,156,241,0.0
1,157,241,0.0
1,158,241,0.0
1,159,241,2.753
1,160,241,0.0
1,161,241,0.0
1,162,241,0.0
1,163,241,0.0
1,164,241,1.655
1,165,241,0.0
1,166,241,0.688
1,167,241,0.0
0,2,242,0.0
0,3,242,0.0
0,4,242,2.313
0,5,242,0.0
0,6,242,0.264
0,7,242,0.049
0,8,242,0.0
0,9,242,0.0
0,10,242,0.0
0,11,242,0.0
0,12,242,0.0
0,13,242,2.464
0,14,242,0.0
0,15,242,4.786
0,16,242,5.255
0,17,242,0.0
0,18,242,0.0
0,19,242,0.0
0,20,242,0.0
0,21,242,0.0
0,22,242,1.059
0,23,242,0.0
0,24,242,0.0
0,25,242,0.0
0,26,242,0.0
0,27,242,0.0
0,28,242,0.0
0,29,242,0.0
0,30,242,0.381
0,31,242,3.611
0,32,242,0.0
0,33,242,0.0
0,34,242,0.0
0,35,242,0.0
0,36,242,4.825
0,37,242,2.544
0,38,242,0.0
0,39,242,0.0
0,40,242,3.058
0,41,242,3.883
0,42,242,0.0
0,43,242,0.0
0,44,242,0.0
0,45,242,0.0
0,46,242,3.287
0,47,242,0.0
0,48,242,0.0
0,49,242,0.0
0,50,242,0.0
0,51,242,1.366
0,52,242,0.0
0,53,242,2.872
0,54,242,1.333
0,55,242,0.0
0,56,242,0.0
0,57,242,0.0
0,58,242,0.0
0,59,242,2.055
0,60,242,0.0
0,61,242,0.0
0,62,242,1.99
0,63,242,0.0
0,64,242,0.0
0,65,242,0.0
0,66,242,1.159
0,67,242,0.0
0,68,242,0.0
0,69,242,0.0
0,70,242,0.0
0,71,242,0.0
0,72,242,0.0
0,73,242,0.0
0,74,242,0.0
0,75,242,0.0
0,76,242,1.123
0,77,242,0.0
0,78,242,1.506
0,79,242,4.767
0,80,242,0.225
0,81,242,3.439
0,82,242,0.0
0,83,242,0.261
0,84,242,0.0
0,85,242,0.0
0,86,242,0.534
0,87,242,0.0
0,88,242,7.673
0,89,242,0.0
1,90,242,0.0
1,91,242,0.101
1,92,242,1.128
1,93,242,0.0
1,94,242,0.0
1,95,242,0.0
1,96,242,0.152
1,97,242,0.0
1,98,242,1.8
1,99,242,0.19
1,100,242,0.0
1,101,242,0.03
1,102,242,0.0
1,103,242,0.0
1,104,242,0.0
1,105,242,0.0
1,106,242,0.0
1,107,242,0.17
1,108,242,0.0
1,109,242,0.0
1,110,242,0.0
1,111,242,0.0
1,112,242,0.029
1,113,242,0.0
1,114,242,0.0
1,115,242,0.0
1,116,242,0.13
1,117,242,0.0
1,118,242,1.176
1,119,242,0.131
1,120,242,0.0
1,121,242,0.0
1,122,242,0.0
1,123,242,0.0
1,124,242,0.045
1,125,242,0.0
1,126,242,0.563
1,127,242,0.0
1,128,242,0.0
1,129,242,0.0
1,130,242,0.747
1,131,242,0.217
1,132,242,0.0
1,133,242,0.0
1,134,242,0.0
1,135,242,0.0
1,136,242,0.01
1,137,242,0.0
1,138,242,0.0
1,139,242,1.189
1,140,242,0.361
1,141,242,0.0
1,142,242,0.0
1,143,242,0.0
1,144,242,0.152
1,145,242,0.413
1,146,242,0.975
1,147,242,0.691
1,148,242,0.574
1,149,242,0.068
1,150,242,0.101
1,151,242,0.038
1,152,242,0.0
1,153,242,0.128
1,154,242,2.12
1,155,242,0.0
1,156,242,0.0
1,157,242,0.0
1,158,242,0.0
1,159,242,2.369
1,160,242,0.0
1,161,242,0.0
1,162,242,0.0
1,163,242,0.0
1,164,242,2.326
1,165,242,0.0
1,166,242,0.416
1,167,242,0.0
0,2,243,0.0
0,3,243,0.0
0,4,243,0.0
0,5,243,0.0
0,6,243,2.013
0,7,243,0.0
0,8,243,0.0
0,9,243,0.0
0,10,243,0.0
0,11,243,0.0
0,12,243,0.0
0,13,243,1.931
0,14,243,0.0
0,15,243,5.6
0,16,243,4.688
0,17,243,0.0
0,18,243,0.0
0,19,243,0.316
0,20,243,0.0
0,21,243,0.0
0,22,243,2.525
0,23,243,0.0
0,24,243,0.0
0,25,243,0.0
0,26,243,0.0
0,27,243,1.751
0,28,243,0.0
0,29,243,0.0
0,30,243,0.465
0,31,243,4.171
0,32,243,0.0
0,33,243,0.0
0,34,243,0.0
0,35,243,0.0
0,36,243,4.082
0,37,243,0.0
0,38,243,0.0
0,39,243,0.0
0,40,243,2.55
0,41,243,1.191
0,42,243,0.0
0,43,243,0.0
0,44,243,0.0
0,45,243,0.0
0,46,243,2.971
0,47,243,0.0
0,48,243,0.0
0,49,243,0.0
0,50,243,0.0
0,51,243,1.717
0,52,243,0.0
0,53,243,2.732
0,54,243,2.546
0,55,243,1.13
0,56,243,0.0
0,57,243,0.133
0,58,243,0.0
0,59,243,1.696
0,60,243,1.683
0,61,243,0.0
0,62,243,3.946
0,63,243,0.0
0,64,243,0.0
0,65,243,0.0
0,66,243,0.0
0,67,243,0.22
0,68,243,0.0
0,69,243,0.0
0,70,243,1.738
0,71,243,0.0
0,72,243,0.0
0,73,243,1.296
0,74,243,0.0
0,75,243,0.0
0,76,243,0.0
0,77,243,0.0
0,78,243,0.0
0,79,243,4.548
0,80,243,0.07
0,81,243,3.753
0,82,243,1.308
0,83,243,1.332
0,84,243,0.0
0,85,243,0.0
0,86,243,0.0
0,87,243,0.0
0,88,243,8.891
0,89,243,0.0
1,90,243,0.053
1,91,243,0.232
1,92,243,1.144
1,93,243,0.0
1,94,243,0.0
1,95,243,0.0
1,96,243,0.0
1,97,243,0.0
1,98,243,2.903
1,99,243,0.519
1,100,243,0.0
1,101,243,0.0
1,102,243,0.0
1,103,243,0.0
1,104,243,0.0
1,105,243,0.0
1,106,243,0.0
1,107,243,0.0
1,108,243,0.0
1,109,243,0.0
1,110,243,0.0
1,111,243,0.0
1,112,243,0.303
1,113,243,0.0
1,114,243,0.0
1,115,243,0.0
1,116,243,0.364
1,117,243,0.0
1,118,243,1.468
1,119,243,0.102
1,120,243,0.477
1,121,243,0.0
1,122,243,0.0
1,123,243,0.0
1,124,243,0.107
1,125,243,0.0
1,126,243,0.231
1,127,243,0.0
1,128,243,0.0
1,129,243,0.0
1,130,243,0.212
1,131,243,0.106
1,132,243,0.0
1,133,243,0.013
1,134,243,0.308
1,135,243,0.0
1,136,243,0.0
1,137,243,0.0
1,138,243,0.0
1,139,243,0.0
1,140,243,0.253
1,141,243,0.0
1,142,243,0.0
1,143,243,0.0
1,144,243,0.506
1,145,243,0.203
1,146,243,1.138
1,147,243,0.266
1,148,243,0.0
1,149,243,0.0
1,150,243,0.296
1,151,243,0.0
1,152,243,0.113
1,153,243,0.0
1,154,243,0.0
1,155,243,0.0
1,156,243,0.116
1,157,243,0.0
1,158,243,0.0
1,159,243,3.291
1,160,243,0.0
1,161,243,1.146
1,162,243,0.0
1,163,243,0.0
1,164,243,3.258
1,165,243,0.0
1,166,243,1.995
1,167,243,0.0
0,2,244,0.0
0,3,244,0.0
0,4,244,0.53
0,5,244,0.0
0,6,244,0.421
0,7,244,0.198
0,8,244,0.0
0,9,244,0.0
0,10,244,0.0
0,11,244,0.0
0,12,244,0.0
0,13,244,1.779
0,14,244,0.819
0,15,244,6.682
0,16,244,4.354
0,17,244,0.0
0,18,244,0.0
0,19,244,0.647
0,20,244,2.105
0,21,244,0.0
0,22,244,3.588
0,23,244,0.0
0,24,244,0.0
0,25,244,0.0
0,26,244,0.0
0,27,244,0.0
0,28,244,0.0
0,29,244,0.0
0,30,244,0.0
0,31,244,3.598
0,32,244,0.0
0,33,244,0.0
0,34,244,0.0
0,35,244,0.0
0,36,244,5.01
0,37,244,2.999
0,38,244,0.0
0,39,244,0.0
0,40,244,1.551
0,41,244,4.112
0,42,244,2.135
0,43,244,0.0
0,44,244,0.0
0,45,244,0.0
0,46,244,2.207
0,47,244,0.0
0,48,244,0.0
0,49,244,0.0
0,50,244,0.0
0,51,244,1.318
0,52,244,1.227
0,53,244,2.956
0,54,244,0.0
0,55,244,0.496
0,56,244,0.0
0,57,244,0.138
0,58,244,0.0
0,59,244,2.98
0,60,244,2.787
0,61,244,0.0
0,62,244,2.883
0,63,244,0.0
0,64,244,0.0
0,65,244,0.0
0,66,244,0.0
0,67,244,0.372
0,68,244,0.0
0,69,244,0.0
0,70,244,0.0
0,71,244,0.0
0,72,244,0.0
0,73,244,0.0
0,74,244,0.0
0,75,244,1.013
0,76,244,0.0
0,77,244,0.0
0,78,244,1.963
0,79,244,6.458
0,80,244,1.784
0,81,244,6.119
0,82,244,0.0
0,83,244,4.129
0,84,244,2.887
0,85,244,0.0
0,86,244,1.639
0,87,244,0.0
0,88,244,9.094
0,89,244,0.0
1,90,244,0.0
1,91,244,0.134
1,92,244,0.516
1,93,244,0.0
1,94,244,0.0
1,95,244,0.0
1,96,244,0.0
1,97,244,0.0
1,98,244,2.102
1,99,244,0.27
1,100,244,0.0
1,101,244,0.388
1,102,244,0.0
1,103,244,0.0
1,104,244,0.0
1,105,244,0.0
1,106,244,0.0
1,107,244,0.0
1,108,244,0.0
1,109,244,1.117
1,110,244,0.0
1,111,244,0.368
1,112,244,0.032
1,113,244,0.213
1,114,244,0.0
1,115,244,0.0
1,116,244,0.0
1,117,244,0.0
1,118,244,1.468
1,119,244,0.0
1,120,244,0.0
1,121,244,0.0
1,122,244,0.0
1,123,244,0.0
1,124,244,0.0
1,125,244,0.0
1,126,244,0.652
1,127,244,0.066
1,128,244,0.0
1,129,244,0.0
1,130,244,0.293
1,131,244,0.251
1,132,244,0.0
1,133,244,0.0
1,134,244,0.0
1,135,244,0.0
1,136,244,0.0
1,137,244,0.85
1,138,244,0.0
1,139,244,4.061
1,140,244,0.0
1,141,244,0.099
1,142,244,0.0
1,143,244,0.0
1,144,244,0.0
1,145,244,0.094
1,146,244,1.777
1,147,244,0.318
1,148,244,0.0
1,149,244,0.0
1,150,244,1.121
1,151,244,0.0
1,152,244,0.068
1,153,244,0.0
1,154,244,2.955
1,155,244,0.0
1,156,244,0.0
1,157,244,0.0
1,158,244,0.0
1,159,244,3.292
1,160,244,0.0
1,161,244,0.021
1,162,244,0.0
1,163,244,0.0
1,164,244,2.344
1,165,244,0.0
1,166,244,1.192
1,167,244,0.0
0,2,245,0.0
0,3,245,0.0
0,4,245,1.488
0,5,245,0.0
0,6,245,0.0
0,7,245,0.0
0,8,245,0.0
0,9,245,0.0
0,10,245,0.0
0,11,245,0.0
0,12,245,0.0
0,13,245,0.0
0,14,245,0.485
0,15,245,5.365
0,16,245,0.0
0,17,245,0.0
0,18,245,0.0
0,19,245,0.0
0,20,245,0.0
0,21,245,0.0
0,22,245,2.024
0,23,245,0.0
0,24,245,0.0
0,25,245,0.0
0,26,245,0.0
0,27,245,0.0
0,28,245,0.0
0,29,245,0.0
0,30,245,0.0
0,31,245,1.957
0,32,245,0.062
0,33,245,0.0
0,34,245,0.0
0,35,245,0.0
0,36,245,4.45
0,37,245,1.509
0,38,245,0.0
0,39,245,0.0
0,40,245,4.496
0,41,245,4.46
0,42,245,0.0
0,43,245,0.0
0,44,245,0.0
0,45,245,0.0
0,46,245,0.0
0,47,245,0.0
0,48,245,0.0
0,49,245,0.0
0,50,245,0.0
0,51,245,0.0
0,52,245,0.0
0,53,245,0.0
0,54,245,0.0
0,55,245,0.718
0,56,245,0.0
0,57,245,0.0
0,58,245,0.0
0,59,245,1.322
0,60,245,2.151
0,61,245,0.0
0,62,245,2.356
0,63,245,0.0
0,64,245,0.0
0,65,245,0.0
0,66,245,0.0
0,67,245,1.523
0,68,245,0.0
0,69,245,0.0
0,70,245,0.0
0,71,245,0.0
0,72,245,0.0
0,73,245,1.248
0,74,245,0.0
0,75,245,0.0
0,76,245,0.625
0,77,245,0.348
0,78,245,0.0
0,79,245,3.546
0,80,245,1.287
0,81,245,2.206
0,82,245,0.0
0,83,245,4.954
0,84,245,0.0
0,85,245,0.0
0,86,245,0.0
0,87,245,0.0
0,88,245,7.626
0,89,245,0.0
1,90,245,0.05
1,91,245,0.0
1,92,245,0.112
1,93,245,0.0
1,94,245,0.0
1,95,245,0.0
1,96,245,0.0
1,97,245,0.0
1,98,245,1.448
1,99,245,0.23
1,100,245,0.0
1,101,245,0.148
1,102,245,0.0
1,103,245,0.0
1,104,245,0.0
1,105,245,0.0
1,106,245,0.0
1,107,245,0.0
1,108,245,0.0
1,109,245,0.0
1,110,245,0.0
1,111,245,0.033
1,112,245,0.321
1,113,245,0.046
1,114,245,0.0
1,115,245,0.0
1,116,245,0.102
1,117,245,0.0
1,118,245,0.494
1,119,245,0.055
1,120,245,0.0
1,121,245,0.0
1,122,245,0.0
1,123,245,0.0
1,124,245,0.0
1,125,245,0.0
1,126,245,0.543
1,127,245,0.044
1,128,245,0.0
1,129,245,0.0
1,130,245,0.065
1,131,245,0.002
1,132,245,0.0
1,133,245,0.055
1,134,245,0.0
1,135,245,0.0
1,136,245,0.0
1,137,245,0.371
1,138,245,0.0
1,139,245,1.942
1,140,245,0.0
1,141,245,0.0
1,142,245,0.0
1,143,245,0.0
1,144,245,0.0
1,145,245,0.439
1,146,245,0.386
1,147,245,0.459
1,148,245,0.0
1,149,245,0.042
1,150,245,1.017
1,151,245,0.0
1,152,245,0.0
1,153,245,0.091
1,154,245,1.594
1,155,245,0.0
1,156,245,0.0
1,157,245,0.0
1,158,245,0.0
1,159,245,1.254
1,160,245,0.0
1,161,245,0.0
1,162,245,0.0
1,163,245,0.0
1,164,245,1.138
1,165,245,0.0
1,166,245,0.0
1,167,245,0.0
0,2,246,0.0
0,3,246,0.0
0,4,246,0.0
0,5,246,0.0
0,6,246,0.0
0,7,246,0.0
0,8,246,0.0
0,9,246,0.0
0,10,246,0.0
0,11,246,0.0
0,12,246,0.0
0,13,246,0.0
0,14,246,0.0
0,15,246,5.786
0,16,246,0.618
0,17,246,0.0
0,18,246,0.0
0,19,246,1.802
0,20,246,0.0
0,21,246,0.0
0,22,246,0.483
0,23,246,0.0
0,24,246,0.0
0,25,246,0.0
0,26,246,0.0
0,27,246,0.0
0,28,246,0.0
0,29,246,0.0
0,30,246,0.0
0,31,246,0.0
0,32,246,0.0
0,33,246,0.0
0,34,246,0.0
0,35,246,0.0
0,36,246,1.228
0,37,246,0.0
0,38,246,0.398
0,39,246,0.0
0,40,246,0.269
0,41,246,2.428
0,42,246,0.0
0,43,246,0.0
0,44,246,0.0
0,45,246,0.0
0,46,246,0.0
0,47,246,0.0
0,48,246,0.0
0,49,246,0.0
0,50,246,0.0
0,51,246,0.0
0,52,246,0.0
0,53,246,0.0
0,54,246,0.0
0,55,246,1.47
0,56,246,0.0
0,57,246,0.0
0,58,246,0.0
0,59,246,2.665
0,60,246,1.43
0,61,246,0.0
0,62,246,0.0
0,63,246,0.0
0,64,246,0.0
0,65,246,0.0
0,66,246,0.0
0,67,246,0.426
0,68,246,0.0
0,69,246,0.0
0,70,246,0.0
0,71,246,0.0
0,72,246,0.0
0,73,246,0.0
0,74,246,0.69
0,75,246,0.0
0,76,246,0.0
0,77,246,0.0
0,78,246,0.0
0,79,246,4.148
0,80,246,1.384
0,81,246,1.257
0,82,246,0.0
0,83,246,4.391
0,84,246,0.345
0,85,246,0.0
0,86,246,0.0
0,87,246,0.0
0,88,246,6.55
0,89,246,0.0
1,90,246,0.0
1,91,246,0.0
1,92,246,0.029
1,93,246,0.0
1,94,246,0.0
1,95,246,0.0
1,96,246,0.0
1,97,246,0.0
1,98,246,1.501
1,99,246,0.0
1,100,246,0.0
1,101,246,0.139
1,102,246,0.0
1,103,246,0.0
1,104,246,0.0
1,105,246,0.0
1,106,246,0.0
1,107,246,0.0
1,108,246,0.0
1,109,246,0.0
1,110,246,0.0
1,111,246,0.0
1,112,246,0.064
1,113,246,0.0
1,114,246,0.0
1,115,246,0.0
1,116,246,0.162
1,117,246,0.0
1,118,246,1.138
1,119,246,0.0
1,120,246,0.358
1,121,246,0.0
1,122,246,0.0
1,123,246,0.0
1,124,246,0.0
1,125,246,0.0
1,126,246,0.654
1,127,246,0.0
1,128,246,0.057
1,129,246,0.0
1,130,246,0.0
1,131,246,0.46
1,132,246,0.0
1,133,246,0.0
1,134,246,0.122
1,135,246,0.0
1,136,246,0.0
1,137,246,0.0
1,138,246,0.0
1,139,246,2.486
1,140,246,0.0
1,141,246,0.0
1,142,246,0.0
1,143,246,0.0
1,144,246,0.0
1,145,246,0.511
1,146,246,2.327
1,147,246,0.218
1,148,246,0.0
1,149,246,0.0
1,150,246,0.155
1,151,246,0.0
1,152,246,0.02
1,153,246,0.0
1,154,246,1.317
1,155,246,0.0
1,156,246,0.0
1,157,246,0.0
1,158,246,0.0
1,159,246,3.245
1,160,246,0.107
1,161,246,0.0
1,162,246,0.0
1,163,246,0.0
1,164,246,0.363
1,165,246,0.0
1,166,246,0.07
1,167,246,0.0
0,2,247,0.0
0,3,247,0.0
0,4,247,0.0
0,5,247,0.0
0,6,247,0.0
0,7,247,0.0
0,8,247,0.0
0,9,247,0.0
0,10,247,0.0
0,11,247,0.0
0,12,247,0.0
0,13,247,1.615
0,14,247,0.545
0,15,247,3.559
0,16,247,0.0
0,17,247,0.0
0,18,247,0.0
0,19,247,0.0
0,20,247,0.06
0,21,247,0.0
0,22,247,1.78
0,23,247,0.0
0,24,247,0.0
0,25,247,0.0
0,26,247,0.0
0,27,247,0.0
0,28,247,0.0
0,29,247,0.0
0,30,247,0.0
0,31,247,0.341
0,32,247,0.0
0,33,247,1.315
0,34,247,0.0
0,35,247,0.0
0,36,247,2.221
0,37,247,0.807
0,38,247,0.0
0,39,247,0.0
0,40,247,1.741
0,41,247,3.108
0,42,247,0.0
0,43,247,0.0
0,44,247,0.0
0,45,247,1.91
0,46,247,2.027
0,47,247,0.0
0,48,247,0.0
0,49,247,0.0
0,50,247,0.0
0,51,247,1.698
0,52,247,0.0
0,53,247,1.749
0,54,247,0.0
0,55,247,0.007
0,56,247,0.0
0,57,247,0.285
0,58,247,0.199
0,59,247,2.573
0,60,247,1.649
0,61,247,0.0
0,62,247,2.615
0,63,247,0.0
0,64,247,0.0
0,65,247,2.197
0,66,247,0.0
0,67,247,0.293
0,68,247,0.0
0,69,247,0.0
0,70,247,0.0
0,71,247,0.0
0,72,247,0.0
0,73,247,1.197
0,74,247,0.0
0,75,247,0.0
0,76,247,0.0
0,77,247,0.0
0,78,247,1.125
0,79,247,5.108
0,80,247,2.508
0,81,247,5.598
0,82,247,0.0
0,83,247,1.931
0,84,247,2.207
0,85,247,0.0
0,86,247,0.0
0,87,247,0.0
0,88,247,8.019
0,89,247,0.0
1,90,247,0.0
1,91,247,0.273
1,92,247,0.231
1,93,247,0.0
1,94,247,0.0
1,95,247,0.0
1,96,247,0.0
1,97,247,0.0
1,98,247,0.844
1,99,247,0.362
1,100,247,0.0
1,101,247,0.0
1,102,247,0.0
1,103,247,0.0
1,104,247,0.0
1,105,247,0.0
1,106,247,0.0
1,107,247,0.073
1,108,247,0.0
1,109,247,0.373
1,110,247,0.0
1,111,247,0.0
1,112,247,0.351
1,113,247,0.0
1,114,247,0.0
1,115,247,0.0
1,116,247,0.104
1,117,247,0.0
1,118,247,0.505
1,119,247,0.0
1,120,247,0.0
1,121,247,0.596
1,122,247,0.0
1,123,247,0.0
1,124,247,0.0
1,125,247,0.039
1,126,247,0.27
1,127,247,0.0
1,128,247,0.064
1,129,247,0.0
1,130,247,0.0
1,131,247,0.227
1,132,247,0.0
1,133,247,0.292
1,134,247,0.0
1,135,247,0.0
1,136,247,0.0
1,137,247,0.212
1,138,247,0.0
1,139,247,0.0
1,140,247,0.0
1,141,247,0.0
1,142,247,0.0
1,143,247,0.0
1,144,247,0.0
1,145,247,0.499
1,146,247,0.36
1,147,247,0.259
1,148,247,0.0
1,149,247,0.0
1,150,247,0.324
1,151,247,0.0
1,152,247,0.162
1,153,247,0.0
1,154,247,0.0
1,155,247,0.0
1,156,247,0.0
1,157,247,0.0
1,158,247,0.0
1,159,247,2.705
1,160,247,0.0
1,161,247,0.0
1,162,247,0.0
1,163,247,0.0
1,164,247,2.283
1,165,247,0.0
1,166,247,1.088
1,167,247,0.0
0,2,248,0.0
0,3,248,0.0
0,4,248,0.0
0,5,248,0.0
0,6,248,1.224
0,7,248,0.0
0,8,248,0.0
0,9,248,0.0
0,10,248,0.0
0,11,248,0.0
0,12,248,0.0
0,13,248,2.153
0,14,248,0.0
0,15,248,6.048
0,16,248,2.18
0,17,248,0.0
0,18,248,0.0
0,19,248,0.0
0,20,248,0.0
0,21,248,0.0
0,22,248,0.96
0,23,248,0.0
0,24,248,0.0
0,25,248,0.0
0,26,248,0.0
0,27,248,1.449
0,28,248,0.0
0,29,248,0.0
0,30,248,1.321
0,31,248,2.719
0,32,248,0.0
0,33,248,0.191
0,34,248,0.0
0,35,248,0.94
0,36,248,3.169
0,37,248,1.063
0,38,248,0.0
0,39,248,0.0
0,40,248,4.527
0,41,248,3.688
0,42,248,0.0
0,43,248,0.0
0,44,248,0.0
0,45,248,0.447
0,46,248,0.0
0,47,248,0.0
0,48,248,0.0
0,49,248,0.0
0,50,248,0.0
0,51,248,0.839
0,52,248,0.0
0,53,248,0.0
0,54,248,0.358
0,55,248,0.0
0,56,248,0.18
0,57,248,0.0
0,58,248,0.0
0,59,248,1.007
0,60,248,2.73
0,61,248,0.0
0,62,248,3.997
0,63,248,0.0
0,64,248,0.0
0,65,248,0.0
0,66,248,0.0
0,67,248,0.0
0,68,248,0.0
0,69,248,0.0
0,70,248,0.0
0,71,248,0.0
0,72,248,0.0
0,73,248,0.321
0,74,248,0.0
0,75,248,0.0
0,76,248,2.577
0,77,248,0.0
0,78,248,0.225
0,79,248,4.052
0,80,248,2.447
0,81,248,2.709
0,82,248,0.0
0,83,248,5.809
0,84,248,0.732
0,85,248,0.0
0,86,248,0.062
0,87,248,0.0
0,88,248,9.079
0,89,248,0.0
1,90,248,0.047
1,91,248,0.0
1,92,248,0.022
1,93,248,0.0
1,94,248,0.0
1,95,248,0.0
1,96,248,0.0
1,97,248,0.0
1,98,248,2.33
1,99,248,0.0
1,100,248,0.0
1,101,248,1.017
1,102,248,0.0
1,103,248,0.0
1,104,248,0.0
1,105,248,0.0
1,106,248,0.0
1,107,248,0.0
1,108,248,0.0
1,109,248,0.783
1,110,248,0.0
1,111,248,1.613
1,112,248,0.198
1,113,248,0.0
1,114,248,0.0
1,115,248,0.0
1,116,248,0.043
1,117,248,0.0
1,118,248,0.668
1,119,248,0.0
1,120,248,0.0
1,121,248,0.0
1,122,248,0.0
1,123,248,0.0
1,124,248,0.0
1,125,248,0.763
1,126,248,1.884
1,127,248,0.0
1,128,248,0.231
1,129,248,0.0
1,130,248,0.178
1,131,248,0.063
1,132,248,0.0
1,133,248,0.204
1,134,248,0.0
1,135,248,0.0
1,136,248,0.0
1,137,248,0.696
1,138,248,0.0
1,139,248,0.0
1,140,248,0.0
1,141,248,0.0
1,142,248,0.0
1,143,248,0.0
1,144,248,0.152
1,145,248,0.307
1,146,248,1.891
1,147,248,0.719
1,148,248,0.0
1,149,248,0.0
1,150,248,1.309
1,151,248,0.0
1,152,248,0.046
1,153,248,0.0
1,154,248,0.0
1,155,248,0.004
1,156,248,0.0
1,157,248,0.0
1,158,248,0.0
1,159,248,2.151
1,160,248,0.0
1,161,248,0.498
1,162,248,0.0
1,163,248,0.0
1,164,248,0.374
1,165,248,0.0
1,166,248,1.239
1,167,248,0.0
0,2,249,0.0
0,3,249,0.0
0,4,249,0.563
0,5,249,0.0
0,6,249,0.0
0,7,249,0.0
0,8,249,0.0
0,9,249,0.0
0,10,249,0.0
0,11,249,0.0
0,12,249,0.0
0,13,249,0.0
0,14,249,0.0
0,15,249,4.817
0,16,249,0.0
0,17,249,0.0
0,18,249,0.0
0,19,249,0.926
0,20,249,1.504
0,21,249,0.0
0,22,249,2.194
0,23,249,0.0
0,24,249,0.0
0,25,249,0.0
0,26,249,0.0
0,27,249,0.0
0,28,249,0.0
0,29,249,0.0
0,30,249,0.485
0,31,249,3.235
0,32,249,0.0
0,33,249,0.691
0,34,249,0.0
0,35,249,0.0
0,36,249,1.75
0,37,249,2.425
0,38,249,0.0
0,39,249,0.0
0,40,249,3.816
0,41,249,4.869
0,42,249,0.053
0,43,249,0.0
0,44,249,0.0
0,45,249,2.333
0,46,249,0.0
0,47,249,0.0
0,48,249,0.0
0,49,249,0.257
0,50,249,0.0
0,51,249,0.0
0,52,249,0.0
0,53,249,3.088
0,54,249,0.814
0,55,249,2.431
0,56,249,0.0
0,57,249,0.0
0,58,249,1.79
0,59,249,2.331
0,60,249,3.377
0,61,249,0.0
0,62,249,5.393
0,63,249,0.0
0,64,249,0.0
0,65,249,0.0
0,66,249,0.0
0,67,249,1.065
0,68,249,0.0
0,69,249,0.0
0,70,249,1.154
0,71,249,0.0
0,72,249,0.961
0,73,249,2.288
0,74,249,1.24
0,75,249,0.678
0,76,249,0.0
0,77,249,0.0
0,78,249,1.8
0,79,249,4.77
0,80,249,1.586
0,81,249,5.41
0,82,249,0.0
0,83,249,4.598
0,84,249,0.498
0,85,249,0.0
0,86,249,0.0
0,87,249,0.0
0,88,249,9.026
0,89,249,0.0
1,90,249,0.0
1,91,249,0.152
1,92,249,0.0
1,93,249,0.0
1,94,249,0.0
1,95,249,0.047
1,96,249,0.0
1,97,249,0.0
1,98,249,1.904
1,99,249,0.0
1,100,249,0.0
1,101,249,0.028
1,102,249,0.0
1,103,249,0.0
1,104,249,0.0
1,105,249,0.0
1,106,249,0.0
1,107,249,0.0
1,108,249,0.0
1,109,249,1.485
1,110,249,0.0
1,111,249,0.0
1,112,249,0.091
1,113,249,0.095
1,114,249,0.0
1,115,249,0.0
1,116,249,0.235
1,117,249,0.0
1,118,249,1.252
1,119,249,0.098
1,120,249,0.389
1,121,249,0.0
1,122,249,0.0
1,123,249,0.0
1,124,249,0.0
1,125,249,0.264
1,126,249,0.886
1,127,249,0.108
1,128,249,0.0
1,129,249,0.0
1,130,249,0.0
1,131,249,0.149
1,132,249,0.0
1,133,249,0.0
1,134,249,0.0
1,135,249,0.0
1,136,249,0.0
1,137,249,0.0
1,138,249,0.0
1,139,249,3.27
1,140,249,0.0
1,141,249,0.0
1,142,249,0.0
1,143,249,0.0
1,144,249,0.398
1,145,249,0.557
1,146,249,2.408
1,147,249,0.411
1,148,249,0.0
1,149,249,0.0
1,150,249,0.393
1,151,249,0.34
1,152,249,0.0
1,153,249,0.0
1,154,249,2.011
1,155,249,0.0
1,156,249,0.0
1,157,249,0.0
1,158,249,0.0
1,159,249,2.116
1,160,249,0.0
1,161,249,0.0
1,162,249,0.0
1,163,249,0.0
1,164,249,1.271
1,165,249,0.0
1,166,249,0.0
1,167,249,0.0
0,2,250,0.0
0,3,250,0.0
0,4,250,0.0
0,5,250,0.0
0,6,250,1.927
0,7,250,0.0
0,8,250,0.0
0,9,250,0.0
0,10,250,0.0
0,11,250,0.0
0,12,250,0.0
0,13,250,1.451
0,14,250,1.033
0,15,250,5.523
0,16,250,5.231
0,17,250,0.352
0,18,250,0.0
0,19,250,0.0
0,20,250,0.297
0,21,250,0.0
0,22,250,2.315
0,23,250,0.0
0,24,250,0.0
0,25,250,0.0
0,26,250,0.0
0,27,250,0.501
0,28,250,0.0
0,29,250,0.0
0,30,250,0.0
0,31,250,3.676
0,32,250,0.0
0,33,250,0.0
0,34,250,0.0
0,35,250,0.0
0,36,250,4.051
0,37,250,2.625
0,38,250,0.0
0,39,250,0.0
0,40,250,4.924
0,41,250,5.925
0,42,250,0.975
0,43,250,0.0
0,44,250,0.0
0,45,250,3.313
0,46,250,1.736
0,47,250,0.0
0,48,250,0.0
0,49,250,0.234
0,50,250,2.421
0,51,250,2.633
0,52,250,0.285
0,53,250,3.333
0,54,250,1.189
0,55,250,2.57
0,56,250,0.0
0,57,250,0.387
0,58,250,2.33
0,59,250,2.272
0,60,250,4.093
0,61,250,0.0
0,62,250,3.04
0,63,250,0.0
0,64,250,0.0
0,65,250,0.0
0,66,250,0.0
0,67,250,0.0
0,68,250,0.0
0,69,250,0.0
0,70,250,2.917
0,71,250,0.0
0,72,250,0.0
0,73,250,2.044
0,74,250,0.486
0,75,250,0.0
0,76,250,0.0
0,77,250,0.0
0,78,250,3.19
0,79,250,5.907
0,80,250,2.688
0,81,250,6.921
0,82,250,0.0
0,83,250,0.195
0,84,250,0.0
0,85,250,0.0
0,86,250,0.938
0,87,250,0.0
0,88,250,9.24
0,89,250,0.0
1,90,250,0.0
1,91,250,0.142
1,92,250,0.297
1,93,250,0.0
1,94,250,0.0
1,95,250,0.0
1,96,250,0.0
1,97,250,0.0
1,98,250,1.496
1,99,250,0.213
1,100,250,0.0
1,101,250,0.551
1,102,250,0.0
1,103,250,0.0
1,104,250,0.0
1,105,250,0.0
1,106,250,0.0
1,107,250,0.0
1,108,250,0.0
1,109,250,1.844
1,110,250,0.0
1,111,250,0.201
1,112,250,0.23
1,113,250,0.0
1,114,250,0.0
1,115,250,0.007
1,116,250,0.119
1,117,250,0.0
1,118,250,0.411
1,119,250,0.188
1,120,250,0.0
1,121,250,0.0
1,122,250,0.0
1,123,250,0.0
1,124,250,0.0
1,125,250,0.288
1,126,250,3.327
1,127,250,0.0
1,128,250,0.131
1,129,250,0.0
1,130,250,1.193
1,131,250,0.244
1,132,250,0.0
1,133,250,0.119
1,134,250,0.0
1,135,250,0.0
1,136,250,0.0
1,137,250,0.577
1,138,250,0.0
1,139,250,3.769
1,140,250,0.0
1,141,250,0.0
1,142,250,0.0
1,143,250,0.049
1,144,250,0.0
1,145,250,0.487
1,146,250,2.394
1,147,250,0.401
1,148,250,0.0
1,149,250,0.201
1,150,250,1.476
1,151,250,0.332
1,152,250,0.0
1,153,250,0.0
1,154,250,2.303
1,155,250,0.0
1,156,250,0.0
1,157,250,0.0
1,158,250,0.0
1,159,250,2.321
1,160,250,0.296
1,161,250,0.0
1,162,250,0.0
1,163,250,0.0
1,164,250,1.47
1,165,250,0.0
1,166,250,0.0
1,167,250,0.0
0,2,251,0.0
0,3,251,0.0
0,4,251,0.0
0,5,251,0.0
0,6,251,1.354
0,7,251,0.0
0,8,251,0.0
0,9,251,0.477
0,10,251,0.0
0,11,251,0.0
0,12,251,0.0
0,13,251,0.13
0,14,251,0.0
0,15,251,5.752
0,16,251,0.0
0,17,251,0.0
0,18,251,0.0
0,19,251,0.573
0,20,251,0.0
0,21,251,0.0
0,22,251,3.039
0,23,251,0.0
0,24,251,0.0
0,25,251,0.0
0,26,251,0.0
0,27,251,0.5
0,28,251,0.0
0,29,251,0.0
0,30,251,0.022
0,31,251,2.648
0,32,251,0.0
0,33,251,0.0
0,34,251,0.0
0,35,251,0.0
0,36,251,3.525
0,37,251,1.737
0,38,251,0.0
0,39,251,0.0
0,40,251,1.486
0,41,251,3.152
0,42,251,0.0
0,43,251,0.0
0,44,251,0.01
0,45,251,0.0
0,46,251,1.543
0,47,251,0.0
0,48,251,0.0
0,49,251,0.0
0,50,251,0.0
0,51,251,0.0
0,52,251,0.0
0,53,251,0.0
0,54,251,0.999
0,55,251,1.427
0,56,251,0.0
0,57,251,0.0
0,58,251,0.261
0,59,251,1.205
0,60,251,2.622
0,61,251,0.0
0,62,251,3.238
0,63,251,0.0
0,64,251,0.0
0,65,251,0.0
0,66,251,0.0
0,67,251,1.292
0,68,251,0.0
0,69,251,0.0
0,70,251,1.763
0,71,251,0.0
0,72,251,0.0
0,73,251,0.0
0,74,251,0.0
0,75,251,0.0
0,76,251,1.009
0,77,251,0.0
0,78,251,0.0
0,79,251,5.351
0,80,251,0.405
0,81,251,4.59
0,82,251,0.0
0,83,251,4.678
0,84,251,0.0
0,85,251,0.0
0,86,251,0.0
0,87,251,0.0
0,88,251,7.961
0,89,251,0.0
1,90,251,0.0
1,91,251,0.582
1,92,251,0.0
1,93,251,0.0
1,94,251,0.0
1,95,251,0.0
1,96,251,0.0
1,97,251,0.0
1,98,251,1.335
1,99,251,0.085
1,100,251,0.0
1,101,251,0.174
1,102,251,0.0
1,103,251,0.0
1,104,251,0.0
1,105,251,0.0
1,106,251,0.0
1,107,251,0.0
1,108,251,0.0
1,109,251,0.464
1,110,251,0.0
1,111,251,0.0
1,112,251,0.184
1,113,251,0.015
1,114,251,0.0
1,115,251,0.0
1,116,251,0.093
1,117,251,0.0
1,118,251,0.898
1,119,251,0.163
1,120,251,0.0
1,121,251,0.0
1,122,251,0.0
1,123,251,0.0
1,124,251,0.018
1,125,251,0.0
1,126,251,0.929
1,127,251,0.0
1,128,251,0.0
1,129,251,0.0
1,130,251,0.002
1,131,251,1.819
1,132,251,0.0
1,133,251,0.3
1,134,251,0.0
1,135,251,0.0
1,136,251,0.0
1,137,251,0.0
1,138,251,0.0
1,139,251,3.032
1,140,251,0.0
1,141,251,0.0
1,142,251,0.0
1,143,251,0.0
1,144,251,0.0
1,145,251,0.411
1,146,251,2.129
1,147,251,0.369
1,148,251,0.0
1,149,251,0.081
1,150,251,0.522
1,151,251,0.0
1,152,251,0.08
1,153,251,0.0
1,154,251,2.154
1,155,251,0.0
1,156,251,0.0
1,157,251,0.0
1,158,251,0.0
1,159,251,3.991
1,160,251,0.0
1,161,251,0.0
1,162,251,0.0
1,163,251,0.0
1,164,251,1.879
1,165,251,0.0
1,166,251,0.476
1,167,251,0.0
0,2,252,0.0
0,3,252,0.0
0,4,252,0.055
0,5,252,0.0
0,6,252,2.086
0,7,252,0.0
0,8,252,0.0
0,9,252,0.0
0,10,252,0.0
0,11,252,0.0
0,12,252,0.0
0,13,252,0.721
0,14,252,0.0
0,15,252,6.106
0,16,252,0.0
0,17,252,0.0
0,18,252,0.0
0,19,252,1.577
0,20,252,0.0
0,21,252,0.0
0,22,252,1.783
0,23,252,0.0
0,24,252,0.0
0,25,252,0.0
0,26,252,0.0
0,27,252,0.0
0,28,252,0.0
0,29,252,0.0
0,30,252,0.0
0,31,252,2.318
0,32,252,0.0
0,33,252,1.015
0,34,252,0.0
0,35,252,0.0
0,36,252,4.344
0,37,252,1.807
0,38,252,0.0
0,39,252,0.0
0,40,252,4.736
0,41,252,5.495
0,42,252,0.0
0,43,252,0.0
0,44,252,0.0
0,45,252,1.098
0,46,252,0.0
0,47,252,0.0
0,48,252,0.0
0,49,252,0.0
0,50,252,0.0
0,51,252,0.0
0,52,252,0.0
0,53,252,0.0
0,54,252,0.0
0,55,252,0.0
0,56,252,0.0
0,57,252,0.0
0,58,252,0.0
0,59,252,2.414
0,60,252,0.06
0,61,252,0.0
0,62,252,2.343
0,63,252,0.0
0,64,252,0.0
0,65,252,0.0
0,66,252,0.0
0,67,252,1.692
0,68,252,0.0
0,69,252,0.0
0,70,252,1.903
0,71,252,0.0
0,72,252,0.371
0,73,252,1.165
0,74,252,0.0
0,75,252,0.756
0,76,252,0.504
0,77,252,1.458
0,78,252,1.066
0,79,252,6.226
0,80,252,2.734
0,81,252,0.0
0,82,252,0.0
0,83,252,5.283
0,84,252,0.99
0,85,252,0.0
0,86,252,0.0
0,87,252,0.0
0,88,252,8.042
0,89,252,0.0
1,90,252,0.311
1,91,252,0.0
1,92,252,0.226
1,93,252,0.0
1,94,252,0.0
1,95,252,0.0
1,96,252,0.0
1,97,252,0.0
1,98,252,1.364
1,99,252,0.0
1,100,252,0.0
1,101,252,0.293
1,102,252,0.0
1,103,252,0.0
1,104,252,0.0
1,105,252,0.0
1,106,252,0.0
1,107,252,0.0
1,108,252,0.0
1,109,252,0.0
1,110,252,0.0
1,111,252,0.564
1,112,252,0.229
1,113,252,0.002
1,114,252,0.0
1,115,252,0.0
1,116,252,0.0
1,117,252,0.0
1,118,252,0.959
1,119,252,0.163
1,120,252,0.0
1,121,252,0.0
1,122,252,0.0
1,123,252,0.0
1,124,252,0.0
1,125,252,0.0
1,126,252,0.954
1,127,252,0.352
1,128,252,0.253
1,129,252,0.0
1,130,252,0.076
1,131,252,0.091
1,132,252,0.008
1,133,252,0.352
1,134,252,0.0
1,135,252,0.0
1,136,252,0.0
1,137,252,0.565
1,138,252,0.0
1,139,252,3.09
1,140,252,0.0
1,141,252,0.0
1,142,252,0.0
1,143,252,0.0
1,144,252,0.344
1,145,252,0.255
1,146,252,1.008
1,147,252,0.483
1,148,252,0.0
1,149,252,0.073
1,150,252,0.663
1,151,252,0.0
1,152,252,0.107
1,153,252,0.0
1,154,252,2.22
1,155,252,0.0
1,156,252,0.0
1,157,252,0.0
1,158,252,0.0
1,159,252,0.866
1,160,252,0.0
1,161,252,0.0
1,162,252,0.0
1,163,252,0.0
1,164,252,1.051
1,165,252,0.0
1,166,252,2.208
1,167,252,0.0
0,2,253,0.0
0,3,253,0.0
0,4,253,0.0
0,5,253,0.0
0,6,253,0.0
0,7,253,0.0
0,8,253,0.0
0,9,253,0.0
0,10,253,0.0
0,11,253,0.0
0,12,253,0.0
0,13,253,1.105
0,14,253,0.0
0,15,253,4.484
0,16,253,0.0
0,17,253,0.0
0,18,253,0.0
0,19,253,0.0
0,20,253,0.202
0,21,253,0.0
0,22,253,2.128
0,23,253,0.0
0,24,253,0.0
0,25,253,0.0
0,26,253,0.0
0,27,253,0.0
0,28,253,0.0
0,29,253,0.0
0,30,253,0.0
0,31,253,2.681
0,32,253,0.0
0,33,253,0.017
0,34,253,0.0
0,35,253,0.0
0,36,253,4.24
0,37,253,1.072
0,38,253,0.0
0,39,253,0.0
0,40,253,4.888
0,41,253,5.454
0,42,253,0.0
0,43,253,0.0
0,44,253,0.0
0,45,253,0.674
0,46,253,0.0
0,47,253,0.0
0,48,253,0.0
0,49,253,0.0
0,50,253,0.0
0,51,253,0.0
0,52,253,0.0
0,53,253,0.0
0,54,253,0.0
0,55,253,1.221
0,56,253,0.0
0,57,253,0.0
0,58,253,0.0
0,59,253,2.235
0,60,253,1.766
0,61,253,0.0
0,62,253,4.004
0,63,253,0.0
0,64,253,0.0
0,65,253,0.0
0,66,253,0.0
0,67,253,0.208
0,68,253,0.0
0,69,253,0.0
0,70,253,1.523
0,71,253,0.0
0,72,253,0.0
0,73,253,0.0
0,74,253,0.647
0,75,253,0.0
0,76,253,0.0
0,77,253,0.0
0,78,253,0.0
0,79,253,5.972
0,80,253,0.0
0,81,253,2.265
0,82,253,0.0
0,83,253,5.803
0,84,253,1.448
0,85,253,0.0
0,86,253,0.0
0,87,253,0.0
0,88,253,8.465
0,89,253,0.0
1,90,253,0.167
1,91,253,0.015
1,92,253,0.158
1,93,253,0.0
1,94,253,0.0
1,95,253,0.0
1,96,253,0.0
1,97,253,0.0
1,98,253,0.889
1,99,253,0.057
1,100,253,0.0
1,101,253,0.858
1,102,253,0.094
1,103,253,0.0
1,104,253,0.0
1,105,253,0.0
1,106,253,0.0
1,107,253,0.0
1,108,253,0.0
1,109,253,0.894
1,110,253,0.0
1,111,253,0.502
1,112,253,0.066
1,113,253,0.075
1,114,253,0.0
1,115,253,0.0
1,116,253,0.0
1,117,253,0.0
1,118,253,0.727
1,119,253,0.0
1,120,253,0.0
1,121,253,0.0
1,122,253,0.0
1,123,253,0.0
1,124,253,0.0
1,125,253,0.0
1,126,253,0.691
1,127,253,0.176
1,128,253,0.0
1,129,253,0.0
1,130,253,0.44
1,131,253,0.0
1,132,253,0.024
1,133,253,0.0
1,134,253,0.0
1,135,253,0.0
1,136,253,0.0
1,137,253,0.695
1,138,253,0.0
1,139,253,4.118
1,140,253,0.0
1,141,253,0.113
1,142,253,0.0
1,143,253,0.0
1,144,253,0.181
1,145,253,0.23
1,146,253,3.393
1,147,253,0.468
1,148,253,0.0
1,149,253,0.301
1,150,253,0.182
1,151,253,0.029
1,152,253,0.004
1,153,253,0.0
1,154,253,2.872
1,155,253,0.0
1,156,253,0.0
1,157,253,0.0
1,158,253,0.0
1,159,253,0.86
1,160,253,0.0
1,161,253,0.0
1,162,253,0.0
1,163,253,0.0
1,164,253,2.484
1,165,253,0.0
1,166,253,0.527
1,167,253,0.0
0,2,254,0.0
0,3,254,0.544
0,4,254,0.0
0,5,254,0.0
0,6,254,1.366
0,7,254,0.0
0,8,254,0.0
0,9,254,0.0
0,10,254,0.0
0,11,254,0.0
0,12,254,0.0
0,13,254,1.48
0,14,254,0.0
0,15,254,6.814
0,16,254,4.701
0,17,254,0.0
0,18,254,0.0
0,19,254,0.831
0,20,254,0.0
0,21,254,0.0
0,22,254,1.267
0,23,254,0.0
0,24,254,0.0
0,25,254,0.0
0,26,254,0.0
0,27,254,0.0
0,28,254,0.0
0,29,254,0.0
0,30,254,1.168
0,31,254,1.714
0,32,254,0.0
0,33,254,0.0
0,34,254,0.0
0,35,254,0.0
0,36,254,0.99
0,37,254,1.541
0,38,254,0.569
0,39,254,0.0
0,40,254,3.744
0,41,254,4.132
0,42,254,0.0
0,43,254,0.0
0,44,254,0.0
0,45,254,0.0
0,46,254,0.116
0,47,254,0.0
0,48,254,0.0
0,49,254,0.0
0,50,254,0.0
0,51,254,1.701
0,52,254,0.0
0,53,254,0.0
0,54,254,0.0
0,55,254,1.657
0,56,254,0.0
0,57,254,0.0
0,58,254,0.0
0,59,254,2.817
0,60,254,3.041
0,61,254,0.0
0,62,254,2.308
0,63,254,0.0
0,64,254,0.0
0,65,254,0.0
0,66,254,0.0
0,67,254,0.905
0,68,254,0.0
0,69,254,0.0
0,70,254,0.679
0,71,254,0.0
0,72,254,0.0
0,73,254,1.141
0,74,254,0.0
0,75,254,0.0
0,76,254,0.0
0,77,254,0.0
0,78,254,0.0
0,79,254,6.096
0,80,254,2.749
0,81,254,2.937
0,82,254,0.0
0,83,254,3.581
0,84,254,2.205
0,85,254,0.0
0,86,254,0.0
0,87,254,0.0
0,88,254,8.754
0,89,254,0.0
1,90,254,0.0
1,91,254,0.0
1,92,254,0.044
1,93,254,0.0
1,94,254,0.0
1,95,254,0.0
1,96,254,0.048
1,97,254,0.0
1,98,254,1.904
1,99,254,0.0
1,100,254,0.0
1,101,254,0.0
1,102,254,0.0
1,103,254,0.0
1,104,254,0.0
1,105,254,0.0
1,106,254,0.0
1,107,254,0.177
1,108,254,0.115
1,109,254,0.0
1,110,254,0.0
1,111,254,0.0
1,112,254,0.281
1,113,254,0.0
1,114,254,0.0
1,115,254,0.0
1,116,254,0.124
1,117,254,0.0
1,118,254,1.124
1,119,254,0.0
1,120,254,1.449
1,121,254,0.0
1,122,254,0.0
1,123,254,0.0
1,124,254,0.0
1,125,254,0.0
1,126,254,1.054
1,127,254,0.0
1,128,254,0.017
1,129,254,0.0
1,130,254,0.0
1,131,254,0.501
1,132,254,0.057
1,133,254,0.282
1,134,254,0.0
1,135,254,0.0
1,136,254,0.0
1,137,254,0.265
1,138,254,0.0
1,139,254,3.28
1,140,254,0.0
1,141,254,0.0
1,142,254,0.0
1,143,254,0.0
1,144,254,0.277
1,145,254,0.255
1,146,254,2.373
1,147,254,0.467
1,148,254,0.0
1,149,254,0.146
1,150,254,1.478
1,151,254,0.0
1,152,254,0.168
1,153,254,0.0
1,154,254,2.367
1,155,254,0.0
1,156,254,0.0
1,157,254,0.0
1,158,254,0.0
1,159,254,4.29
1,160,254,0.0
1,161,254,0.231
1,162,254,0.0
1,163,254,0.0
1,164,254,1.473
1,165,254,0.0
1,166,254,0.89
1,167,254,0.0
0,2,255,0.0
0,3,255,0.0
0,4,255,0.0
0,5,255,0.0
0,6,255,0.398
0,7,255,0.0
0,8,255,0.0
0,9,255,0.0
0,10,255,0.0
0,11,255,0.0
0,12,255,0.0
0,13,255,0.0
0,14,255,0.0
0,15,255,4.302
0,16,255,1.461
0,17,255,0.0
0,18,255,0.0
0,19,255,0.017
0,20,255,0.0
0,21,255,0.0
0,22,255,2.541
0,23,255,0.0
0,24,255,0.0
0,25,255,0.0
0,26,255,0.0
0,27,255,0.0
0,28,255,0.0
0,29,255,0.0
0,30,255,0.0
0,31,255,0.0
0,32,255,0.0
0,33,255,1.169
0,34,255,0.0
0,35,255,2.307
0,36,255,3.03
0,37,255,1.167
0,38,255,0.0
0,39,255,0.0
0,40,255,2.254
0,41,255,3.046
0,42,255,0.0
0,43,255,0.0
0,44,255,0.0
0,45,255,1.933
0,46,255,2.53
0,47,255,0.0
0,48,255,0.0
0,49,255,0.0
0,50,255,0.0
0,51,255,0.0
0,52,255,0.0
0,53,255,0.0
0,54,255,0.0
0,55,255,0.062
0,56,255,0.0
0,57,255,0.0
0,58,255,0.0
0,59,255,0.0
0,60,255,4.15
0,61,255,0.0
0,62,255,1.475
0,63,255,0.0
0,64,255,0.0
0,65,255,0.0
0,66,255,0.0
0,67,255,0.0
0,68,255,0.0
0,69,255,0.0
0,70,255,0.564
0,71,255,0.0
0,72,255,0.0
0,73,255,0.0
0,74,255,0.0
0,75,255,0.0
0,76,255,0.0
0,77,255,0.123
0,78,255,1.709
0,79,255,5.066
0,80,255,0.0
0,81,255,4.001
0,82,255,0.0
0,83,255,2.947
0,84,255,0.751
0,85,255,0.0
0,86,255,0.399
0,87,255,0.0
0,88,255,8.351
0,89,255,0.0
1,90,255,0.0
1,91,255,0.0
1,92,255,0.0
1,93,255,0.0
1,94,255,0.0
1,95,255,0.0
1,96,255,0.0
1,97,255,0.0
1,98,255,0.877
1,99,255,0.018
1,100,255,0.0
1,101,255,0.0
1,102,255,0.0
1,103,255,0.0
1,104,255,0.0
1,105,255,0.0
1,106,255,0.0
1,107,255,0.0
1,108,255,0.0
1,109,255,1.304
1,110,255,0.0
1,111,255,0.0
1,112,255,0.186
1,113,255,0.0
1,114,255,0.0
1,115,255,0.0
1,116,255,0.09
1,117,255,0.0
1,118,255,0.105
1,119,255,0.0
1,120,255,0.0
1,121,255,0.152
1,122,255,0.0
1,123,255,0.0
1,124,255,0.0
1,125,255,0.0
1,126,255,1.308
1,127,255,0.0
1,128,255,0.0
1,129,255,0.0
1,130,255,0.232
1,131,255,0.0
1,132,255,0.0
1,133,255,0.186
1,134,255,0.0
1,135,255,0.0
1,136,255,0.0
1,137,255,0.0
1,138,255,0.0
1,139,255,2.663
1,140,255,0.0
1,141,255,0.0
1,142,255,0.0
1,143,255,0.0
1,144,255,0.0
1,145,255,0.051
1,146,255,0.177
1,147,255,0.133
1,148,255,0.0
1,149,255,0.242
1,150,255,0.352
1,151,255,0.037
1,152,255,0.009
1,153,255,0.0
1,154,255,1.508
1,155,255,0.0
1,156,255,0.0
1,157,255,0.0
1,158,255,0.112
1,159,255,1.856
1,160,255,0.0
1,161,255,0.0
1,162,255,0.0
1,163,255,0.0
1,164,255,1.659
1,165,255,0.0
1,166,255,0.233
1,167,255,0.0
0,2,256,0.0
0,3,256,0.0
0,4,256,0.0
0,5,256,0.0
0,6,256,0.0
0,7,256,0.0
0,8,256,0.0
0,9,256,0.0
0,10,256,0.0
0,11,256,0.0
0,12,256,0.0
0,13,256,0.223
0,14,256,0.0
0,15,256,2.951
0,16,256,0.0
0,17,256,0.0
0,18,256,0.0
0,19,256,0.0
0,20,256,0.0
0,21,256,0.0
0,22,256,3.019
0,23,256,0.0
0,24,256,0.0
0,25,256,0.0
0,26,256,0.0
0,27,256,0.0
0,28,256,0.0
0,29,256,0.0
0,30,256,0.0
0,31,256,0.116
0,32,256,0.0
0,33,256,0.0
0,34,256,0.0
0,35,256,3.172
0,36,256,3.546
0,37,256,1.322
0,38,256,0.0
0,39,256,0.0
0,40,256,4.642
0,41,256,2.722
0,42,256,1.657
0,43,256,0.0
0,44,256,0.0
0,45,256,0.804
0,46,256,0.0
0,47,256,0.0
0,48,256,0.0
0,49,256,0.041
0,50,256,0.0
0,51,256,2.866
0,52,256,0.0
0,53,256,1.826
0,54,256,0.0
0,55,256,1.823
0,56,256,0.0
0,57,256,0.502
0,58,256,0.0
0,59,256,0.0
0,60,256,3.559
0,61,256,0.0
0,62,256,4.819
0,63,256,0.0
0,64,256,0.0
0,65,256,0.0
0,66,256,0.0
0,67,256,1.203
0,68,256,0.0
0,69,256,0.0
0,70,256,2.178
0,71,256,0.0
0,72,256,0.0
0,73,256,1.197
0,74,256,0.0
0,75,256,0.0
0,76,256,0.0
0,77,256,0.0
0,78,256,0.882
0,79,256,5.339
0,80,256,2.817
0,81,256,4.221
0,82,256,0.0
0,83,256,4.154
0,84,256,0.0
0,85,256,0.0
0,86,256,0.0
0,87,256,0.0
0,88,256,9.189
0,89,256,0.0
1,90,256,0.066
1,91,256,0.0
1,92,256,0.0
1,93,256,0.0
1,94,256,0.0
1,95,256,0.0
1,96,256,0.0
1,97,256,0.0
1,98,256,0.415
1,99,256,0.213
1,100,256,0.0
1,101,256,0.452
1,102,256,0.0
1,103,256,0.0
1,104,256,0.0
1,105,256,0.0
1,106,256,0.0
1,107,256,0.169
1,108,256,0.0
1,109,256,0.0
1,110,256,0.0
1,111,256,0.081
1,112,256,0.232
1,113,256,0.0
1,114,256,0.0
1,115,256,0.0
1,116,256,0.216
1,117,256,0.0
1,118,256,1.33
1,119,256,0.0
1,120,256,0.0
1,121,256,1.509
1,122,256,0.0
1,123,256,0.0
1,124,256,0.0
1,125,256,0.0
1,126,256,0.729
1,127,256,0.0
1,128,256,0.0
1,129,256,0.0
1,130,256,0.625
1,131,256,0.095
1,132,256,0.0
1,133,256,0.0
1,134,256,0.0
1,135,256,0.0
1,136,256,0.0
1,137,256,1.001
1,138,256,0.0
1,139,256,2.383
1,140,256,0.0
1,141,256,0.0
1,142,256,0.133
1,143,256,0.0
1,144,256,0.608
1,145,256,0.465
1,146,256,0.402
1,147,256,0.419
1,148,256,0.0
1,149,256,0.07
1,150,256,0.906
1,151,256,0.0
1,152,256,0.0
1,153,256,0.066
1,154,256,1.815
1,155,256,0.0
1,156,256,0.0
1,157,256,0.0
1,158,256,0.0
1,159,256,1.818
1,160,256,0.0
1,161,256,0.0
1,162,256,0.0
1,163,256,0.0
1,164,256,2.164
1,165,256,0.0
1,166,256,2.378
1,167,256,0.0
0,2,257,0.0
0,3,257,0.0
0,4,257,0.0
0,5,257,0.0
0,6,257,0.0
0,7,257,0.0
0,8,257,0.0
0,9,257,0.0
0,10,257,0.0
0,11,257,0.0
0,12,257,0.0
0,13,257,0.164
0,14,257,0.0
0,15,257,6.228
0,16,257,3.326
0,17,257,0.0
0,18,257,0.0
0,19,257,1.231
0,20,257,0.0
0,21,257,0.0
0,22,257,2.413
0,23,257,0.0
0,24,257,0.0
0,25,257,0.765
0,26,257,0.0
0,27,257,0.0
0,28,257,0.0
0,29,257,0.0
0,30,257,0.0
0,31,257,3.66
0,32,257,0.0
0,33,257,1.344
0,34,257,0.0
0,35,257,0.0
0,36,257,4.052
0,37,257,0.665
0,38,257,0.0
0,39,257,0.0
0,40,257,4.78
0,41,257,5.75
0,42,257,2.056
0,43,257,0.0
0,44,257,0.0
0,45,257,0.0
0,46,257,1.788
0,47,257,0.0
0,48,257,0.0
0,49,257,0.0
0,50,257,0.0
0,51,257,2.593
0,52,257,0.0
0,53,257,2.969
0,54,257,0.0
0,55,257,0.918
0,56,257,0.0
0,57,257,0.0
0,58,257,0.0
0,59,257,1.429
0,60,257,4.34
0,61,257,0.0
0,62,257,1.908
0,63,257,0.0
0,64,257,0.0
0,65,257,0.0
0,66,257,0.0
0,67,257,1.669
0,68,257,0.0
0,69,257,0.0
0,70,257,0.0
0,71,257,0.0
0,72,257,0.0
0,73,257,2.37
0,74,257,0.0
0,75,257,2.332
0,76,257,0.0
0,77,257,0.0
0,78,257,2.071
0,79,257,6.315
0,80,257,0.381
0,81,257,4.915
0,82,257,0.0
0,83,257,5.052
0,84,257,0.0
0,85,257,0.0
0,86,257,0.36
0,87,257,0.0
0,88,257,8.05
0,89,257,1.307
1,90,257,0.087
1,91,257,0.0
1,92,257,0.069
1,93,257,0.0
1,94,257,0.0
1,95,257,0.0
1,96,257,0.0
1,97,257,0.0
1,98,257,2.101
1,99,257,0.3
1,100,257,0.0
1,101,257,0.154
1,102,257,0.0
1,103,257,0.0
1,104,257,0.0
1,105,257,0.0
1,106,257,0.0
1,107,257,0.0
1,108,257,0.0
1,109,257,0.0
1,110,257,0.0
1,111,257,0.145
1,112,257,0.228
1,113,257,0.0
1,114,257,0.0
1,115,257,0.0
1,116,257,0.176
1,117,257,0.0
1,118,257,0.987
1,119,257,0.008
1,120,257,0.026
1,121,257,0.0
1,122,257,0.0
1,123,257,0.0
1,124,257,0.0
1,125,257,0.0
1,126,257,1.819
1,127,257,0.044
1,128,257,0.0
1,129,257,0.0
1,130,257,0.538
1,131,257,0.025
1,132,257,0.045
1,133,257,0.028
1,134,257,0.0
1,135,257,0.0
1,136,257,0.0
1,137,257,0.006
1,138,257,0.0
1,139,257,3.117
1,140,257,0.0
1,141,257,0.0
1,142,257,0.0
1,143,257,0.0
1,144,257,0.0
1,145,257,0.117
1,146,257,1.217
1,147,257,0.202
1,148,257,0.0
1,149,257,0.242
1,150,257,1.551
1,151,257,0.0
1,152,257,0.018
1,153,257,0.199
1,154,257,2.472
1,155,257,0.0
1,156,257,0.0
1,157,257,0.0
1,158,257,0.0
1,159,257,2.15
1,160,257,0.0
1,161,257,0.978
1,162,257,0.0
1,163,257,0.0
1,164,257,1.856
1,165,257,0.0
1,166,257,0.545
1,167,257,0.0
0,2,258,0.0
0,3,258,0.0
0,4,258,0.765
0,5,258,0.0
0,6,258,0.0
0,7,258,0.0
0,8,258,0.0
0,9,258,0.0
0,10,258,0.0
0,11,258,0.0
0,12,258,0.0
0,13,258,0.0
0,14,258,0.0
0,15,258,5.286
0,16,258,3.078
0,17,258,0.0
0,18,258,0.0
0,19,258,0.258
0,20,258,0.0
0,21,258,0.0
0,22,258,1.396
0,23,258,0.0
0,24,258,0.0
0,25,258,0.0
0,26,258,0.0
0,27,258,0.0
0,28,258,0.0
0,29,258,0.0
0,30,258,0.0
0,31,258,1.838
0,32,258,0.0
0,33,258,0.0
0,34,258,0.0
0,35,258,0.0
0,36,258,3.326
0,37,258,0.0
0,38,258,0.0
0,39,258,0.0
0,40,258,0.0
0,41,258,3.821
0,42,258,0.0
0,43,258,0.0
0,44,258,0.0
0,45,258,0.0
0,46,258,1.499
0,47,258,0.0
0,48,258,0.0
0,49,258,0.0
0,50,258,0.0
0,51,258,1.161
0,52,258,0.0
0,53,258,0.0
0,54,258,0.0
0,55,258,0.0
0,56,258,0.132
0,57,258,0.0
0,58,258,0.0
0,59,258,0.0
0,60,258,1.125
0,61,258,0.0
0,62,258,2.921
0,63,258,0.0
0,64,258,0.0
0,65,258,0.0
0,66,258,0.0
0,67,258,3.008
0,68,258,0.0
0,69,258,0.0
0,70,258,2.807
0,71,258,0.0
0,72,258,0.0
0,73,258,0.0
0,74,258,0.0
0,75,258,0.0
0,76,258,0.0
0,77,258,0.0
0,78,258,0.0
0,79,258,3.923
0,80,258,3.574
0,81,258,4.136
0,82,258,0.0
0,83,258,5.097
0,84,258,0.0
0,85,258,0.0
0,86,258,0.31
0,87,258,0.0
0,88,258,7.578
0,89,258,0.0
1,90,258,0.0
1,91,258,0.0
1,92,258,0.0
1,93,258,0.0
1,94,258,0.0
1,95,258,0.0
1,96,258,0.0
1,97,258,0.0
1,98,258,1.601
1,99,258,0.0
1,100,258,0.0
1,101,258,0.409
1,102,258,0.0
1,103,258,0.0
1,104,258,0.0
1,105,258,0.0
1,106,258,0.0
1,107,258,0.0
1,108,258,0.0
1,109,258,0.0
1,110,258,0.0
1,111,258,0.0
1,112,258,0.018
1,113,258,0.0
1,114,258,0.0
1,115,258,0.0
1,116,258,0.0
1,117,258,0.0
1,118,258,1.662
1,119,258,0.0
1,120,258,0.62
1,121,258,0.0
1,122,258,0.0
1,123,258,0.0
1,124,258,0.0
1,125,258,0.294
1,126,258,0.344
1,127,258,0.0
1,128,258,0.0
1,129,258,0.0
1,130,258,0.0
1,131,258,0.167
1,132,258,0.0
1,133,258,0.0
1,134,258,0.0
1,135,258,0.0
1,136,258,0.0
1,137,258,0.0
1,138,258,0.0
1,139,258,2.669
1,140,258,0.0
1,141,258,0.0
1,142,258,0.0
1,143,258,0.0
1,144,258,0.0
1,145,258,0.112
1,146,258,0.979
1,147,258,0.292
1,148,258,0.0
1,149,258,0.006
1,150,258,0.118
1,151,258,0.0
1,152,258,0.0
1,153,258,0.085
1,154,258,1.434
1,155,258,0.0
1,156,258,0.0
1,157,258,0.0
1,158,258,0.0
1,159,258,2.422
1,160,258,0.0
1,161,258,0.0
1,162,258,0.0
1,163,258,0.0
1,164,258,1.09
1,165,258,0.0
1,166,258,0.0
1,167,258,0.0
0,2,259,0.0
0,3,259,0.0
0,4,259,0.0
0,5,259,0.0
0,6,259,2.459
0,7,259,0.0
0,8,259,0.0
0,9,259,0.0
0,10,259,0.0
0,11,259,0.0
0,12,259,0.0
0,13,259,1.399
0,14,259,0.0
0,15,259,4.069
0,16,259,0.0
0,17,259,0.0
0,18,259,0.0
0,19,259,0.0
0,20,259,0.0
0,21,259,0.0
0,22,259,1.929
0,23,259,0.0
0,24,259,0.0
0,25,259,0.0
0,26,259,0.0
0,27,259,0.367
0,28,259,0.0
0,29,259,0.0
0,30,259,0.25
0,31,259,0.0
0,32,259,0.0
0,33,259,0.0
0,34,259,0.0
0,35,259,0.037
0,36,259,1.467
0,37,259,1.263
0,38,259,0.0
0,39,259,0.0
0,40,259,4.178
0,41,259,3.738
0,42,259,0.0
0,43,259,0.0
0,44,259,0.0
0,45,259,1.206
0,46,259,0.0
0,47,259,0.0
0,48,259,0.0
0,49,259,0.0
0,50,259,0.0
0,51,259,0.0
0,52,259,0.0
0,53,259,0.0
0,54,259,0.553
0,55,259,0.0
0,56,259,0.0
0,57,259,0.0
0,58,259,0.0
0,59,259,0.0
0,60,259,2.074
0,61,259,0.0
0,62,259,3.746
0,63,259,0.0
0,64,259,0.0
0,65,259,0.0
0,66,259,0.0
0,67,259,2.192
0,68,259,0.0
0,69,259,0.0
0,70,259,0.043
0,71,259,0.0
0,72,259,0.0
0,73,259,0.0
0,74,259,0.0
0,75,259,0.0
0,76,259,0.0
0,77,259,0.0
0,78,259,2.019
0,79,259,4.176
0,80,259,0.341
0,81,259,2.848
0,82,259,0.0
0,83,259,3.74
0,84,259,0.86
0,85,259,0.0
0,86,259,0.0
0,87,259,0.0
0,88,259,8.191
0,89,259,0.0
1,90,259,0.0
1,91,259,0.0
1,92,259,0.0
1,93,259,0.0
1,94,259,0.0
1,95,259,0.0
1,96,259,0.0
1,97,259,0.0
1,98,259,1.396
1,99,259,0.0
1,100,259,0.0
1,101,259,0.0
1,102,259,0.0
1,103,259,0.0
1,104,259,0.0
1,105,259,0.0
1,106,259,0.0
1,107,259,0.0
1,108,259,0.0
1,109,259,0.356
1,110,259,0.0
1,111,259,0.027
1,112,259,0.0
1,113,259,0.0
1,114,259,0.0
1,115,259,0.0
1,116,259,0.0
1,117,259,0.0
1,118,259,0.395
1,119,259,0.0
1,120,259,0.0
1,121,259,0.0
1,122,259,0.0
1,123,259,0.0
1,124,259,0.0
1,125,259,0.0
1,126,259,0.508
1,127,259,0.0
1,128,259,0.0
1,129,259,0.0
1,130,259,0.01
1,131,259,0.0
1,132,259,0.0
1,133,259,0.0
1,134,259,0.0
1,135,259,0.0
1,136,259,0.0
1,137,259,0.351
1,138,259,0.0
1,139,259,0.0
1,140,259,0.0
1,141,259,0.0
1,142,259,0.0
1,143,259,0.0
1,144,259,0.0
1,145,259,0.107
1,146,259,0.526
1,147,259,0.069
1,148,259,0.0
1,149,259,0.0
1,150,259,0.839
1,151,259,0.0
1,152,259,0.0
1,153,259,0.0
1,154,259,0.0
1,155,259,0.0
1,156,259,0.0
1,157,259,0.0
1,158,259,0.0
1,159,259,0.464
1,160,259,0.0
1,161,259,0.0
1,162,259,0.0
1,163,259,0.0
1,164,259,0.0
1,165,259,0.0
1,166,259,2.108
1,167,259,0.0
0,2,260,0.0
0,3,260,0.0
0,4,260,1.771
0,5,260,0.0
0,6,260,3.03
0,7,260,0.0
0,8,260,0.0
0,9,260,0.0
0,10,260,0.0
0,11,260,0.0
0,12,260,0.0
0,13,260,0.193
0,14,260,0.0
0,15,260,5.767
0,16,260,1.683
0,17,260,0.851
0,18,260,0.0
0,19,260,0.0
0,20,260,0.0
0,21,260,0.0
0,22,260,2.541
0,23,260,0.496
0,24,260,0.0
0,25,260,0.0
0,26,260,0.0
0,27,260,0.0
0,28,260,0.0
0,29,260,0.0
0,30,260,1.113
0,31,260,0.824
0,32,260,0.0
0,33,260,0.0
0,34,260,0.0
0,35,260,0.908
0,36,260,4.03
0,37,260,3.14
0,38,260,0.0
0,39,260,0.0
0,40,260,3.547
0,41,260,2.362
0,42,260,0.0
0,43,260,0.0
0,44,260,0.0
0,45,260,0.0
0,46,260,0.0
0,47,260,0.0
0,48,260,0.0
0,49,260,0.0
0,50,260,0.0
0,51,260,0.0
0,52,260,0.0
0,53,260,0.0
0,54,260,0.0
0,55,260,1.12
0,56,260,0.0
0,57,260,0.0
0,58,260,1.687
0,59,260,0.748
0,60,260,0.0
0,61,260,0.0
0,62,260,3.371
0,63,260,0.0
0,64,260,0.0
0,65,260,0.0
0,66,260,0.0
0,67,260,1.596
0,68,260,0.0
0,69,260,0.0
0,70,260,2.49
0,71,260,0.0
0,72,260,0.0
0,73,260,2.837
0,74,260,0.0
0,75,260,0.92
0,76,260,1.395
0,77,260,0.0
0,78,260,0.0
0,79,260,5.674
0,80,260,4.14
0,81,260,1.143
0,82,260,0.0
0,83,260,5.824
0,84,260,0.0
0,85,260,0.0
0,86,260,0.0
0,87,260,0.0
0,88,260,8.047
0,89,260,0.0
1,90,260,0.0
1,91,260,0.0
1,92,260,0.086
1,93,260,0.0
1,94,260,0.0
1,95,260,0.0
1,96,260,0.0
1,97,260,0.0
1,98,260,1.397
1,99,260,0.12
1,100,260,0.0
1,101,260,0.773
1,102,260,0.0
1,103,260,0.0
1,104,260,0.0
1,105,260,0.0
1,106,260,0.0
1,107,260,0.373
1,108,260,0.0
1,109,260,0.0
1,110,260,0.0
1,111,260,0.118
1,112,260,0.228
1,113,260,0.006
1,114,260,0.0
1,115,260,0.0
1,116,260,0.216
1,117,260,0.0
1,118,260,0.579
1,119,260,0.218
1,120,260,0.0
1,121,260,0.0
1,122,260,0.0
1,123,260,0.0
1,124,260,0.0
1,125,260,0.802
1,126,260,0.85
1,127,260,0.0
1,128,260,0.0
1,129,260,0.0
1,130,260,0.365
1,131,260,0.056
1,132,260,0.0
1,133,260,0.146
1,134,260,0.0
1,135,260,0.0
1,136,260,0.0
1,137,260,0.522
1,138,260,0.0
1,139,260,2.748
1,140,260,0.0
1,141,260,0.181
1,142,260,0.0
1,143,260,0.037
1,144,260,0.149
1,145,260,0.274
1,146,260,0.576
1,147,260,0.382
1,148,260,0.0
1,149,260,0.047
1,150,260,0.512
1,151,260,0.0
1,152,260,0.0
1,153,260,0.14
1,154,260,1.788
1,155,260,0.0
1,156,260,0.0
1,157,260,0.0
1,158,260,0.0
1,159,260,0.531
1,160,260,0.067
1,161,260,0.0
1,162,260,0.0
1,163,260,0.0
1,164,260,1.062
1,165,260,0.0
1,166,260,0.0
1,167,260,0.0
0,2,261,0.0
0,3,261,0.0
0,4,261,0.523
0,5,261,0.0
0,6,261,0.165
0,7,261,0.0
0,8,261,0.0
0,9,261,0.0
0,10,261,0.0
0,11,261,0.0
0,12,261,0.0
0,13,261,0.0
0,14,261,0.0
0,15,261,2.865
0,16,261,1.033
0,17,261,0.0
0,18,261,0.0
0,19,261,0.293
0,20,261,0.0
0,21,261,0.0
0,22,261,2.185
0,23,261,0.0
0,24,261,0.0
0,25,261,0.0
0,26,261,0.0
0,27,261,0.0
0,28,261,0.0
0,29,261,0.0
0,30,261,0.0
0,31,261,0.256
0,32,261,0.0
0,33,261,0.0
0,34,261,0.0
0,35,261,0.0
0,36,261,1.766
0,37,261,2.741
0,38,261,0.0
0,39,261,0.0
0,40,261,2.646
0,41,261,2.996
0,42,261,0.0
0,43,261,0.0
0,44,261,0.0
0,45,261,0.0
0,46,261,2.031
0,47,261,0.0
0,48,261,0.0
0,49,261,0.922
0,50,261,0.0
0,51,261,0.0
0,52,261,0.0
0,53,261,0.0
0,54,261,0.0
0,55,261,0.0
0,56,261,0.0
0,57,261,0.0
0,58,261,0.0
0,59,261,0.323
0,60,261,3.124
0,61,261,0.0
0,62,261,1.674
0,63,261,0.0
0,64,261,0.0
0,65,261,0.0
0,66,261,0.0
0,67,261,0.0
0,68,261,0.0
0,69,261,0.0
0,70,261,2.251
0,71,261,0.0
0,72,261,0.0
0,73,261,0.991
0,74,261,0.0
0,75,261,0.0
0,76,261,0.0
0,77,261,0.0
0,78,261,2.017
0,79,261,4.386
0,80,261,0.0
0,81,261,4.673
0,82,261,0.0
0,83,261,3.234
0,84,261,0.311
0,85,261,0.0
0,86,261,0.0
0,87,261,0.0
0,88,261,7.291
0,89,261,0.0
1,90,261,0.0
1,91,261,0.0
1,92,261,0.111
1,93,261,0.0
1,94,261,0.0
1,95,261,0.0
1,96,261,0.0
1,97,261,0.0
1,98,261,0.667
1,99,261,0.0
1,100,261,0.0
1,101,261,1.86
1,102,261,0.0
1,103,261,0.0
1,104,261,0.237
1,105,261,0.0
1,106,261,0.0
1,107,261,0.081
1,108,261,0.195
1,109,261,2.001
1,110,261,0.0
1,111,261,0.0
1,112,261,0.198
1,113,261,0.0
1,114,261,0.0
1,115,261,0.0
1,116,261,0.138
1,117,261,0.041
1,118,261,0.402
1,119,261,0.089
1,120,261,0.0
1,121,261,0.0
1,122,261,0.0
1,123,261,0.0
1,124,261,0.0
1,125,261,0.0
1,126,261,0.614
1,127,261,0.0
1,128,261,0.0
1,129,261,0.0
1,130,261,0.581
1,131,261,0.441
1,132,261,0.0
1,133,261,0.431
1,134,261,0.0
1,135,261,0.0
1,136,261,0.0
1,137,261,0.0
1,138,261,0.0
1,139,261,1.328
1,140,261,0.062
1,141,261,0.0
1,142,261,0.014
1,143,261,0.0
1,144,261,0.0
1,145,261,0.262
1,146,261,0.0
1,147,261,0.45
1,148,261,0.0
1,149,261,0.167
1,150,261,0.073
1,151,261,0.241
1,152,261,0.054
1,153,261,0.0
1,154,261,1.36
1,155,261,0.0
1,156,261,0.0
1,157,261,0.0
1,158,261,0.0
1,159,261,3.107
1,160,261,0.0
1,161,261,0.0
1,162,261,0.0
1,163,261,0.0
1,164,261,0.941
1,165,261,0.0
1,166,261,0.068
1,167,261,0.0
0,2,262,0.0
0,3,262,0.0
0,4,262,0.0
0,5,262,0.0
0,6,262,1.755
0,7,262,0.0
0,8,262,0.0
0,9,262,2.922
0,10,262,0.0
0,11,262,0.0
0,12,262,0.0
0,13,262,1.31
0,14,262,0.0
0,15,262,5.019
0,16,262,0.0
0,17,262,0.0
0,18,262,0.0
0,19,262,0.0
0,20,262,0.0
0,21,262,0.0
0,22,262,1.822
0,23,262,0.0
0,24,262,0.0
0,25,262,0.0
0,26,262,0.0
0,27,262,0.0
0,28,262,0.0
0,29,262,0.0
0,30,262,0.0
0,31,262,2.503
0,32,262,0.0
0,33,262,0.243
0,34,262,0.0
0,35,262,0.0
0,36,262,3.549
0,37,262,0.0
0,38,262,0.0
0,39,262,0.0
0,40,262,0.78
0,41,262,4.072
0,42,262,2.283
0,43,262,0.0
0,44,262,0.0
0,45,262,0.0
0,46,262,1.03
0,47,262,0.0
0,48,262,0.0
0,49,262,0.0
0,50,262,0.0
0,51,262,0.0
0,52,262,0.0
0,53,262,0.0
0,54,262,0.0
0,55,262,0.0
0,56,262,1.733
0,57,262,0.0
0,58,262,0.0
0,59,262,2.472
0,60,262,1.22
0,61,262,0.0
0,62,262,2.396
0,63,262,0.0
0,64,262,0.0
0,65,262,0.0
0,66,262,0.0
0,67,262,0.0
0,68,262,0.0
0,69,262,0.0
0,70,262,2.255
0,71,262,0.0
0,72,262,0.0
0,73,262,0.0
0,74,262,0.0
0,75,262,0.639
0,76,262,1.441
0,77,262,0.0
0,78,262,0.0
0,79,262,5.522
0,80,262,3.434
0,81,262,2.392
0,82,262,0.0
0,83,262,4.254
0,84,262,3.707
0,85,262,0.0
0,86,262,0.0
0,87,262,0.0
0,88,262,8.583
0,89,262,0.0
1,90,262,0.0
1,91,262,0.0
1,92,262,0.0
1,93,262,0.0
1,94,262,0.0
1,95,262,0.0
1,96,262,0.046
1,97,262,0.0
1,98,262,1.127
1,99,262,0.0
1,100,262,0.0
1,101,262,0.02
1,102,262,0.0
1,103,262,0.0
1,104,262,0.0
1,105,262,0.0
1,106,262,0.0
1,107,262,0.909
1,108,262,0.0
1,109,262,1.144
1,110,262,0.0
1,111,262,0.0
1,112,262,0.19
1,113,262,0.0
1,114,262,0.0
1,115,262,0.0
1,116,262,0.152
1,117,262,0.0
1,118,262,0.75
1,119,262,0.0
1,120,262,0.0
1,121,262,0.0
1,122,262,0.0
1,123,262,0.0
1,124,262,0.0
1,125,262,0.0
1,126,262,0.216
1,127,262,0.03
1,128,262,0.0
1,129,262,0.0
1,130,262,0.32
1,131,262,0.19
1,132,262,1.275
1,133,262,0.304
1,134,262,0.0
1,135,262,0.0
1,136,262,0.0
1,137,262,0.481
1,138,262,0.0
1,139,262,2.295
1,140,262,0.068
1,141,262,0.0
1,142,262,0.0
1,143,262,0.0
1,144,262,0.281
1,145,262,0.0
1,146,262,0.642
1,147,262,0.521
1,148,262,0.0
1,149,262,0.216
1,150,262,0.0
1,151,262,0.0
1,152,262,0.004
1,153,262,0.202
1,154,262,1.799
1,155,262,0.0
1,156,262,0.089
1,157,262,0.0
1,158,262,0.0
1,159,262,0.901
1,160,262,0.0
1,161,262,0.0
1,162,262,0.0
1,163,262,0.0
1,164,262,1.481
1,165,262,0.0
1,166,262,0.012
1,167,262,0.0
0,2,263,0.0
0,3,263,0.0
0,4,263,0.0
0,5,263,0.0
0,6,263,0.0
0,7,263,0.0
0,8,263,0.0
0,9,263,0.0
0,10,263,0.0
0,11,263,0.0
0,12,263,0.0
0,13,263,0.0
0,14,263,0.0
0,15,263,2.329
0,16,263,0.0
0,17,263,0.0
0,18,263,0.0
0,19,263,0.0
0,20,263,0.0
0,21,263,0.0
0,22,263,0.387
0,23,263,0.0
0,24,263,0.0
0,25,263,0.0
0,26,263,0.0
0,27,263,0.0
0,28,263,0.0
0,29,263,0.0
0,30,263,0.0
0,31,263,4.046
0,32,263,0.0
0,33,263,0.0
0,34,263,0.0
0,35,263,0.0
0,36,263,0.0
0,37,263,0.0
0,38,263,0.0
0,39,263,0.0
0,40,263,2.555
0,41,263,2.165
0,42,263,1.684
0,43,263,0.0
0,44,263,0.0
0,45,263,0.65
0,46,263,0.172
0,47,263,0.0
0,48,263,0.0
0,49,263,0.0
0,50,263,0.0
0,51,263,0.0
0,52,263,0.0
0,53,263,2.296
0,54,263,0.0
0,55,263,2.037
0,56,263,0.0
0,57,263,0.377
0,58,263,0.0
0,59,263,2.109
0,60,263,2.422
0,61,263,0.0
0,62,263,3.363
0,63,263,0.0
0,64,263,0.0
0,65,263,0.0
0,66,263,0.0
0,67,263,1.214
0,68,263,0.0
0,69,263,0.0
0,70,263,1.996
0,71,263,0.0
0,72,263,0.0
0,73,263,0.0
0,74,263,0.0
0,75,263,0.0
0,76,263,0.0
0,77,263,1.298
0,78,263,0.563
0,79,263,1.291
0,80,263,2.204
0,81,263,2.488
0,82,263,0.0
0,83,263,3.943
0,84,263,1.092
0,85,263,0.0
0,86,263,0.0
0,87,263,0.0
0,88,263,7.691
0,89,263,0.0
1,90,263,0.0
1,91,263,0.0
1,92,263,0.0
1,93,263,0.0
1,94,263,0.0
1,95,263,0.0
1,96,263,1.226
1,97,263,0.0
1,98,263,0.723
1,99,263,0.0
1,100,263,0.0
1,101,263,0.81
1,102,263,0.0
1,103,263,0.0
1,104,263,0.0
1,105,263,0.0
1,106,263,0.0
1,107,263,0.0
1,108,263,0.0
1,109,263,0.0
1,110,263,0.0
1,111,263,0.0
1,112,263,0.085
1,113,263,0.799
1,114,263,0.0
1,115,263,0.0
1,116,263,0.0
1,117,263,0.0
1,118,263,0.48
1,119,263,0.033
1,120,263,0.0
1,121,263,0.0
1,122,263,0.0
1,123,263,0.0
1,124,263,0.0
1,125,263,0.0
1,126,263,1.895
1,127,263,0.0
1,128,263,0.0
1,129,263,0.0
1,130,263,0.0
1,131,263,0.0
1,132,263,0.0
1,133,263,0.0
1,134,263,0.0
1,135,263,0.0
1,136,263,0.0
1,137,263,1.018
1,138,263,0.0
1,139,263,0.0
1,140,263,0.0
1,141,263,0.0
1,142,263,0.0
1,143,263,0.0
1,144,263,0.0
1,145,263,0.0
1,146,263,2.942
1,147,263,0.058
1,148,263,0.0
1,149,263,0.0
1,150,263,0.304
1,151,263,0.0
1,152,263,0.0
1,153,263,0.0
1,154,263,0.0
1,155,263,0.0
1,156,263,0.0
1,157,263,0.0
1,158,263,0.0
1,159,263,0.989
1,160,263,0.0
1,161,263,0.0
1,162,263,0.0
1,163,263,0.0
1,164,263,0.0
1,165,263,0.0
1,166,263,1.945
1,167,263,0.0
0,2,264,0.0
0,3,264,0.0
0,4,264,0.0
0,5,264,0.0
0,6,264,0.65
0,7,264,0.0
0,8,264,0.0
0,9,264,0.0
0,10,264,0.0
0,11,264,0.0
0,12,264,0.0
0,13,264,0.0
0,14,264,0.0
0,15,264,4.892
0,16,264,1.475
0,17,264,0.0
0,18,264,0.0
0,19,264,1.324
0,20,264,0.175
0,21,264,0.0
0,22,264,0.568
0,23,264,0.0
0,24,264,0.488
0,25,264,0.0
0,26,264,0.0
0,27,264,0.0
0,28,264,0.0
0,29,264,0.0
0,30,264,1.022
0,31,264,2.818
0,32,264,0.0
0,33,264,0.0
0,34,264,0.0
0,35,264,0.0
0,36,264,1.185
0,37,264,1.843
0,38,264,0.0
0,39,264,0.0
0,40,264,4.216
0,41,264,3.66
0,42,264,0.184
0,43,264,0.0
0,44,264,0.0
0,45,264,0.0
0,46,264,0.017
0,47,264,0.0
0,48,264,0.0
0,49,264,0.0
0,50,264,0.0
0,51,264,0.0
0,52,264,0.0
0,53,264,0.0
0,54,264,0.0
0,55,264,0.0
0,56,264,0.0
0,57,264,0.0
0,58,264,0.0
0,59,264,0.227
0,60,264,1.641
0,61,264,0.0
0,62,264,3.13
0,63,264,0.0
0,64,264,0.0
0,65,264,0.0
0,66,264,0.0
0,67,264,0.742
0,68,264,0.0
0,69,264,0.0
0,70,264,1.689
0,71,264,0.0
0,72,264,0.0
0,73,264,0.0
0,74,264,0.0
0,75,264,0.0
0,76,264,1.194
0,77,264,0.0
0,78,264,0.0
0,79,264,5.272
0,80,264,2.053
0,81,264,2.884
0,82,264,0.0
0,83,264,5.52
0,84,264,2.067
0,85,264,0.0
0,86,264,0.0
0,87,264,0.0
0,88,264,8.566
0,89,264,0.0
1,90,264,0.0
1,91,264,0.004
1,92,264,0.0
1,93,264,0.0
1,94,264,0.0
1,95,264,0.0
1,96,264,0.0
1,97,264,0.0
1,98,264,0.976
1,99,264,0.0
1,100,264,0.0
1,101,264,0.0
1,102,264,0.0
1,103,264,0.0
1,104,264,0.0
1,105,264,0.0
1,106,264,0.0
1,107,264,0.0
1,108,264,0.0
1,109,264,0.864
1,110,264,0.0
1,111,264,0.0
1,112,264,0.06
1,113,264,0.0
1,114,264,0.0
1,115,264,0.0
1,116,264,0.0
1,117,264,0.0
1,118,264,0.523
1,119,264,0.0
1,120,264,0.0
1,121,264,0.0
1,122,264,0.0
1,123,264,0.0
1,124,264,0.0
1,125,264,0.0
1,126,264,0.399
1,127,264,0.0
1,128,264,0.0
1,129,264,0.0
1,130,264,0.018
1,131,264,1.199
1,132,264,0.0
1,133,264,0.0
1,134,264,0.0
1,135,264,0.0
1,136,264,0.0
1,137,264,0.0
1,138,264,0.0
1,139,264,3.082
1,140,264,0.0
1,141,264,0.0
1,142,264,0.0
1,143,264,0.0
1,144,264,0.0
1,145,264,0.0
1,146,264,0.935
1,147,264,0.373
1,148,264,0.0
1,149,264,0.171
1,150,264,0.227
1,151,264,0.0
1,152,264,0.0
1,153,264,0.0
1,154,264,2.604
1,155,264,0.0
1,156,264,0.0
1,157,264,0.0
1,158,264,0.0
1,159,264,2.584
1,160,264,0.0
1,161,264,0.0
1,162,264,0.0
1,163,264,0.0
1,164,264,1.177
1,165,264,0.0
1,166,264,0.0
1,167,264,0.0
0,2,265,0.0
0,3,265,0.0
0,4,265,0.674
0,5,265,0.0
0,6,265,0.327
0,7,265,0.0
0,8,265,0.0
0,9,265,0.0
0,10,265,0.055
0,11,265,0.0
0,12,265,0.0
0,13,265,0.0
0,14,265,0.0
0,15,265,6.104
0,16,265,2.175
0,17,265,0.0
0,18,265,0.0
0,19,265,0.0
0,20,265,1.113
0,21,265,0.0
0,22,265,2.681
0,23,265,0.0
0,24,265,0.0
0,25,265,0.0
0,26,265,0.0
0,27,265,0.0
0,28,265,0.0
0,29,265,0.0
0,30,265,0.516
0,31,265,4.68
0,32,265,0.0
0,33,265,0.0
0,34,265,0.0
0,35,265,0.0
0,36,265,2.906
0,37,265,0.929
0,38,265,0.0
0,39,265,0.0
0,40,265,4.849
0,41,265,5.72
0,42,265,1.853
0,43,265,0.0
0,44,265,0.0
0,45,265,0.874
0,46,265,1.149
0,47,265,0.0
0,48,265,0.0
0,49,265,0.0
0,50,265,0.0
0,51,265,1.802
0,52,265,0.0
0,53,265,2.236
0,54,265,1.029
0,55,265,1.446
0,56,265,0.0
0,57,265,0.0
0,58,265,0.0
0,59,265,0.0
0,60,265,3.299
0,61,265,0.0
0,62,265,3.583
0,63,265,0.0
0,64,265,0.0
0,65,265,0.0
0,66,265,0.0
0,67,265,0.79
0,68,265,0.0
0,69,265,0.0
0,70,265,1.263
0,71,265,0.0
0,72,265,0.0
0,73,265,0.606
0,74,265,0.0
0,75,265,0.0
0,76,265,1.665
0,77,265,0.0
0,78,265,2.365
0,79,265,6.118
0,80,265,2.353
0,81,265,5.19
0,82,265,0.0
0,83,265,4.644
0,84,265,1.968
0,85,265,0.0
0,86,265,2.355
0,87,265,0.0
0,88,265,8.538
0,89,265,0.0
1,90,265,0.257
1,91,265,0.0
1,92,265,0.16
1,93,265,0.0
1,94,265,0.0
1,95,265,0.0
1,96,265,0.0
1,97,265,0.0
1,98,265,1.719
1,99,265,0.189
1,100,265,0.0
1,101,265,0.0
1,102,265,0.0
1,103,265,0.0
1,104,265,0.0
1,105,265,0.0
1,106,265,0.0
1,107,265,0.0
1,108,265,0.0
1,109,265,1.017
1,110,265,0.0
1,111,265,0.378
1,112,265,0.45
1,113,265,0.0
1,114,265,0.0
1,115,265,0.0
1,116,265,0.015
1,117,265,0.0
1,118,265,1.131
1,119,265,0.065
1,120,265,0.0
1,121,265,0.0
1,122,265,0.0
1,123,265,0.0
1,124,265,0.0
1,125,265,0.0
1,126,265,0.562
1,127,265,0.0
1,128,265,0.038
1,129,265,0.0
1,130,265,0.0
1,131,265,0.365
1,132,265,0.0
1,133,265,0.0
1,134,265,0.0
1,135,265,0.0
1,136,265,0.0
1,137,265,0.94
1,138,265,0.0
1,139,265,2.027
1,140,265,0.0
1,141,265,0.0
1,142,265,0.0
1,143,265,0.0
1,144,265,0.113
1,145,265,0.218
1,146,265,0.743
1,147,265,0.169
1,148,265,0.0
1,149,265,0.23
1,150,265,0.761
1,151,265,0.29
1,152,265,0.0
1,153,265,0.0
1,154,265,2.648
1,155,265,0.0
1,156,265,0.0
1,157,265,0.0
1,158,265,0.0
1,159,265,2.68
1,160,265,0.0
1,161,265,0.0
1,162,265,0.0
1,163,265,0.0
1,164,265,1.956
1,165,265,0.0
1,166,265,0.0
1,167,265,0.0
0,2,266,0.0
0,3,266,0.822
0,4,266,0.522
0,5,266,0.0
0,6,266,1.719
0,7,266,0.0
0,8,266,0.0
0,9,266,0.0
0,10,266,0.0
0,11,266,0.386
0,12,266,0.0
0,13,266,0.0
0,14,266,0.848
0,15,266,3.826
0,16,266,0.0
0,17,266,0.0
0,18,266,0.0
0,19,266,1.199
0,20,266,0.0
0,21,266,0.0
0,22,266,1.074
0,23,266,0.0
0,24,266,0.0
0,25,266,0.0
0,26,266,0.0
0,27,266,0.0
0,28,266,0.0
0,29,266,0.0
0,30,266,0.0
0,31,266,2.57
0,32,266,0.0
0,33,266,0.022
0,34,266,0.0
0,35,266,0.0
0,36,266,3.618
0,37,266,0.0
0,38,266,0.0
0,39,266,0.0
0,40,266,4.718
0,41,266,3.648
0,42,266,0.0
0,43,266,0.138
0,44,266,0.0
0,45,266,0.0
0,46,266,2.815
0,47,266,0.0
0,48,266,0.0
0,49,266,0.0
0,50,266,0.0
0,51,266,0.0
0,52,266,0.0
0,53,266,0.342
0,54,266,0.0
0,55,266,0.0
0,56,266,0.151
0,57,266,0.248
0,58,266,1.032
0,59,266,1.066
0,60,266,3.719
0,61,266,0.0
0,62,266,3.686
0,63,266,0.0
0,64,266,0.0
0,65,266,0.0
0,66,266,0.0
0,67,266,0.0
0,68,266,0.0
0,69,266,0.0
0,70,266,1.305
0,71,266,0.0
0,72,266,0.0
0,73,266,0.0
0,74,266,0.878
0,75,266,0.0
0,76,266,0.0
0,77,266,0.261
0,78,266,0.0
0,79,266,5.142
0,80,266,0.0
0,81,266,2.595
0,82,266,1.225
0,83,266,4.195
0,84,266,0.0
0,85,266,0.0
0,86,266,0.0
0,87,266,0.0
0,88,266,8.227
0,89,266,0.0
1,90,266,0.0
1,91,266,0.0
1,92,266,0.0
1,93,266,0.0
1,94,266,0.0
1,95,266,0.0
1,96,266,0.0
1,97,266,0.0
1,98,266,1.429
1,99,266,0.0
1,100,266,0.0
1,101,266,0.0
1,102,266,0.0
1,103,266,0.0
1,104,266,0.144
1,105,266,0.0
1,106,266,0.0
1,107,266,0.123
1,108,266,0.0
1,109,266,0.0
1,110,266,0.0
1,111,266,0.0
1,112,266,0.113
1,113,266,0.0
1,114,266,0.0
1,115,266,0.0
1,116,266,0.0
1,117,266,0.0
1,118,266,0.777
1,119,266,0.055
1,120,266,0.0
1,121,266,0.149
1,122,266,0.0
1,123,266,0.0
1,124,266,0.139
1,125,266,0.0
1,126,266,0.64
1,127,266,0.0
1,128,266,0.099
1,129,266,0.0
1,130,266,0.172
1,131,266,0.0
1,132,266,0.0
1,133,266,0.0
1,134,266,0.0
1,135,266,0.0
1,136,266,0.0
1,137,266,0.486
1,138,266,0.0
1,139,266,0.0
1,140,266,0.0
1,141,266,0.0
1,142,266,0.0
1,143,266,0.0
1,144,266,0.0
1,145,266,0.143
1,146,266,2.053
1,147,266,0.075
1,148,266,0.0
1,149,266,0.0
1,150,266,0.655
1,151,266,0.0
1,152,266,0.007
1,153,266,0.0
1,154,266,0.0
1,155,266,0.0
1,156,266,0.0
1,157,266,0.0
1,158,266,0.059
1,159,266,1.253
1,160,266,0.0
1,161,266,0.0
1,162,266,0.0
1,163,266,0.0
1,164,266,1.888
1,165,266,0.0
1,166,266,1.068
1,167,266,0.0
0,2,267,0.0
0,3,267,0.0
0,4,267,0.647
0,5,267,0.0
0,6,267,0.0
0,7,267,0.0
0,8,267,0.0
0,9,267,0.0
0,10,267,0.0
0,11,267,0.0
0,12,267,0.0
0,13,267,1.503
0,14,267,0.0
0,15,267,5.621
0,16,267,3.49
0,17,267,0.0
0,18,267,0.0
0,19,267,0.0
0,20,267,0.035
0,21,267,0.0
0,22,267,2.77
0,23,267,0.0
0,24,267,0.0
0,25,267,0.0
0,26,267,0.0
0,27,267,0.404
0,28,267,0.0
0,29,267,0.0
0,30,267,0.0
0,31,267,3.572
0,32,267,0.0
0,33,267,0.497
0,34,267,0.0
0,35,267,0.0
0,36,267,3.984
0,37,267,3.826
0,38,267,1.305
0,39,267,0.0
0,40,267,3.746
0,41,267,4.409
0,42,267,0.0
0,43,267,0.0
0,44,267,0.0
0,45,267,1.763
0,46,267,3.274
0,47,267,0.0
0,48,267,0.0
0,49,267,0.0
0,50,267,0.0
0,51,267,2.83
0,52,267,0.0
0,53,267,4.231
0,54,267,0.038
0,55,267,2.99
0,56,267,0.0
0,57,267,2.141
0,58,267,1.382
0,59,267,0.0
0,60,267,3.566
0,61,267,0.0
0,62,267,4.283
0,63,267,0.0
0,64,267,0.0
0,65,267,2.042
0,66,267,0.673
0,67,267,0.098
0,68,267,0.0
0,69,267,0.0
0,70,267,1.159
0,71,267,0.0
0,72,267,0.0
0,73,267,1.543
0,74,267,0.0
0,75,267,0.0
0,76,267,0.0
0,77,267,0.0
0,78,267,1.246
0,79,267,5.228
0,80,267,1.734
0,81,267,7.195
0,82,267,0.0
0,83,267,0.0
0,84,267,1.953
0,85,267,0.0
0,86,267,1.022
0,87,267,0.0
0,88,267,8.449
0,89,267,0.0
1,90,267,0.0
1,91,267,0.033
1,92,267,0.0
1,93,267,0.0
1,94,267,0.0
1,95,267,0.0
1,96,267,0.0
1,97,267,0.0
1,98,267,1.153
1,99,267,0.136
1,100,267,0.0
1,101,267,0.0
1,102,267,0.665
1,103,267,0.0
1,104,267,0.0
1,105,267,0.0
1,106,267,0.0
1,107,267,0.0
1,108,267,0.0
1,109,267,1.844
1,110,267,0.0
1,111,267,0.0
1,112,267,0.0
1,113,267,0.155
1,114,267,0.0
1,115,267,0.0
1,116,267,0.037
1,117,267,0.0
1,118,267,1.088
1,119,267,0.064
1,120,267,0.0
1,121,267,0.0
1,122,267,0.0
1,123,267,0.0
1,124,267,0.242
1,125,267,0.0
1,126,267,0.989
1,127,267,0.186
1,128,267,0.0
1,129,267,0.0
1,130,267,0.57
1,131,267,0.0
1,132,267,0.0
1,133,267,0.0
1,134,267,0.0
1,135,267,0.0
1,136,267,0.048
1,137,267,1.009
1,138,267,0.0
1,139,267,0.979
1,140,267,0.0
1,141,267,0.0
1,142,267,0.0
1,143,267,0.0
1,144,267,0.0
1,145,267,0.226
1,146,267,2.098
1,147,267,0.255
1,148,267,0.0
1,149,267,0.396
1,150,267,1.449
1,151,267,0.016
1,152,267,0.0
1,153,267,0.0
1,154,267,2.334
1,155,267,0.0
1,156,267,0.0
1,157,267,0.0
1,158,267,0.0
1,159,267,2.419
1,160,267,0.0
1,161,267,0.0
1,162,267,0.0
1,163,267,0.0
1,164,267,2.762
1,165,267,0.0
1,166,267,0.0
1,167,267,0.0
0,2,268,0.0
0,3,268,0.0
0,4,268,0.712
0,5,268,0.0
0,6,268,0.0
0,7,268,0.0
0,8,268,0.0
0,9,268,0.0
0,10,268,0.0
0,11,268,0.0
0,12,268,0.0
0,13,268,2.126
0,14,268,0.659
0,15,268,6.169
0,16,268,3.192
0,17,268,0.0
0,18,268,0.0
0,19,268,0.0
0,20,268,0.0
0,21,268,0.0
0,22,268,2.179
0,23,268,0.0
0,24,268,0.0
0,25,268,0.0
0,26,268,0.0
0,27,268,0.0
0,28,268,0.0
0,29,268,0.0
0,30,268,0.932
0,31,268,4.502
0,32,268,0.0
0,33,268,0.895
0,34,268,0.0
0,35,268,0.0
0,36,268,2.543
0,37,268,0.49
0,38,268,0.0
0,39,268,0.0
0,40,268,3.431
0,41,268,3.605
0,42,268,2.433
0,43,268,0.0
0,44,268,0.0
0,45,268,0.0
0,46,268,0.0
0,47,268,0.0
0,48,268,0.0
0,49,268,0.473
0,50,268,0.0
0,51,268,4.991
0,52,268,0.0
0,53,268,2.352
0,54,268,0.0
0,55,268,0.944
0,56,268,0.0
0,57,268,0.0
0,58,268,0.0
0,59,268,1.875
0,60,268,2.485
0,61,268,0.0
0,62,268,3.816
0,63,268,0.0
0,64,268,0.0
0,65,268,0.0
0,66,268,0.0
0,67,268,0.467
0,68,268,0.0
0,69,268,0.0
0,70,268,2.615
0,71,268,0.0
0,72,268,0.0
0,73,268,0.0
0,74,268,1.019
0,75,268,0.58
0,76,268,1.758
0,77,268,0.0
0,78,268,0.0
0,79,268,6.133
0,80,268,4.972
0,81,268,6.101
0,82,268,0.0
0,83,268,5.879
0,84,268,3.374
0,85,268,0.0
0,86,268,1.417
0,87,268,0.0
0,88,268,9.214
0,89,268,0.158
1,90,268,0.0
1,91,268,0.132
1,92,268,0.141
1,93,268,0.0
1,94,268,0.0
1,95,268,0.0
1,96,268,0.0
1,97,268,0.0
1,98,268,1.74
1,99,268,0.286
1,100,268,0.0
1,101,268,0.0
1,102,268,0.0
1,103,268,0.0
1,104,268,0.0
1,105,268,0.0
1,106,268,0.0
1,107,268,0.037
1,108,268,0.0
1,109,268,0.748
1,110,268,0.0
1,111,268,0.643
1,112,268,0.137
1,113,268,0.0
1,114,268,0.0
1,115,268,0.0
1,116,268,0.056
1,117,268,0.0
1,118,268,1.01
1,119,268,0.0
1,120,268,0.0
1,121,268,0.0
1,122,268,0.0
1,123,268,0.0
1,124,268,0.308
1,125,268,0.0
1,126,268,0.194
1,127,268,0.0
1,128,268,0.0
1,129,268,0.0
1,130,268,0.088
1,131,268,0.93
1,132,268,0.0
1,133,268,0.332
1,134,268,0.0
1,135,268,0.0
1,136,268,0.0
1,137,268,0.404
1,138,268,0.0
1,139,268,0.0
1,140,268,0.0
1,141,268,0.019
1,142,268,0.0
1,143,268,0.0
1,144,268,0.087
1,145,268,0.157
1,146,268,3.064
1,147,268,0.069
1,148,268,0.0
1,149,268,0.038
1,150,268,1.05
1,151,268,0.0
1,152,268,0.113
1,153,268,0.0
1,154,268,0.0
1,155,268,0.285
1,156,268,0.101
1,157,268,0.0
1,158,268,0.0
1,159,268,4.037
1,160,268,0.212
1,161,268,0.0
1,162,268,0.0
1,163,268,0.0
1,164,268,2.121
1,165,268,0.0
1,166,268,0.0
1,167,268,0.0
0,2,269,0.0
0,3,269,0.0
0,4,269,1.677
0,5,269,0.0
0,6,269,0.0
0,7,269,0.0
0,8,269,0.0
0,9,269,0.0
0,10,269,0.0
0,11,269,0.0
0,12,269,0.0
0,13,269,2.048
0,14,269,0.51
0,15,269,5.04
0,16,269,3.19
0,17,269,0.022
0,18,269,0.0
0,19,269,0.0
0,20,269,0.0
0,21,269,0.0
0,22,269,1.611
0,23,269,0.0
0,24,269,0.0
0,25,269,0.0
0,26,269,0.0
0,27,269,0.898
0,28,269,0.0
0,29,269,0.0
0,30,269,0.0
0,31,269,3.354
0,32,269,0.0
0,33,269,0.0
0,34,269,0.0
0,35,269,0.0
0,36,269,3.781
0,37,269,0.925
0,38,269,0.0
0,39,269,0.0
0,40,269,0.742
0,41,269,4.329
0,42,269,0.435
0,43,269,0.0
0,44,269,0.0
0,45,269,2.309
0,46,269,0.564
0,47,269,0.0
0,48,269,0.0
0,49,269,0.492
0,50,269,0.0
0,51,269,0.113
0,52,269,0.0
0,53,269,0.0
0,54,269,0.741
0,55,269,0.817
0,56,269,0.0
0,57,269,0.201
0,58,269,0.0
0,59,269,2.363
0,60,269,3.205
0,61,269,0.0
0,62,269,1.218
0,63,269,0.0
0,64,269,0.0
0,65,269,0.0
0,66,269,0.0
0,67,269,0.714
0,68,269,0.0
0,69,269,0.0
0,70,269,1.405
0,71,269,0.0
0,72,269,0.0
0,73,269,0.0
0,74,269,0.0
0,75,269,0.0
0,76,269,1.105
0,77,269,0.0
0,78,269,1.126
0,79,269,5.445
0,80,269,1.577
0,81,269,5.581
0,82,269,0.0
0,83,269,2.991
0,84,269,2.047
0,85,269,0.0
0,86,269,0.065
0,87,269,0.0
0,88,269,8.048
0,89,269,0.0
1,90,269,0.0
1,91,269,0.0
1,92,269,0.0
1,93,269,0.0
1,94,269,0.0
1,95,269,0.0
1,96,269,0.102
1,97,269,0.0
1,98,269,0.459
1,99,269,0.0
1,100,269,0.0
1,101,269,0.139
1,102,269,0.0
1,103,269,0.0
1,104,269,0.0
1,105,269,0.0
1,106,269,0.0
1,107,269,0.096
1,108,269,0.039
1,109,269,1.167
1,110,269,0.0
1,111,269,0.0
1,112,269,0.237
1,113,269,0.059
1,114,269,0.0
1,115,269,0.037
1,116,269,0.104
1,117,269,0.0
1,118,269,0.364
1,119,269,0.02
1,120,269,0.0
1,121,269,0.0
1,122,269,0.0
1,123,269,0.0
1,124,269,0.074
1,125,269,0.0
1,126,269,0.373
1,127,269,0.0
1,128,269,0.015
1,129,269,0.0
1,130,269,0.046
1,131,269,0.211
1,132,269,0.0
1,133,269,0.0
1,134,269,0.0
1,135,269,0.0
1,136,269,0.0
1,137,269,0.628
1,138,269,0.0
1,139,269,1.368
1,140,269,0.0
1,141,269,0.0
1,142,269,0.0
1,143,269,0.0
1,144,269,0.0
1,145,269,0.373
1,146,269,1.064
1,147,269,0.405
1,148,269,0.0
1,149,269,0.425
1,150,269,0.027
1,151,269,0.0
1,152,269,0.0
1,153,269,0.0
1,154,269,2.242
1,155,269,0.0
1,156,269,0.0
1,157,269,0.0
1,158,269,0.0
1,159,269,1.633
1,160,269,0.0
1,161,269,0.0
1,162,269,0.0
1,163,269,0.0
1,164,269,0.481
1,165,269,0.0
1,166,269,0.527
1,167,269,0.0
0,2,270,0.0
0,3,270,0.0
0,4,270,0.0
0,5,270,0.0
0,6,270,0.0
0,7,270,0.632
0,8,270,0.0
0,9,270,0.0
0,10,270,0.0
0,11,270,0.0
0,12,270,0.0
0,13,270,0.893
0,14,270,0.0
0,15,270,3.754
0,16,270,1.733
0,17,270,0.0
0,18,270,0.0
0,19,270,0.0
0,20,270,0.19
0,21,270,0.0
0,22,270,2.013
0,23,270,0.0
0,24,270,0.0
0,25,270,0.0
0,26,270,0.0
0,27,270,0.0
0,28,270,0.0
0,29,270,0.0
0,30,270,0.285
0,31,270,2.411
0,32,270,0.0
0,33,270,0.0
0,34,270,0.0
0,35,270,0.0
0,36,270,2.42
0,37,270,0.0
0,38,270,0.0
0,39,270,0.0
0,40,270,3.476
0,41,270,2.656
0,42,270,1.455
0,43,270,0.0
0,44,270,0.0
0,45,270,0.0
0,46,270,2.045
0,47,270,0.0
0,48,270,0.0
0,49,270,0.0
0,50,270,0.0
0,51,270,0.0
0,52,270,0.0
0,53,270,0.0
0,54,270,0.0
0,55,270,0.0
0,56,270,0.0
0,57,270,0.0
0,58,270,0.0
0,59,270,0.629
0,60,270,2.618
0,61,270,0.0
0,62,270,1.371
0,63,270,0.0
0,64,270,0.0
0,65,270,0.0
0,66,270,0.0
0,67,270,0.591
0,68,270,0.0
0,69,270,0.0
0,70,270,1.126
0,71,270,0.0
0,72,270,0.0
0,73,270,0.229
0,74,270,0.0
0,75,270,0.0
0,76,270,0.0
0,77,270,0.0
0,78,270,1.51
0,79,270,4.848
0,80,270,3.437
0,81,270,1.468
0,82,270,0.0
0,83,270,2.948
0,84,270,1.362
0,85,270,0.0
0,86,270,0.0
0,87,270,0.0
0,88,270,7.744
0,89,270,0.0
1,90,270,0.106
1,91,270,0.0
1,92,270,0.0
1,93,270,0.0
1,94,270,0.0
1,95,270,0.0
1,96,270,0.0
1,97,270,0.0
1,98,270,0.745
1,99,270,0.0
1,100,270,0.0
1,101,270,0.0
1,102,270,0.0
1,103,270,0.0
1,104,270,0.0
1,105,270,0.0
1,106,270,0.0
1,107,270,0.657
1,108,270,0.0
1,109,270,1.21
1,110,270,0.0
1,111,270,0.0
1,112,270,0.033
1,113,270,0.0
1,114,270,0.0
1,115,270,0.0
1,116,270,0.0
1,117,270,0.0
1,118,270,0.201
1,119,270,0.027
1,120,270,0.0
1,121,270,0.0
1,122,270,0.0
1,123,270,0.0
1,124,270,0.043
1,125,270,0.0
1,126,270,0.686
1,127,270,0.0
1,128,270,0.0
1,129,270,0.0
1,130,270,0.0
1,131,270,0.843
1,132,270,0.0
1,133,270,0.171
1,134,270,0.0
1,135,270,0.0
1,136,270,0.0
1,137,270,0.0
1,138,270,0.0
1,139,270,2.569
1,140,270,0.015
1,141,270,0.0
1,142,270,0.0
1,143,270,0.0
1,144,270,0.0
1,145,270,0.176
1,146,270,0.153
1,147,270,0.382
1,148,270,0.0
1,149,270,0.247
1,150,270,0.0
1,151,270,0.0
1,152,270,0.0
1,153,270,0.0
1,154,270,1.175
1,155,270,0.0
1,156,270,0.0
1,157,270,0.0
1,158,270,0.0
1,159,270,1.401
1,160,270,0.0
1,161,270,0.0
1,162,270,0.0
1,163,270,0.0
1,164,270,1.149
1,165,270,0.0
1,166,270,0.26
1,167,270,0.0
0,2,271,0.0
0,3,271,0.206
0,4,271,2.2
0,5,271,0.0
0,6,271,0.0
0,7,271,0.0
0,8,271,0.0
0,9,271,0.0
0,10,271,0.0
0,11,271,0.0
0,12,271,0.0
0,13,271,0.048
0,14,271,0.0
0,15,271,5.759
0,16,271,3.501
0,17,271,0.538
0,18,271,0.0
0,19,271,3.111
0,20,271,1.041
0,21,271,0.0
0,22,271,4.093
0,23,271,0.0
0,24,271,0.0
0,25,271,0.0
0,26,271,0.0
0,27,271,0.791
0,28,271,0.0
0,29,271,0.0
0,30,271,0.0
0,31,271,4.287
0,32,271,0.0
0,33,271,0.028
0,34,271,0.0
0,35,271,4.169
0,36,271,4.905
0,37,271,3.906
0,38,271,0.0
0,39,271,0.0
0,40,271,5.452
0,41,271,6.398
0,42,271,1.31
0,43,271,0.0
0,44,271,0.0
0,45,271,0.0
0,46,271,3.492
0,47,271,0.0
0,48,271,0.0
0,49,271,0.0
0,50,271,0.0
0,51,271,0.468
0,52,271,0.0
0,53,271,0.0
0,54,271,0.0
0,55,271,0.0
0,56,271,0.0
0,57,271,0.0
0,58,271,0.677
0,59,271,3.697
0,60,271,2.888
0,61,271,0.0
0,62,271,3.075
0,63,271,0.0
0,64,271,0.0
0,65,271,0.0
0,66,271,0.0
0,67,271,1.804
0,68,271,0.0
0,69,271,0.0
0,70,271,1.691
0,71,271,0.0
0,72,271,0.0
0,73,271,1.147
0,74,271,0.574
0,75,271,1.799
0,76,271,1.533
0,77,271,1.492
0,78,271,3.412
0,79,271,6.808
0,80,271,2.962
0,81,271,6.968
0,82,271,0.0
0,83,271,3.134
0,84,271,0.0
0,85,271,0.0
0,86,271,0.367
0,87,271,0.0
0,88,271,9.391
0,89,271,1.014
1,90,271,0.0
1,91,271,0.047
1,92,271,0.0
1,93,271,0.0
1,94,271,0.0
1,95,271,0.0
1,96,271,0.178
1,97,271,0.0
1,98,271,1.137
1,99,271,0.395
1,100,271,0.0
1,101,271,0.0
1,102,271,0.0
1,103,271,0.0
1,104,271,0.0
1,105,271,0.0
1,106,271,0.0
1,107,271,0.0
1,108,271,0.0
1,109,271,1.706
1,110,271,0.0
1,111,271,0.0
1,112,271,0.205
1,113,271,0.0
1,114,271,0.0
1,115,271,0.0
1,116,271,0.071
1,117,271,0.0
1,118,271,0.763
1,119,271,0.0
1,120,271,0.0
1,121,271,0.0
1,122,271,0.0
1,123,271,0.0
1,124,271,0.0
1,125,271,0.0
1,126,271,1.198
1,127,271,0.0
1,128,271,0.0
1,129,271,0.0
1,130,271,0.67
1,131,271,0.0
1,132,271,0.075
1,133,271,0.216
1,134,271,0.0
1,135,271,0.0
1,136,271,0.0
1,137,271,0.161
1,138,271,0.0
1,139,271,3.281
1,140,271,0.0
1,141,271,0.0
1,142,271,0.0
1,143,271,0.0
1,144,271,0.0
1,145,271,0.346
1,146,271,1.02
1,147,271,0.345
1,148,271,0.0
1,149,271,0.267
1,150,271,0.642
1,151,271,0.052
1,152,271,0.0
1,153,271,0.0
1,154,271,2.623
1,155,271,0.0
1,156,271,0.0
1,157,271,0.0
1,158,271,0.169
1,159,271,1.691
1,160,271,0.0
1,161,271,0.0
1,162,271,0.0
1,163,271,0.0
1,164,271,1.842
1,165,271,0.0
1,166,271,0.0
1,167,271,0.0
0,2,272,0.0
0,3,272,0.0
0,4,272,0.388
0,5,272,0.0
0,6,272,1.104
0,7,272,0.0
0,8,272,0.0
0,9,272,0.0
0,10,272,0.0
0,11,272,0.0
0,12,272,0.0
0,13,272,0.0
0,14,272,0.85
0,15,272,5.77
0,16,272,0.0
0,17,272,0.0
0,18,272,0.0
0,19,272,0.231
0,20,272,0.0
0,21,272,0.0
0,22,272,0.0
0,23,272,0.0
0,24,272,0.0
0,25,272,0.0
0,26,272,0.0
0,27,272,0.0
0,28,272,0.0
0,29,272,0.0
0,30,272,0.0
0,31,272,0.0
0,32,272,0.0
0,33,272,3.192
0,34,272,0.0
0,35,272,2.287
0,36,272,2.045
0,37,272,1.277
0,38,272,0.0
0,39,272,0.0
0,40,272,1.488
0,41,272,3.803
0,42,272,0.0
0,43,272,0.0
0,44,272,0.0
0,45,272,1.356
0,46,272,0.0
0,47,272,0.0
0,48,272,0.0
0,49,272,0.0
0,50,272,0.0
0,51,272,0.0
0,52,272,0.0
0,53,272,0.0
0,54,272,0.0
0,55,272,0.0
0,56,272,1.176
0,57,272,0.0
0,58,272,0.0
0,59,272,3.186
0,60,272,2.386
0,61,272,0.0
0,62,272,1.897
0,63,272,0.0
0,64,272,0.0
0,65,272,0.0
0,66,272,0.0
0,67,272,0.0
0,68,272,0.0
0,69,272,0.0
0,70,272,1.287
0,71,272,0.0
0,72,272,0.0
0,73,272,1.47
0,74,272,0.0
0,75,272,0.0
0,76,272,0.967
0,77,272,0.0
0,78,272,0.0
0,79,272,4.292
0,80,272,0.0
0,81,272,5.165
0,82,272,0.0
0,83,272,3.316
0,84,272,0.548
0,85,272,0.0
0,86,272,0.0
0,87,272,0.0
0,88,272,7.9
0,89,272,0.0
1,90,272,0.0
1,91,272,0.0
1,92,272,0.0
1,93,272,0.0
1,94,272,0.0
1,95,272,0.0
1,96,272,0.0
1,97,272,0.0
1,98,272,1.087
1,99,272,0.078
1,100,272,0.0
1,101,272,0.0
1,102,272,0.0
1,103,272,0.0
1,104,272,0.0
1,105,272,0.0
1,106,272,0.0
1,107,272,0.0
1,108,272,0.0
1,109,272,1.707
1,110,272,0.0
1,111,272,0.0
1,112,272,0.069
1,113,272,0.0
1,114,272,0.0
1,115,272,0.0
1,116,272,0.0
1,117,272,0.0
1,118,272,0.483
1,119,272,0.0
1,120,272,0.0
1,121,272,0.732
1,122,272,0.0
1,123,272,0.0
1,124,272,0.0
1,125,272,0.22
1,126,272,0.638
1,127,272,0.0
1,128,272,0.0
1,129,272,0.0
1,130,272,0.481
1,131,272,0.054
1,132,272,0.0
1,133,272,0.0
1,134,272,0.0
1,135,272,0.0
1,136,272,0.0
1,137,272,0.0
1,138,272,0.0
1,139,272,2.348
1,140,272,0.0
1,141,272,0.0
1,142,272,0.0
1,143,272,0.0
1,144,272,0.0
1,145,272,0.024
1,146,272,0.943
1,147,272,0.196
1,148,272,0.0
1,149,272,0.413
1,150,272,0.0
1,151,272,0.0
1,152,272,0.0
1,153,272,0.0
1,154,272,1.653
1,155,272,0.0
1,156,272,0.0
1,157,272,0.0
1,158,272,0.0
1,159,272,3.039
1,160,272,0.0
1,161,272,0.0
1,162,272,0.0
1,163,272,0.0
1,164,272,1.567
1,165,272,0.0
1,166,272,1.233
1,167,272,0.0
0,2,273,0.0
0,3,273,0.0
0,4,273,0.0
0,5,273,0.0
0,6,273,0.0
0,7,273,0.0
0,8,273,0.0
0,9,273,0.0
0,10,273,0.017
0,11,273,0.0
0,12,273,0.0
0,13,273,0.887
0,14,273,0.0
0,15,273,5.436
0,16,273,0.0
0,17,273,0.0
0,18,273,0.0
0,19,273,0.0
0,20,273,0.0
0,21,273,0.0
0,22,273,0.927
0,23,273,0.0
0,24,273,0.0
0,25,273,0.076
0,26,273,0.0
0,27,273,0.0
0,28,273,0.0
0,29,273,0.0
0,30,273,1.109
0,31,273,1.099
0,32,273,0.0
0,33,273,0.0
0,34,273,0.0
0,35,273,0.0
0,36,273,2.84
0,37,273,0.0
0,38,273,0.0
0,39,273,0.0
0,40,273,4.837
0,41,273,5.066
0,42,273,1.22
0,43,273,0.0
0,44,273,0.0
0,45,273,1.517
0,46,273,0.0
0,47,273,0.0
0,48,273,0.0
0,49,273,0.0
0,50,273,0.0
0,51,273,0.0
0,52,273,0.0
0,53,273,0.0
0,54,273,0.751
0,55,273,0.0
0,56,273,0.0
0,57,273,0.607
0,58,273,0.0
0,59,273,1.616
0,60,273,2.411
0,61,273,0.0
0,62,273,4.101
0,63,273,0.0
0,64,273,0.0
0,65,273,0.0
0,66,273,0.309
0,67,273,1.507
0,68,273,0.0
0,69,273,0.0
0,70,273,0.0
0,71,273,0.0
0,72,273,0.0
0,73,273,0.0
0,74,273,0.0
0,75,273,0.815
0,76,273,0.0
0,77,273,0.0
0,78,273,2.657
0,79,273,5.38
0,80,273,0.0
0,81,273,1.759
0,82,273,0.0
0,83,273,5.669
0,84,273,1.882
0,85,273,0.0
0,86,273,0.0
0,87,273,0.0
0,88,273,7.763
0,89,273,0.0
1,90,273,0.123
1,91,273,0.0
1,92,273,0.0
1,93,273,0.0
1,94,273,0.0
1,95,273,0.0
1,96,273,0.0
1,97,273,0.0
1,98,273,1.285
1,99,273,0.0
1,100,273,0.0
1,101,273,0.27
1,102,273,0.536
1,103,273,0.0
1,104,273,0.0
1,105,273,1.316
1,106,273,0.0
1,107,273,0.0
1,108,273,0.0
1,109,273,0.0
1,110,273,0.0
1,111,273,0.152
1,112,273,0.068
1,113,273,0.0
1,114,273,0.0
1,115,273,0.0
1,116,273,0.0
1,117,273,0.0
1,118,273,0.034
1,119,273,0.0
1,120,273,0.0
1,121,273,0.0
1,122,273,0.0
1,123,273,0.0
1,124,273,0.0
1,125,273,0.0
1,126,273,1.828
1,127,273,0.18
1,128,273,0.0
1,129,273,0.0
1,130,273,0.602
1,131,273,0.0
1,132,273,0.0
1,133,273,0.0
1,134,273,0.0
1,135,273,0.0
1,136,273,0.0
1,137,273,1.344
1,138,273,0.0
1,139,273,3.365
1,140,273,0.0
1,141,273,0.03
1,142,273,0.0
1,143,273,0.0
1,144,273,0.053
1,145,273,0.289
1,146,273,1.005
1,147,273,0.528
1,148,273,0.0
1,149,273,0.354
1,150,273,2.23
1,151,273,0.002
1,152,273,0.018
1,153,273,0.0
1,154,273,2.19
1,155,273,0.0
1,156,273,0.0
1,157,273,0.0
1,158,273,0.0
1,159,273,1.797
1,160,273,0.0
1,161,273,0.0
1,162,273,0.0
1,163,273,0.0
1,164,273,0.82
1,165,273,0.0
1,166,273,0.0
1,167,273,0.0
0,2,274,0.0
0,3,274,0.0
0,4,274,2.698
0,5,274,0.0
0,6,274,0.754
0,7,274,0.0
0,8,274,0.0
0,9,274,0.0
0,10,274,0.0
0,11,274,0.0
0,12,274,0.0
0,13,274,3.183
0,14,274,0.0
0,15,274,5.103
0,16,274,0.057
0,17,274,0.0
0,18,274,0.0
0,19,274,0.642
0,20,274,0.025
0,21,274,0.0
0,22,274,2.14
0,23,274,0.0
0,24,274,0.0
0,25,274,0.0
0,26,274,0.0
0,27,274,0.0
0,28,274,0.0
0,29,274,0.0
0,30,274,0.0
0,31,274,3.434
0,32,274,0.0
0,33,274,1.026
0,34,274,0.0
0,35,274,0.0
0,36,274,3.171
0,37,274,0.0
0,38,274,0.0
0,39,274,0.0
0,40,274,3.189
0,41,274,2.104
0,42,274,0.0
0,43,274,0.0
0,44,274,0.0
0,45,274,1.003
0,46,274,1.988
0,47,274,0.0
0,48,274,0.0
0,49,274,0.241
0,50,274,0.0
0,51,274,3.728
0,52,274,0.0
0,53,274,3.584
0,54,274,0.947
0,55,274,1.317
0,56,274,0.0
0,57,274,0.0
0,58,274,0.0
0,59,274,2.438
0,60,274,3.367
0,61,274,0.0
0,62,274,3.207
0,63,274,0.0
0,64,274,0.0
0,65,274,0.0
0,66,274,0.0
0,67,274,2.159
0,68,274,0.0
0,69,274,0.0
0,70,274,2.505
0,71,274,0.0
0,72,274,0.0
0,73,274,2.261
0,74,274,0.0
0,75,274,0.0
0,76,274,0.0
0,77,274,0.0
0,78,274,0.18
0,79,274,4.456
0,80,274,3.274
0,81,274,5.819
0,82,274,0.0
0,83,274,3.473
0,84,274,2.12
0,85,274,0.0
0,86,274,0.756
0,87,274,0.0
0,88,274,8.398
0,89,274,0.0
1,90,274,0.0
1,91,274,0.193
1,92,274,0.275
1,93,274,0.0
1,94,274,0.0
1,95,274,0.0
1,96,274,0.134
1,97,274,0.0
1,98,274,1.33
1,99,274,0.0
1,100,274,0.0
1,101,274,0.0
1,102,274,0.0
1,103,274,0.0
1,104,274,0.07
1,105,274,0.0
1,106,274,0.0
1,107,274,0.348
1,108,274,0.0
1,109,274,0.391
1,110,274,0.0
1,111,274,0.076
1,112,274,0.014
1,113,274,0.0
1,114,274,0.0
1,115,274,0.0
1,116,274,0.0
1,117,274,0.0
1,118,274,0.267
1,119,274,0.21
1,120,274,0.0
1,121,274,0.0
1,122,274,0.0
1,123,274,0.0
1,124,274,0.0
1,125,274,0.0
1,126,274,0.916
1,127,274,0.0
1,128,274,0.153
1,129,274,0.0
1,130,274,0.485
1,131,274,0.067
1,132,274,0.0
1,133,274,0.031
1,134,274,0.0
1,135,274,0.0
1,136,274,0.0
1,137,274,0.031
1,138,274,0.0
1,139,274,2.143
1,140,274,0.0
1,141,274,0.0
1,142,274,0.0
1,143,274,0.0
1,144,274,0.0
1,145,274,0.247
1,146,274,3.268
1,147,274,0.49
1,148,274,0.0
1,149,274,0.312
1,150,274,1.032
1,151,274,0.0
1,152,274,0.085
1,153,274,0.0
1,154,274,2.172
1,155,274,0.0
1,156,274,0.0
1,157,274,0.0
1,158,274,0.049
1,159,274,2.448
1,160,274,0.0
1,161,274,0.0
1,162,274,0.0
1,163,274,0.0
1,164,274,2.052
1,165,274,0.0
1,166,274,0.0
1,167,274,0.0
0,2,275,0.0
0,3,275,0.0
0,4,275,2.087
0,5,275,0.0
0,6,275,0.0
0,7,275,0.0
0,8,275,0.0
0,9,275,0.775
0,10,275,0.0
0,11,275,0.0
0,12,275,0.0
0,13,275,0.0
0,14,275,0.0
0,15,275,5.746
0,16,275,4.138
0,17,275,0.0
0,18,275,0.0
0,19,275,1.154
0,20,275,0.008
0,21,275,0.0
0,22,275,2.558
0,23,275,0.0
0,24,275,0.0
0,25,275,0.0
0,26,275,0.0
0,27,275,0.0
0,28,275,0.0
0,29,275,0.0
0,30,275,0.0
0,31,275,3.339
0,32,275,0.0
0,33,275,0.0
0,34,275,0.0
0,35,275,0.0
0,36,275,1.538
0,37,275,2.968
0,38,275,0.0
0,39,275,0.0
0,40,275,3.132
0,41,275,3.935
0,42,275,0.0
0,43,275,0.0
0,44,275,0.0
0,45,275,2.131
0,46,275,2.254
0,47,275,0.0
0,48,275,0.0
0,49,275,0.0
0,50,275,0.942
0,51,275,0.0
0,52,275,0.0
0,53,275,0.0
0,54,275,0.127
0,55,275,2.269
0,56,275,0.0
0,57,275,0.0
0,58,275,2.958
0,59,275,2.503
0,60,275,3.186
0,61,275,0.0
0,62,275,3.356
0,63,275,0.0
0,64,275,0.0
0,65,275,0.0
0,66,275,0.0
0,67,275,0.0
0,68,275,0.0
0,69,275,0.0
0,70,275,1.128
0,71,275,0.0
0,72,275,0.0
0,73,275,0.981
0,74,275,1.03
0,75,275,0.045
0,76,275,0.812
0,77,275,1.422
0,78,275,1.217
0,79,275,6.099
0,80,275,2.178
0,81,275,4.36
0,82,275,0.0
0,83,275,3.851
0,84,275,0.0
0,85,275,0.0
0,86,275,1.284
0,87,275,0.0
0,88,275,8.644
0,89,275,0.0
1,90,275,0.0
1,91,275,0.0
1,92,275,0.0
1,93,275,0.0
1,94,275,0.0
1,95,275,0.0
1,96,275,0.075
1,97,275,0.0
1,98,275,1.659
1,99,275,0.008
1,100,275,0.0
1,101,275,0.0
1,102,275,0.0
1,103,275,0.0
1,104,275,0.0
1,105,275,0.0
1,106,275,0.0
1,107,275,0.121
1,108,275,0.0
1,109,275,1.326
1,110,275,0.0
1,111,275,0.0
1,112,275,0.17
1,113,275,0.0
1,114,275,0.0
1,115,275,0.0
1,116,275,0.0
1,117,275,0.0
1,118,275,0.397
1,119,275,0.0
1,120,275,0.0
1,121,275,0.017
1,122,275,0.0
1,123,275,0.0
1,124,275,0.0
1,125,275,0.0
1,126,275,0.152
1,127,275,0.064
1,128,275,0.0
1,129,275,0.0
1,130,275,0.377
1,131,275,0.008
1,132,275,0.266
1,133,275,0.0
1,134,275,0.0
1,135,275,0.0
1,136,275,0.0
1,137,275,1.496
1,138,275,0.0
1,139,275,1.625
1,140,275,0.0
1,141,275,0.0
1,142,275,0.0
1,143,275,0.0
1,144,275,0.157
1,145,275,0.012
1,146,275,2.043
1,147,275,0.381
1,148,275,0.0
1,149,275,0.447
1,150,275,1.638
1,151,275,0.0
1,152,275,0.163
1,153,275,0.0
1,154,275,2.726
1,155,275,0.0
1,156,275,0.0
1,157,275,0.0
1,158,275,0.0
1,159,275,3.595
1,160,275,0.0
1,161,275,0.608
1,162,275,0.0
1,163,275,0.0
1,164,275,1.27
1,165,275,0.0
1,166,275,0.556
1,167,275,0.0
0,2,276,0.0
0,3,276,0.0
0,4,276,0.586
0,5,276,0.0
0,6,276,3.22
0,7,276,0.0
0,8,276,0.0
0,9,276,0.0
0,10,276,0.0
0,11,276,1.906
0,12,276,0.0
0,13,276,0.0
0,14,276,0.0
0,15,276,7.376
0,16,276,4.05
0,17,276,0.0
0,18,276,0.0
0,19,276,0.0
0,20,276,0.0
0,21,276,0.0
0,22,276,2.769
0,23,276,0.0
0,24,276,0.0
0,25,276,1.98
0,26,276,0.0
0,27,276,0.783
0,28,276,0.0
0,29,276,0.0
0,30,276,0.0
0,31,276,0.714
0,32,276,0.0
0,33,276,0.0
0,34,276,0.0
0,35,276,0.0
0,36,276,3.669
0,37,276,1.649
0,38,276,0.0
0,39,276,0.0
0,40,276,4.234
0,41,276,4.757
0,42,276,0.0
0,43,276,0.0
0,44,276,0.0
0,45,276,0.726
0,46,276,0.948
0,47,276,0.0
0,48,276,0.0
0,49,276,0.0
0,50,276,0.0
0,51,276,0.0
0,52,276,0.0
0,53,276,0.0
0,54,276,0.0
0,55,276,1.78
0,56,276,0.787
0,57,276,0.716
0,58,276,1.955
0,59,276,3.623
0,60,276,2.992
0,61,276,0.0
0,62,276,2.984
0,63,276,0.0
0,64,276,0.0
0,65,276,0.0
0,66,276,0.0
0,67,276,0.398
0,68,276,0.0
0,69,276,0.0
0,70,276,1.429
0,71,276,0.0
0,72,276,0.0
0,73,276,1.076
0,74,276,0.0
0,75,276,1.01
0,76,276,0.0
0,77,276,0.0
0,78,276,0.0
0,79,276,5.843
0,80,276,2.944
0,81,276,3.695
0,82,276,0.0
0,83,276,5.054
0,84,276,3.349
0,85,276,0.0
0,86,276,0.0
0,87,276,0.0
0,88,276,9.139
0,89,276,0.0
1,90,276,0.0
1,91,276,0.032
1,92,276,0.0
1,93,276,0.0
1,94,276,0.0
1,95,276,0.0
1,96,276,0.025
1,97,276,0.0
1,98,276,2.023
1,99,276,0.0
1,100,276,0.0
1,101,276,0.193
1,102,276,0.0
1,103,276,0.0
1,104,276,0.0
1,105,276,0.0
1,106,276,0.0
1,107,276,0.473
1,108,276,0.0
1,109,276,0.441
1,110,276,0.0
1,111,276,0.613
1,112,276,0.0
1,113,276,0.162
1,114,276,0.0
1,115,276,0.0
1,116,276,0.0
1,117,276,0.0
1,118,276,1.294
1,119,276,0.0
1,120,276,0.0
1,121,276,0.0
1,122,276,0.0
1,123,276,0.0
1,124,276,0.0
1,125,276,0.0
1,126,276,0.484
1,127,276,0.107
1,128,276,0.0
1,129,276,0.0
1,130,276,0.32
1,131,276,0.292
1,132,276,0.005
1,133,276,0.0
1,134,276,0.0
1,135,276,0.0
1,136,276,0.0
1,137,276,1.279
1,138,276,0.0
1,139,276,3.518
1,140,276,0.0
1,141,276,0.0
1,142,276,0.0
1,143,276,0.0
1,144,276,0.0
1,145,276,0.413
1,146,276,1.632
1,147,276,0.624
1,148,276,0.0
1,149,276,0.215
1,150,276,1.269
1,151,276,0.0
1,152,276,0.144
1,153,276,0.0
1,154,276,2.609
1,155,276,0.0
1,156,276,0.0
1,157,276,0.0
1,158,276,0.0
1,159,276,2.847
1,160,276,0.104
1,161,276,1.323
1,162,276,0.0
1,163,276,0.0
1,164,276,0.947
1,165,276,0.0
1,166,276,0.836
1,167,276,0.0
0,2,277,0.0
0,3,277,0.0
0,4,277,1.684
0,5,277,0.0
0,6,277,0.669
0,7,277,0.0
0,8,277,0.0
0,9,277,0.0
0,10,277,0.0
0,11,277,0.0
0,12,277,0.0
0,13,277,0.0
0,14,277,0.0
0,15,277,6.17
0,16,277,3.966
0,17,277,0.0
0,18,277,0.0
0,19,277,0.0
0,20,277,0.0
0,21,277,0.0
0,22,277,2.433
0,23,277,0.0
0,24,277,0.0
0,25,277,0.0
0,26,277,0.0
0,27,277,0.0
0,28,277,0.0
0,29,277,0.0
0,30,277,0.205
0,31,277,2.865
0,32,277,0.0
0,33,277,0.0
0,34,277,0.0
0,35,277,0.0
0,36,277,2.018
0,37,277,0.0
0,38,277,0.0
0,39,277,0.0
0,40,277,2.992
0,41,277,4.767
0,42,277,1.149
0,43,277,0.0
0,44,277,0.0
0,45,277,0.0
0,46,277,0.593
0,47,277,0.0
0,48,277,0.0
0,49,277,0.0
0,50,277,0.0
0,51,277,0.0
0,52,277,0.0
0,53,277,0.0
0,54,277,0.0
0,55,277,0.52
0,56,277,0.0
0,57,277,0.0
0,58,277,0.075
0,59,277,1.094
0,60,277,2.338
0,61,277,0.0
0,62,277,1.8
0,63,277,0.0
0,64,277,0.0
0,65,277,0.0
0,66,277,0.0
0,67,277,0.0
0,68,277,0.0
0,69,277,0.0
0,70,277,2.054
0,71,277,0.0
0,72,277,0.209
0,73,277,1.318
0,74,277,1.377
0,75,277,0.0
0,76,277,0.0
0,77,277,0.0
0,78,277,0.602
0,79,277,4.053
0,80,277,2.265
0,81,277,3.532
0,82,277,0.0
0,83,277,3.791
0,84,277,0.0
0,85,277,0.0
0,86,277,0.0
0,87,277,0.0
0,88,277,7.463
0,89,277,0.0
1,90,277,0.0
1,91,277,0.0
1,92,277,0.012
1,93,277,0.0
1,94,277,0.0
1,95,277,0.0
1,96,277,0.0
1,97,277,0.0
1,98,277,1.319
1,99,277,0.064
1,100,277,0.0
1,101,277,0.0
1,102,277,0.0
1,103,277,0.0
1,104,277,0.0
1,105,277,0.0
1,106,277,0.0
1,107,277,0.076
1,108,277,0.0
1,109,277,0.0
1,110,277,0.0
1,111,277,0.0
1,112,277,0.021
1,113,277,0.0
1,114,277,0.0
1,115,277,0.0
1,116,277,0.137
1,117,277,0.0
1,118,277,0.672
1,119,277,0.0
1,120,277,0.0
1,121,277,0.0
1,122,277,0.0
1,123,277,0.0
1,124,277,0.0
1,125,277,0.533
1,126,277,0.458
1,127,277,0.0
1,128,277,0.0
1,129,277,0.0
1,130,277,0.296
1,131,277,0.0
1,132,277,0.0
1,133,277,0.0
1,134,277,0.0
1,135,277,0.0
1,136,277,0.0
1,137,277,0.163
1,138,277,0.0
1,139,277,0.0
1,140,277,0.0
1,141,277,0.0
1,142,277,0.0
1,143,277,0.0
1,144,277,0.0
1,145,277,0.258
1,146,277,1.263
1,147,277,0.437
1,148,277,0.0
1,149,277,0.0
1,150,277,1.328
1,151,277,0.0
1,152,277,0.129
1,153,277,0.0
1,154,277,0.0
1,155,277,0.0
1,156,277,0.0
1,157,277,0.0
1,158,277,0.0
1,159,277,2.545
1,160,277,0.0
1,161,277,0.0
1,162,277,0.0
1,163,277,0.0
1,164,277,0.794
1,165,277,0.0
1,166,277,0.135
1,167,277,0.0
0,2,278,0.0
0,3,278,0.0
0,4,278,0.0
0,5,278,0.0
0,6,278,1.595
0,7,278,0.0
0,8,278,0.0
0,9,278,0.0
0,10,278,0.0
0,11,278,0.0
0,12,278,0.0
0,13,278,0.245
0,14,278,0.0
0,15,278,5.52
0,16,278,5.433
0,17,278,0.0
0,18,278,0.0
0,19,278,0.0
0,20,278,0.0
0,21,278,0.0
0,22,278,1.501
0,23,278,0.0
0,24,278,0.0
0,25,278,0.0
0,26,278,0.0
0,27,278,0.0
0,28,278,0.0
0,29,278,0.0
0,30,278,0.0
0,31,278,0.0
0,32,278,0.0
0,33,278,0.0
0,34,278,0.0
0,35,278,0.0
0,36,278,2.586
0,37,278,0.761
0,38,278,1.387
0,39,278,0.0
0,40,278,1.48
0,41,278,3.941
0,42,278,1.888
0,43,278,0.0
0,44,278,0.526
0,45,278,2.894
0,46,278,1.951
0,47,278,0.0
0,48,278,0.0
0,49,278,1.264
0,50,278,1.371
0,51,278,0.366
0,52,278,0.0
0,53,278,0.0
0,54,278,0.0
0,55,278,0.0
0,56,278,0.0
0,57,278,0.0
0,58,278,1.163
0,59,278,1.934
0,60,278,1.573
0,61,278,0.0
0,62,278,2.881
0,63,278,0.0
0,64,278,0.0
0,65,278,0.0
0,66,278,0.0
0,67,278,0.0
0,68,278,0.0
0,69,278,0.0
0,70,278,0.412
0,71,278,0.0
0,72,278,0.0
0,73,278,0.0
0,74,278,0.0
0,75,278,0.0
0,76,278,0.0
0,77,278,0.0
0,78,278,1.688
0,79,278,4.653
0,80,278,1.474
0,81,278,5.699
0,82,278,0.0
0,83,278,3.436
0,84,278,2.118
0,85,278,0.0
0,86,278,0.0
0,87,278,0.0
0,88,278,8.913
0,89,278,0.0
1,90,278,0.0
1,91,278,0.0
1,92,278,0.0
1,93,278,0.0
1,94,278,0.0
1,95,278,0.0
1,96,278,0.0
1,97,278,0.0
1,98,278,0.932
1,99,278,0.0
1,100,278,0.0
1,101,278,0.0
1,102,278,0.0
1,103,278,0.0
1,104,278,0.0
1,105,278,0.0
1,106,278,0.0
1,107,278,0.0
1,108,278,0.0
1,109,278,0.317
1,110,278,0.0
1,111,278,0.0
1,112,278,0.0
1,113,278,0.0
1,114,278,0.0
1,115,278,0.0
1,116,278,0.0
1,117,278,0.0
1,118,278,0.112
1,119,278,0.0
1,120,278,0.0
1,121,278,0.0
1,122,278,0.0
1,123,278,0.0
1,124,278,0.0
1,125,278,0.0
1,126,278,0.897
1,127,278,0.0
1,128,278,0.0
1,129,278,0.0
1,130,278,0.0
1,131,278,0.0
1,132,278,0.0
1,133,278,0.0
1,134,278,0.0
1,135,278,0.0
1,136,278,0.0
1,137,278,0.572
1,138,278,0.0
1,139,278,2.401
1,140,278,0.0
1,141,278,0.0
1,142,278,0.0
1,143,278,0.0
1,144,278,0.0
1,145,278,0.034
1,146,278,1.144
1,147,278,0.268
1,148,278,0.0
1,149,278,0.505
1,150,278,1.473
1,151,278,0.0
1,152,278,0.0
1,153,278,0.0
1,154,278,2.189
1,155,278,0.0
1,156,278,0.0
1,157,278,0.0
1,158,278,0.0
1,159,278,1.715
1,160,278,0.0
1,161,278,1.041
1,162,278,0.0
1,163,278,0.0
1,164,278,1.034
1,165,278,0.0
1,166,278,0.894
1,167,278,0.0
0,2,279,0.0
0,3,279,0.0
0,4,279,0.506
0,5,279,0.0
0,6,279,0.779
0,7,279,0.0
0,8,279,0.0
0,9,279,0.0
0,10,279,0.0
0,11,279,0.0
0,12,279,0.0
0,13,279,2.019
0,14,279,0.0
0,15,279,5.429
0,16,279,0.243
0,17,279,0.0
0,18,279,0.0
0,19,279,0.0
0,20,279,0.0
0,21,279,0.0
0,22,279,2.004
0,23,279,0.0
0,24,279,0.0
0,25,279,0.0
0,26,279,0.0
0,27,279,0.0
0,28,279,0.0
0,29,279,0.0
0,30,279,0.0
0,31,279,4.273
0,32,279,0.0
0,33,279,1.38
0,34,279,0.0
0,35,279,2.242
0,36,279,3.92
0,37,279,0.0
0,38,279,0.0
0,39,279,0.0
0,40,279,4.58
0,41,279,5.687
0,42,279,0.0
0,43,279,0.0
0,44,279,0.0
0,45,279,0.0
0,46,279,3.039
0,47,279,0.0
0,48,279,0.0
0,49,279,0.0
0,50,279,0.0
0,51,279,2.73
0,52,279,0.0
0,53,279,2.172
0,54,279,1.905
0,55,279,1.185
0,56,279,1.121
0,57,279,0.0
0,58,279,0.0
0,59,279,1.061
0,60,279,3.6
0,61,279,0.0
0,62,279,3.368
0,63,279,0.0
0,64,279,0.0
0,65,279,0.0
0,66,279,0.0
0,67,279,0.0
0,68,279,0.0
0,69,279,0.0
0,70,279,2.019
0,71,279,0.0
0,72,279,0.0
0,73,279,1.555
0,74,279,1.071
0,75,279,0.0
0,76,279,0.427
0,77,279,0.0
0,78,279,0.0
0,79,279,5.599
0,80,279,2.014
0,81,279,6.33
0,82,279,0.0
0,83,279,0.267
0,84,279,2.583
0,85,279,0.0
0,86,279,0.0
0,87,279,0.0
0,88,279,7.666
0,89,279,0.0
1,90,279,0.0
1,91,279,0.0
1,92,279,0.0
1,93,279,0.0
1,94,279,0.0
1,95,279,0.0
1,96,279,0.0
1,97,279,0.0
1,98,279,0.947
1,99,279,0.0
1,100,279,0.0
1,101,279,0.0
1,102,279,0.0
1,103,279,0.0
1,104,279,0.0
1,105,279,0.0
1,106,279,0.0
1,107,279,0.0
1,108,279,0.0
1,109,279,0.0
1,110,279,0.0
1,111,279,0.0
1,112,279,0.0
1,113,279,0.0
1,114,279,0.0
1,115,279,0.0
1,116,279,0.0
1,117,279,0.0
1,118,279,0.0
1,119,279,0.0
1,120,279,0.0
1,121,279,1.146
1,122,279,0.0
1,123,279,0.0
1,124,279,0.023
1,125,279,0.0
1,126,279,0.449
1,127,279,0.0
1,128,279,0.0
1,129,279,0.0
1,130,279,0.201
1,131,279,0.0
1,132,279,0.0
1,133,279,0.0
1,134,279,0.0
1,135,279,0.0
1,136,279,0.0
1,137,279,0.0
1,138,279,0.0
1,139,279,1.113
1,140,279,0.0
1,141,279,0.0
1,142,279,0.0
1,143,279,0.0
1,144,279,0.0
1,145,279,0.0
1,146,279,0.065
1,147,279,0.271
1,148,279,0.0
1,149,279,0.0
1,150,279,1.027
1,151,279,0.0
1,152,279,0.0
1,153,279,0.0
1,154,279,1.846
1,155,279,0.0
1,156,279,0.0
1,157,279,0.0
1,158,279,0.0
1,159,279,1.693
1,160,279,0.0
1,161,279,0.0
1,162,279,0.0
1,163,279,0.0
1,164,279,1.757
1,165,279,0.0
1,166,279,3.08
1,167,279,0.0
0,2,280,0.0
0,3,280,0.0
0,4,280,0.0
0,5,280,0.0
0,6,280,1.012
0,7,280,0.0
0,8,280,0.0
0,9,280,0.0
0,10,280,0.577
0,11,280,0.0
0,12,280,0.0
0,13,280,0.0
0,14,280,0.0
0,15,280,3.586
0,16,280,1.81
0,17,280,0.0
0,18,280,0.0
0,19,280,0.0
0,20,280,0.0
0,21,280,0.0
0,22,280,2.033
0,23,280,0.0
0,24,280,0.0
0,25,280,0.0
0,26,280,0.0
0,27,280,0.0
0,28,280,0.0
0,29,280,0.0
0,30,280,0.0
0,31,280,0.0
0,32,280,0.0
0,33,280,0.0
0,34,280,0.0
0,35,280,0.0
0,36,280,0.147
0,37,280,0.0
0,38,280,0.0
0,39,280,0.0
0,40,280,4.89
0,41,280,5.012
0,42,280,0.0
0,43,280,0.0
0,44,280,0.0
0,45,280,0.0
0,46,280,2.52
0,47,280,0.0
0,48,280,0.0
0,49,280,0.0
0,50,280,0.0
0,51,280,0.0
0,52,280,0.0
0,53,280,0.0
0,54,280,0.0
0,55,280,0.813
0,56,280,0.0
0,57,280,0.0
0,58,280,0.601
0,59,280,0.0
0,60,280,1.09
0,61,280,0.0
0,62,280,0.0
0,63,280,0.0
0,64,280,0.0
0,65,280,0.0
0,66,280,0.0
0,67,280,0.0
0,68,280,0.0
0,69,280,0.0
0,70,280,0.0
0,71,280,0.0
0,72,280,0.0
0,73,280,0.0
0,74,280,0.0
0,75,280,0.0
0,76,280,2.0
0,77,280,0.0
0,78,280,1.499
0,79,280,3.123
0,80,280,0.0
0,81,280,4.403
0,82,280,0.0
0,83,280,2.988
0,84,280,0.0
0,85,280,0.0
0,86,280,0.0
0,87,280,0.0
0,88,280,7.739
0,89,280,0.0
1,90,280,0.0
1,91,280,0.0
1,92,280,0.0
1,93,280,0.0
1,94,280,0.0
1,95,280,0.0
1,96,280,0.0
1,97,280,0.0
1,98,280,0.393
1,99,280,0.0
1,100,280,0.0
1,101,280,0.0
1,102,280,0.0
1,103,280,0.0
1,104,280,0.0
1,105,280,0.0
1,106,280,0.0
1,107,280,0.0
1,108,280,0.0
1,109,280,1.859
1,110,280,0.0
1,111,280,0.0
1,112,280,0.029
1,113,280,0.0
1,114,280,0.0
1,115,280,0.0
1,116,280,0.0
1,117,280,0.0
1,118,280,0.0
1,119,280,0.0
1,120,280,0.0
1,121,280,0.0
1,122,280,0.0
1,123,280,0.0
1,124,280,0.0
1,125,280,0.0
1,126,280,0.0
1,127,280,0.0
1,128,280,0.0
1,129,280,0.0
1,130,280,0.118
1,131,280,0.018
1,132,280,0.0
1,133,280,0.0
1,134,280,0.0
1,135,280,0.0
1,136,280,0.0
1,137,280,0.0
1,138,280,0.0
1,139,280,2.162
1,140,280,0.0
1,141,280,0.0
1,142,280,0.0
1,143,280,0.0
1,144,280,0.0
1,145,280,0.161
1,146,280,0.0
1,147,280,0.228
1,148,280,0.0
1,149,280,0.0
1,150,280,0.472
1,151,280,0.0
1,152,280,0.0
1,153,280,0.0
1,154,280,1.146
1,155,280,0.0
1,156,280,0.0
1,157,280,0.0
1,158,280,0.0
1,159,280,1.08
1,160,280,0.0
1,161,280,0.0
1,162,280,0.0
1,163,280,0.0
1,164,280,1.19
1,165,280,0.0
1,166,280,0.0
1,167,280,0.0
0,2,281,0.0
0,3,281,0.0
0,4,281,0.0
0,5,281,0.0
0,6,281,0.805
0,7,281,0.0
0,8,281,0.0
0,9,281,0.0
0,10,281,0.0
0,11,281,0.0
0,12,281,0.0
0,13,281,2.359
0,14,281,0.0
0,15,281,3.37
0,16,281,4.824
0,17,281,0.0
0,18,281,0.015
0,19,281,0.0
0,20,281,0.0
0,21,281,0.0
0,22,281,0.436
0,23,281,0.0
0,24,281,0.0
0,25,281,2.188
0,26,281,0.0
0,27,281,0.0
0,28,281,0.0
0,29,281,0.0
0,30,281,0.0
0,31,281,1.309
0,32,281,0.0
0,33,281,0.0
0,34,281,0.0
0,35,281,0.0
0,36,281,4.077
0,37,281,0.0
0,38,281,0.0
0,39,281,0.0
0,40,281,3.045
0,41,281,0.613
0,42,281,0.0
0,43,281,0.0
0,44,281,0.0
0,45,281,1.951
0,46,281,0.0
0,47,281,0.0
0,48,281,0.0
0,49,281,0.0
0,50,281,0.0
0,51,281,0.0
0,52,281,0.0
0,53,281,0.0
0,54,281,0.0
0,55,281,1.648
0,56,281,0.0
0,57,281,0.0
0,58,281,3.752
0,59,281,0.748
0,60,281,0.849
0,61,281,0.0
0,62,281,4.229
0,63,281,0.0
0,64,281,0.0
0,65,281,0.0
0,66,281,0.0
0,67,281,0.062
0,68,281,0.0
0,69,281,0.0
0,70,281,0.0
0,71,281,0.0
0,72,281,0.0
0,73,281,0.0
0,74,281,0.0
0,75,281,0.0
0,76,281,0.0
0,77,281,0.304
0,78,281,0.0
0,79,281,3.512
0,80,281,0.814
0,81,281,0.855
0,82,281,0.0
0,83,281,2.534
0,84,281,4.669
0,85,281,0.0
0,86,281,0.0
0,87,281,0.0
0,88,281,7.896
0,89,281,0.0
1,90,281,0.0
1,91,281,0.0
1,92,281,0.0
1,93,281,0.0
1,94,281,0.0
1,95,281,0.0
1,96,281,0.0
1,97,281,0.0
1,98,281,1.033
1,99,281,0.165
1,100,281,0.0
1,101,281,0.107
1,102,281,0.0
1,103,281,0.0
1,104,281,0.0
1,105,281,0.0
1,106,281,0.0
1,107,281,3.903
1,108,281,0.061
1,109,281,0.0
1,110,281,0.0
1,111,281,0.283
1,112,281,0.0
1,113,281,0.0
1,114,281,0.0
1,115,281,0.0
1,116,281,0.0
1,117,281,0.0
1,118,281,0.263
1,119,281,0.0
1,120,281,0.0
1,121,281,0.0
1,122,281,0.0
1,123,281,0.0
1,124,281,0.0
1,125,281,0.0
1,126,281,0.073
1,127,281,0.0
1,128,281,0.0
1,129,281,0.0
1,130,281,0.002
1,131,281,0.015
1,132,281,0.0
1,133,281,0.0
1,134,281,0.0
1,135,281,0.0
1,136,281,0.0
1,137,281,0.442
1,138,281,0.0
1,139,281,0.0
1,140,281,0.0
1,141,281,0.0
1,142,281,0.0
1,143,281,0.0
1,144,281,0.0
1,145,281,0.201
1,146,281,0.096
1,147,281,0.151
1,148,281,0.0
1,149,281,0.0
1,150,281,0.478
1,151,281,0.0
1,152,281,0.088
1,153,281,0.0
1,154,281,0.0
1,155,281,0.0
1,156,281,0.0
1,157,281,0.0
1,158,281,0.0
1,159,281,1.71
1,160,281,0.0
1,161,281,0.0
1,162,281,0.0
1,163,281,0.0
1,164,281,0.0
1,165,281,0.0
1,166,281,0.136
1,167,281,0.0
0,2,282,0.0
0,3,282,0.0
0,4,282,1.627
0,5,282,0.0
0,6,282,0.0
0,7,282,0.0
0,8,282,0.0
0,9,282,0.0
0,10,282,0.0
0,11,282,0.0
0,12,282,0.0
0,13,282,0.773
0,14,282,0.0
0,15,282,4.026
0,16,282,1.021
0,17,282,0.0
0,18,282,0.0
0,19,282,0.0
0,20,282,1.691
0,21,282,0.0
0,22,282,3.124
0,23,282,0.0
0,24,282,0.0
0,25,282,0.0
0,26,282,0.0
0,27,282,0.239
0,28,282,0.0
0,29,282,0.0
0,30,282,0.0
0,31,282,5.075
0,32,282,0.0
0,33,282,0.0
0,34,282,0.0
0,35,282,0.0
0,36,282,3.74
0,37,282,2.758
0,38,282,2.073
0,39,282,0.0
0,40,282,5.061
0,41,282,5.301
0,42,282,0.0
0,43,282,0.0
0,44,282,0.0
0,45,282,0.955
0,46,282,3.078
0,47,282,0.0
0,48,282,0.0
0,49,282,0.0
0,50,282,0.0
0,51,282,1.429
0,52,282,1.9
0,53,282,3.145
0,54,282,0.646
0,55,282,1.882
0,56,282,0.0
0,57,282,1.041
0,58,282,0.0
0,59,282,2.398
0,60,282,2.911
0,61,282,0.0
0,62,282,3.581
0,63,282,0.0
0,64,282,0.0
0,65,282,0.0
0,66,282,0.0
0,67,282,0.0
0,68,282,0.0
0,69,282,0.0
0,70,282,2.904
0,71,282,0.0
0,72,282,0.0
0,73,282,1.885
0,74,282,0.0
0,75,282,0.0
0,76,282,0.401
0,77,282,0.0
0,78,282,2.143
0,79,282,5.424
0,80,282,0.841
0,81,282,6.147
0,82,282,0.0
0,83,282,2.345
0,84,282,0.0
0,85,282,0.0
0,86,282,0.354
0,87,282,0.0
0,88,282,8.327
0,89,282,0.0
1,90,282,0.0
1,91,282,0.535
1,92,282,1.478
1,93,282,0.0
1,94,282,0.0
1,95,282,0.0
1,96,282,0.0
1,97,282,0.0
1,98,282,1.315
1,99,282,0.505
1,100,282,0.0
1,101,282,0.0
1,102,282,0.0
1,103,282,0.0
1,104,282,0.0
1,105,282,0.0
1,106,282,0.0
1,107,282,0.14
1,108,282,0.132
1,109,282,0.96
1,110,282,0.0
1,111,282,0.0
1,112,282,0.17
1,113,282,0.089
1,114,282,0.0
1,115,282,0.0
1,116,282,0.0
1,117,282,0.0
1,118,282,0.471
1,119,282,0.0
1,120,282,0.0
1,121,282,0.0
1,122,282,0.0
1,123,282,0.0
1,124,282,0.0
1,125,282,0.0
1,126,282,0.766
1,127,282,0.0
1,128,282,0.0
1,129,282,0.0
1,130,282,0.52
1,131,282,0.0
1,132,282,0.163
1,133,282,0.034
1,134,282,0.0
1,135,282,0.0
1,136,282,0.003
1,137,282,0.618
1,138,282,0.0
1,139,282,3.545
1,140,282,0.056
1,141,282,0.0
1,142,282,0.0
1,143,282,0.0
1,144,282,0.0
1,145,282,0.463
1,146,282,0.585
1,147,282,0.181
1,148,282,0.0
1,149,282,0.358
1,150,282,1.178
1,151,282,0.087
1,152,282,0.065
1,153,282,0.0
1,154,282,2.688
1,155,282,0.0
1,156,282,0.0
1,157,282,0.0
1,158,282,0.204
1,159,282,3.429
1,160,282,0.0
1,161,282,0.0
1,162,282,0.0
1,163,282,0.0
1,164,282,2.419
1,165,282,0.0
1,166,282,0.655
1,167,282,0.0
0,2,283,0.0
0,3,283,0.0
0,4,283,1.282
0,5,283,0.0
0,6,283,1.078
0,7,283,0.0
0,8,283,0.0
0,9,283,0.0
0,10,283,0.0
0,11,283,0.0
0,12,283,0.0
0,13,283,1.807
0,14,283,0.0
0,15,283,6.275
0,16,283,0.0
0,17,283,0.0
0,18,283,0.0
0,19,283,2.922
0,20,283,0.0
0,21,283,0.0
0,22,283,0.0
0,23,283,0.0
0,24,283,0.0
0,25,283,0.0
0,26,283,0.0
0,27,283,1.112
0,28,283,0.0
0,29,283,0.0
0,30,283,0.0
0,31,283,0.0
0,32,283,0.0
0,33,283,1.166
0,34,283,0.0
0,35,283,0.0
0,36,283,2.172
0,37,283,2.369
0,38,283,0.0
0,39,283,0.0
0,40,283,4.229
0,41,283,6.047
0,42,283,0.063
0,43,283,0.0
0,44,283,0.0
0,45,283,0.0
0,46,283,0.0
0,47,283,0.0
0,48,283,0.0
0,49,283,0.0
0,50,283,0.0
0,51,283,0.0
0,52,283,0.0
0,53,283,0.0
0,54,283,1.262
0,55,283,0.35
0,56,283,0.0
0,57,283,0.0
0,58,283,0.0
0,59,283,0.232
0,60,283,1.103
0,61,283,0.0
0,62,283,3.259
0,63,283,0.0
0,64,283,0.0
0,65,283,0.0
0,66,283,0.0
0,67,283,0.47
0,68,283,0.0
0,69,283,0.0
0,70,283,0.0
0,71,283,0.0
0,72,283,0.0
0,73,283,0.0
0,74,283,0.522
0,75,283,0.0
0,76,283,0.0
0,77,283,0.0
0,78,283,0.0
0,79,283,6.311
0,80,283,1.844
0,81,283,3.789
0,82,283,0.0
0,83,283,5.721
0,84,283,1.823
0,85,283,0.0
0,86,283,0.0
0,87,283,0.0
0,88,283,8.042
0,89,283,0.0
1,90,283,0.0
1,91,283,0.0
1,92,283,0.0
1,93,283,0.0
1,94,283,0.0
1,95,283,0.0
1,96,283,0.045
1,97,283,0.0
1,98,283,1.942
1,99,283,0.509
1,100,283,0.0
1,101,283,0.0
1,102,283,0.0
1,103,283,0.0
1,104,283,0.121
1,105,283,0.0
1,106,283,0.0
1,107,283,0.0
1,108,283,0.0
1,109,283,0.0
1,110,283,0.0
1,111,283,0.0
1,112,283,0.101
1,113,283,0.0
1,114,283,0.0
1,115,283,0.0
1,116,283,0.0
1,117,283,0.0
1,118,283,1.071
1,119,283,0.0
1,120,283,0.0
1,121,283,0.0
1,122,283,0.0
1,123,283,0.0
1,124,283,0.0
1,125,283,0.0
1,126,283,0.957
1,127,283,0.0
1,128,283,0.0
1,129,283,0.0
1,130,283,0.0
1,131,283,0.134
1,132,283,0.0
1,133,283,0.072
1,134,283,0.064
1,135,283,0.0
1,136,283,0.0
1,137,283,0.305
1,138,283,0.0
1,139,283,3.014
1,140,283,0.0
1,141,283,0.0
1,142,283,0.0
1,143,283,0.0
1,144,283,0.0
1,145,283,0.289
1,146,283,1.511
1,147,283,0.683
1,148,283,0.0
1,149,283,0.229
1,150,283,0.104
1,151,283,0.0
1,152,283,0.0
1,153,283,0.0
1,154,283,2.285
1,155,283,0.0
1,156,283,0.0
1,157,283,0.0
1,158,283,0.196
1,159,283,1.885
1,160,283,0.0
1,161,283,0.0
1,162,283,0.0
1,163,283,0.0
1,164,283,2.389
1,165,283,0.0
1,166,283,0.0
1,167,283,0.0
0,2,284,0.0
0,3,284,0.0
0,4,284,0.0
0,5,284,0.0
0,6,284,0.0
0,7,284,0.0
0,8,284,0.0
0,9,284,0.0
0,10,284,0.0
0,11,284,0.0
0,12,284,0.0
0,13,284,1.803
0,14,284,0.0
0,15,284,4.886
0,16,284,4.316
0,17,284,0.0
0,18,284,0.0
0,19,284,0.0
0,20,284,0.0
0,21,284,0.0
0,22,284,0.218
0,23,284,0.0
0,24,284,0.0
0,25,284,0.0
0,26,284,0.0
0,27,284,1.282
0,28,284,0.0
0,29,284,0.0
0,30,284,0.0
0,31,284,2.754
0,32,284,0.0
0,33,284,0.0
0,34,284,0.0
0,35,284,0.0
0,36,284,0.937
0,37,284,0.0
0,38,284,0.0
0,39,284,0.0
0,40,284,2.367
0,41,284,3.666
0,42,284,0.0
0,43,284,0.0
0,44,284,0.0
0,45,284,2.239
0,46,284,3.78
0,47,284,0.0
0,48,284,0.0
0,49,284,0.0
0,50,284,0.0
0,51,284,2.44
0,52,284,0.0
0,53,284,2.958
0,54,284,0.0
0,55,284,1.298
0,56,284,0.0
0,57,284,0.0
0,58,284,0.0
0,59,284,2.752
0,60,284,3.62
0,61,284,0.0
0,62,284,3.62
0,63,284,0.0
0,64,284,0.0
0,65,284,0.0
0,66,284,0.0
0,67,284,0.0
0,68,284,0.0
0,69,284,0.0
0,70,284,2.696
0,71,284,0.0
0,72,284,0.0
0,73,284,0.0
0,74,284,0.0
0,75,284,0.0
0,76,284,0.0
0,77,284,0.0
0,78,284,0.0
0,79,284,4.56
0,80,284,0.0
0,81,284,6.009
0,82,284,0.0
0,83,284,2.033
0,84,284,1.798
0,85,284,0.0
0,86,284,0.0
0,87,284,0.0
0,88,284,7.239
0,89,284,0.0
1,90,284,0.0
1,91,284,0.15
1,92,284,0.299
1,93,284,0.0
1,94,284,0.0
1,95,284,0.0
1,96,284,0.0
1,97,284,0.0
1,98,284,1.839
1,99,284,0.171
1,100,284,0.0
1,101,284,0.116
1,102,284,0.0
1,103,284,0.0
1,104,284,0.0
1,105,284,0.0
1,106,284,0.0
1,107,284,0.0
1,108,284,0.067
1,109,284,0.354
1,110,284,0.0
1,111,284,0.28
1,112,284,0.062
1,113,284,0.0
1,114,284,0.0
1,115,284,0.0
1,116,284,0.085
1,117,284,0.0
1,118,284,0.715
1,119,284,0.242
1,120,284,0.0
1,121,284,0.0
1,122,284,0.0
1,123,284,0.0
1,124,284,0.0
1,125,284,0.0
1,126,284,1.158
1,127,284,0.0
1,128,284,0.0
1,129,284,0.0
1,130,284,0.823
1,131,284,0.233
1,132,284,0.0
1,133,284,0.0
1,134,284,0.0
1,135,284,0.0
1,136,284,0.0
1,137,284,0.199
1,138,284,0.0
1,139,284,0.0
1,140,284,0.0
1,141,284,0.0
1,142,284,0.0
1,143,284,0.0
1,144,284,0.0
1,145,284,0.305
1,146,284,1.634
1,147,284,0.217
1,148,284,0.0
1,149,284,0.0
1,150,284,1.695
1,151,284,0.0
1,152,284,0.0
1,153,284,0.0
1,154,284,0.0
1,155,284,0.0
1,156,284,0.0
1,157,284,0.0
1,158,284,0.0
1,159,284,2.793
1,160,284,0.0
1,161,284,0.0
1,162,284,0.0
1,163,284,0.0
1,164,284,0.498
1,165,284,0.0
1,166,284,1.273
1,167,284,0.0
0,2,285,0.0
0,3,285,0.0
0,4,285,0.0
0,5,285,0.0
0,6,285,0.0
0,7,285,0.0
0,8,285,0.0
0,9,285,0.0
0,10,285,0.0
0,11,285,0.0
0,12,285,0.0
0,13,285,0.195
0,14,285,0.0
0,15,285,4.115
0,16,285,1.885
0,17,285,0.0
0,18,285,0.0
0,19,285,2.064
0,20,285,0.0
0,21,285,0.0
0,22,285,2.666
0,23,285,0.0
0,24,285,0.0
0,25,285,0.0
0,26,285,0.0
0,27,285,0.0
0,28,285,0.0
0,29,285,0.0
0,30,285,0.0
0,31,285,3.432
0,32,285,0.0
0,33,285,0.913
0,34,285,0.0
0,35,285,0.0
0,36,285,3.329
0,37,285,1.522
0,38,285,0.0
0,39,285,0.0
0,40,285,0.111
0,41,285,6.651
0,42,285,0.722
0,43,285,0.0
0,44,285,0.0
0,45,285,0.0
0,46,285,3.226
0,47,285,0.0
0,48,285,0.0
0,49,285,0.0
0,50,285,0.0
0,51,285,0.0
0,52,285,0.0
0,53,285,0.0
0,54,285,2.241
0,55,285,0.572
0,56,285,0.077
0,57,285,0.0
0,58,285,1.092
0,59,285,0.524
0,60,285,2.399
0,61,285,0.0
0,62,285,1.672
0,63,285,0.0
0,64,285,0.0
0,65,285,0.0
0,66,285,0.0
0,67,285,1.326
0,68,285,0.0
0,69,285,0.0
0,70,285,3.351
0,71,285,0.0
0,72,285,0.0
0,73,285,2.178
0,74,285,1.984
0,75,285,0.0
0,76,285,0.0
0,77,285,0.0
0,78,285,0.0
0,79,285,5.207
0,80,285,1.161
0,81,285,5.283
0,82,285,0.0
0,83,285,4.756
0,84,285,2.832
0,85,285,0.0
0,86,285,0.0
0,87,285,0.0
0,88,285,8.303
0,89,285,0.0
1,90,285,0.0
1,91,285,0.373
1,92,285,0.0
1,93,285,0.0
1,94,285,0.0
1,95,285,0.0
1,96,285,0.0
1,97,285,0.0
1,98,285,0.251
1,99,285,0.099
1,100,285,0.0
1,101,285,0.0
1,102,285,0.0
1,103,285,0.0
1,104,285,0.0
1,105,285,0.0
1,106,285,0.0
1,107,285,0.187
1,108,285,0.0
1,109,285,0.744
1,110,285,0.0
1,111,285,0.0
1,112,285,0.04
1,113,285,0.0
1,114,285,0.0
1,115,285,0.0
1,116,285,0.0
1,117,285,0.0
1,118,285,0.057
1,119,285,0.0
1,120,285,0.0
1,121,285,0.0
1,122,285,0.0
1,123,285,0.0
1,124,285,0.17
1,125,285,0.0
1,126,285,1.153
1,127,285,0.0
1,128,285,0.0
1,129,285,0.0
1,130,285,0.803
1,131,285,0.131
1,132,285,0.0
1,133,285,0.0
1,134,285,0.0
1,135,285,0.0
1,136,285,0.0
1,137,285,0.0
1,138,285,0.0
1,139,285,3.45
1,140,285,0.0
1,141,285,0.0
1,142,285,0.0
1,143,285,0.0
1,144,285,0.0
1,145,285,0.39
1,146,285,0.124
1,147,285,0.262
1,148,285,0.0
1,149,285,0.234
1,150,285,0.0
1,151,285,0.0
1,152,285,0.0
1,153,285,0.0
1,154,285,2.204
1,155,285,0.0
1,156,285,0.0
1,157,285,0.0
1,158,285,0.0
1,159,285,1.024
1,160,285,0.0
1,161,285,0.0
1,162,285,0.0
1,163,285,0.0
1,164,285,2.4
1,165,285,0.0
1,166,285,0.0
1,167,285,0.0
0,2,286,0.0
0,3,286,0.0
0,4,286,0.0
0,5,286,0.0
0,6,286,0.0
0,7,286,0.0
0,8,286,0.0
0,9,286,0.0
0,10,286,0.268
0,11,286,0.0
0,12,286,0.0
0,13,286,2.997
0,14,286,0.0
0,15,286,6.067
0,16,286,4.085
0,17,286,0.0
0,18,286,0.0
0,19,286,0.0
0,20,286,0.43
0,21,286,0.0
0,22,286,2.648
0,23,286,0.0
0,24,286,0.0
0,25,286,3.335
0,26,286,0.0
0,27,286,0.142
0,28,286,0.0
0,29,286,0.0
0,30,286,0.0
0,31,286,4.365
0,32,286,0.0
0,33,286,0.0
0,34,286,0.0
0,35,286,0.0
0,36,286,4.244
0,37,286,4.009
0,38,286,0.0
0,39,286,0.0
0,40,286,4.333
0,41,286,4.509
0,42,286,0.573
0,43,286,0.0
0,44,286,0.0
0,45,286,0.0
0,46,286,2.411
0,47,286,0.0
0,48,286,0.0
0,49,286,1.945
0,50,286,0.0
0,51,286,1.328
0,52,286,0.0
0,53,286,4.411
0,54,286,2.029
0,55,286,2.501
0,56,286,0.0
0,57,286,0.471
0,58,286,0.0
0,59,286,3.461
0,60,286,2.418
0,61,286,0.0
0,62,286,4.57
0,63,286,0.0
0,64,286,0.0
0,65,286,0.0
0,66,286,0.0
0,67,286,2.172
0,68,286,0.0
0,69,286,0.0
0,70,286,4.1
0,71,286,0.0
0,72,286,0.0
0,73,286,0.0
0,74,286,2.326
0,75,286,2.098
0,76,286,0.0
0,77,286,0.0
0,78,286,2.391
0,79,286,5.019
0,80,286,1.329
0,81,286,5.695
0,82,286,0.0
0,83,286,4.594
0,84,286,3.283
0,85,286,0.0
0,86,286,0.0
0,87,286,0.0
0,88,286,9.087
0,89,286,0.0
1,90,286,0.0
1,91,286,0.309
1,92,286,0.207
1,93,286,0.0
1,94,286,0.0
1,95,286,0.0
1,96,286,0.0
1,97,286,0.0
1,98,286,1.956
1,99,286,0.314
1,100,286,0.0
1,101,286,0.0
1,102,286,0.0
1,103,286,0.0
1,104,286,0.0
1,105,286,0.0
1,106,286,0.0
1,107,286,0.0
1,108,286,0.0
1,109,286,0.613
1,110,286,0.0
1,111,286,0.0
1,112,286,0.0
1,113,286,0.0
1,114,286,0.0
1,115,286,0.0
1,116,286,0.177
1,117,286,0.0
1,118,286,1.078
1,119,286,0.0
1,120,286,0.0
1,121,286,0.0
1,122,286,0.0
1,123,286,0.0
1,124,286,0.0
1,125,286,0.0
1,126,286,1.867
1,127,286,0.0
1,128,286,0.0
1,129,286,0.0
1,130,286,0.469
1,131,286,0.143
1,132,286,0.0
1,133,286,0.0
1,134,286,0.0
1,135,286,0.0
1,136,286,0.0
1,137,286,1.108
1,138,286,0.0
1,139,286,0.0
1,140,286,0.0
1,141,286,0.0
1,142,286,0.0
1,143,286,0.0
1,144,286,0.0
1,145,286,0.041
1,146,286,2.219
1,147,286,0.29
1,148,286,0.0
1,149,286,0.0
1,150,286,0.018
1,151,286,0.0
1,152,286,0.0
1,153,286,0.0
1,154,286,0.0
1,155,286,0.0
1,156,286,0.0
1,157,286,0.0
1,158,286,0.0
1,159,286,2.221
1,160,286,0.0
1,161,286,0.034
1,162,286,0.0
1,163,286,0.0
1,164,286,1.09
1,165,286,0.0
1,166,286,0.0
1,167,286,0.0
0,2,287,0.0
0,3,287,0.0
0,4,287,1.301
0,5,287,0.0
0,6,287,0.821
0,7,287,0.0
0,8,287,0.0
0,9,287,0.0
0,10,287,0.0
0,11,287,0.302
0,12,287,0.0
0,13,287,1.258
0,14,287,0.0
0,15,287,5.08
0,16,287,0.0
0,17,287,0.0
0,18,287,0.0
0,19,287,0.0
0,20,287,0.0
0,21,287,0.0
0,22,287,1.471
0,23,287,0.0
0,24,287,0.0
0,25,287,0.0
0,26,287,0.0
0,27,287,0.016
0,28,287,0.0
0,29,287,0.0
0,30,287,0.631
0,31,287,2.369
0,32,287,0.0
0,33,287,0.0
0,34,287,0.0
0,35,287,0.0
0,36,287,2.355
0,37,287,0.0
0,38,287,0.0
0,39,287,0.0
0,40,287,2.217
0,41,287,3.121
0,42,287,2.758
0,43,287,0.0
0,44,287,0.0
0,45,287,0.0
0,46,287,1.689
0,47,287,0.0
0,48,287,0.0
0,49,287,0.0
0,50,287,0.0
0,51,287,0.262
0,52,287,0.0
0,53,287,0.0
0,54,287,1.168
0,55,287,0.45
0,56,287,0.0
0,57,287,0.0
0,58,287,0.0
0,59,287,1.393
0,60,287,3.328
0,61,287,0.0
0,62,287,4.183
0,63,287,0.0
0,64,287,0.0
0,65,287,0.0
0,66,287,0.0
0,67,287,1.479
0,68,287,0.0
0,69,287,0.0
0,70,287,1.041
0,71,287,0.0
0,72,287,0.0
0,73,287,1.498
0,74,287,2.832
0,75,287,0.609
0,76,287,0.0
0,77,287,0.0
0,78,287,0.0
0,79,287,6.274
0,80,287,1.53
0,81,287,2.89
0,82,287,0.0
0,83,287,5.976
0,84,287,1.96
0,85,287,0.0
0,86,287,0.0
0,87,287,0.0
0,88,287,7.819
0,89,287,0.0
1,90,287,0.0
1,91,287,0.0
1,92,287,0.0
1,93,287,0.0
1,94,287,0.0
1,95,287,0.0
1,96,287,0.117
1,97,287,0.0
1,98,287,0.494
1,99,287,0.0
1,100,287,0.0
1,101,287,0.0
1,102,287,0.0
1,103,287,0.0
1,104,287,0.0
1,105,287,0.0
1,106,287,0.0
1,107,287,0.0
1,108,287,0.0
1,109,287,0.0
1,110,287,0.0
1,111,287,0.0
1,112,287,0.0
1,113,287,0.0
1,114,287,0.0
1,115,287,0.0
1,116,287,0.327
1,117,287,0.0
1,118,287,1.749
1,119,287,0.0
1,120,287,0.887
1,121,287,0.0
1,122,287,0.0
1,123,287,0.0
1,124,287,0.0
1,125,287,0.0
1,126,287,0.343
1,127,287,0.069
1,128,287,0.0
1,129,287,0.0
1,130,287,0.0
1,131,287,0.261
1,132,287,0.0
1,133,287,0.155
1,134,287,0.0
1,135,287,0.0
1,136,287,0.0
1,137,287,0.0
1,138,287,0.0
1,139,287,3.495
1,140,287,0.0
1,141,287,0.0
1,142,287,0.0
1,143,287,0.0
1,144,287,0.736
1,145,287,0.17
1,146,287,1.105
1,147,287,0.242
1,148,287,0.0
1,149,287,0.112
1,150,287,0.0
1,151,287,0.0
1,152,287,0.099
1,153,287,0.0
1,154,287,2.359
1,155,287,0.0
1,156,287,0.0
1,157,287,0.0
1,158,287,0.0
1,159,287,4.935
1,160,287,0.0
1,161,287,0.0
1,162,287,0.0
1,163,287,0.0
1,164,287,2.182
1,165,287,0.0
1,166,287,0.082
1,167,287,0.0
0,2,288,0.0
0,3,288,0.0
0,4,288,0.0
0,5,288,0.0
0,6,288,1.648
0,7,288,0.0
0,8,288,0.0
0,9,288,0.0
0,10,288,0.0
0,11,288,0.0
0,12,288,0.0
0,13,288,1.531
0,14,288,0.0
0,15,288,5.815
0,16,288,2.85
0,17,288,0.0
0,18,288,0.0
0,19,288,0.86
0,20,288,0.9
0,21,288,0.0
0,22,288,2.447
0,23,288,0.0
0,24,288,0.0
0,25,288,0.0
0,26,288,0.0
0,27,288,0.0
0,28,288,0.0
0,29,288,0.0
0,30,288,0.0
0,31,288,4.273
0,32,288,0.0
0,33,288,0.0
0,34,288,0.0
0,35,288,0.0
0,36,288,3.824
0,37,288,2.403
0,38,288,0.0
0,39,288,0.0
0,40,288,4.203
0,41,288,5.369
0,42,288,1.715
0,43,288,0.0
0,44,288,0.0
0,45,288,2.2
0,46,288,2.336
0,47,288,0.0
0,48,288,0.0
0,49,288,0.324
0,50,288,0.0
0,51,288,0.0
0,52,288,1.275
0,53,288,0.0
0,54,288,1.558
0,55,288,0.627
0,56,288,0.0
0,57,288,0.0
0,58,288,2.317
0,59,288,3.071
0,60,288,2.008
0,61,288,0.0
0,62,288,4.015
0,63,288,0.0
0,64,288,0.0
0,65,288,0.0
0,66,288,1.287
0,67,288,0.088
0,68,288,0.0
0,69,288,0.0
0,70,288,2.042
0,71,288,0.0
0,72,288,0.0
0,73,288,0.0
0,74,288,0.0
0,75,288,0.0
0,76,288,0.179
0,77,288,0.0
0,78,288,3.682
0,79,288,5.894
0,80,288,2.85
0,81,288,6.149
0,82,288,0.185
0,83,288,3.16
0,84,288,0.571
0,85,288,0.0
0,86,288,0.022
0,87,288,0.0
0,88,288,8.503
0,89,288,0.0
1,90,288,0.0
1,91,288,0.0
1,92,288,0.0
1,93,288,0.0
1,94,288,0.0
1,95,288,0.0
1,96,288,0.0
1,97,288,0.0
1,98,288,1.75
1,99,288,0.005
1,100,288,0.0
1,101,288,0.023
1,102,288,0.0
1,103,288,0.0
1,104,288,0.0
1,105,288,0.0
1,106,288,0.0
1,107,288,0.0
1,108,288,0.0
1,109,288,1.396
1,110,288,0.0
1,111,288,0.0
1,112,288,0.008
1,113,288,0.0
1,114,288,0.0
1,115,288,0.0
1,116,288,0.037
1,117,288,0.0
1,118,288,1.221
1,119,288,0.0
1,120,288,0.107
1,121,288,0.0
1,122,288,0.0
1,123,288,0.0
1,124,288,0.0
1,125,288,0.0
1,126,288,1.862
1,127,288,0.075
1,128,288,0.0
1,129,288,0.0
1,130,288,0.0
1,131,288,0.031
1,132,288,0.0
1,133,288,0.0
1,134,288,0.0
1,135,288,0.0
1,136,288,0.0
1,137,288,0.486
1,138,288,0.0
1,139,288,1.121
1,140,288,0.0
1,141,288,0.0
1,142,288,0.0
1,143,288,0.0
1,144,288,0.107
1,145,288,0.259
1,146,288,2.812
1,147,288,0.194
1,148,288,0.0
1,149,288,0.325
1,150,288,0.618
1,151,288,0.391
1,152,288,0.0
1,153,288,0.0
1,154,288,0.862
1,155,288,0.0
1,156,288,0.0
1,157,288,0.0
1,158,288,0.0
1,159,288,2.681
1,160,288,0.0
1,161,288,0.207
1,162,288,0.0
1,163,288,0.0
1,164,288,1.216
1,165,288,0.0
1,166,288,0.473
1,167,288,0.0
0,2,289,0.0
0,3,289,0.0
0,4,289,0.945
0,5,289,0.0
0,6,289,0.0
0,7,289,0.0
0,8,289,0.0
0,9,289,0.0
0,10,289,0.0
0,11,289,0.0
0,12,289,0.0
0,13,289,0.0
0,14,289,0.0
0,15,289,4.141
0,16,289,0.0
0,17,289,0.0
0,18,289,0.0
0,19,289,1.116
0,20,289,0.0
0,21,289,0.0
0,22,289,1.278
0,23,289,0.0
0,24,289,0.0
0,25,289,0.0
0,26,289,0.0
0,27,289,0.0
0,28,289,0.0
0,29,289,0.0
0,30,289,0.0
0,31,289,0.105
0,32,289,0.0
0,33,289,0.0
0,34,289,0.0
0,35,289,0.0
0,36,289,1.659
0,37,289,0.979
0,38,289,0.0
0,39,289,0.0
0,40,289,3.631
0,41,289,4.096
0,42,289,1.002
0,43,289,0.0
0,44,289,0.0
0,45,289,0.0
0,46,289,0.0
0,47,289,0.0
0,48,289,0.0
0,49,289,0.0
0,50,289,0.0
0,51,289,0.0
0,52,289,0.0
0,53,289,0.0
0,54,289,0.0
0,55,289,0.0
0,56,289,0.0
0,57,289,0.0
0,58,289,0.0
0,59,289,0.0
0,60,289,1.567
0,61,289,0.0
0,62,289,0.0
0,63,289,0.0
0,64,289,0.0
0,65,289,0.0
0,66,289,0.0
0,67,289,0.0
0,68,289,0.0
0,69,289,0.0
0,70,289,1.087
0,71,289,0.0
0,72,289,0.0
0,73,289,0.0
0,74,289,0.0
0,75,289,1.633
0,76,289,0.0
0,77,289,0.0
0,78,289,2.001
0,79,289,5.147
0,80,289,2.608
0,81,289,5.196
0,82,289,0.0
0,83,289,5.95
0,84,289,1.183
0,85,289,0.0
0,86,289,0.0
0,87,289,0.0
0,88,289,7.717
0,89,289,0.0
1,90,289,0.0
1,91,289,0.866
1,92,289,0.008
1,93,289,0.0
1,94,289,0.0
1,95,289,0.0
1,96,289,0.0
1,97,289,0.0
1,98,289,1.407
1,99,289,0.0
1,100,289,0.0
1,101,289,0.0
1,102,289,0.0
1,103,289,0.0
1,104,289,0.0
1,105,289,0.0
1,106,289,0.0
1,107,289,0.0
1,108,289,0.0
1,109,289,2.741
1,110,289,0.0
1,111,289,0.0
1,112,289,0.052
1,113,289,0.033
1,114,289,0.0
1,115,289,0.0
1,116,289,0.0
1,117,289,0.0
1,118,289,1.107
1,119,289,0.0
1,120,289,0.0
1,121,289,0.0
1,122,289,0.0
1,123,289,0.024
1,124,289,0.323
1,125,289,0.001
1,126,289,0.737
1,127,289,0.015
1,128,289,0.0
1,129,289,0.0
1,130,289,0.0
1,131,289,1.217
1,132,289,0.0
1,133,289,0.298
1,134,289,0.0
1,135,289,0.0
1,136,289,0.0
1,137,289,0.83
1,138,289,0.0
1,139,289,1.484
1,140,289,0.0
1,141,289,0.0
1,142,289,0.0
1,143,289,0.0
1,144,289,0.0
1,145,289,0.141
1,146,289,1.44
1,147,289,0.14
1,148,289,0.0
1,149,289,0.406
1,150,289,0.83
1,151,289,0.298
1,152,289,0.0
1,153,289,0.0
1,154,289,2.772
1,155,289,0.012
1,156,289,0.0
1,157,289,0.0
1,158,289,0.0
1,159,289,3.307
1,160,289,0.0
1,161,289,0.0
1,162,289,0.0
1,163,289,0.0
1,164,289,2.136
1,165,289,0.0
1,166,289,0.0
1,167,289,0.0
0,2,290,0.0
0,3,290,0.0
0,4,290,0.562
0,5,290,0.0
0,6,290,0.577
0,7,290,0.0
0,8,290,0.0
0,9,290,0.0
0,10,290,0.0
0,11,290,0.0
0,12,290,0.0
0,13,290,1.17
0,14,290,0.0
0,15,290,5.208
0,16,290,3.465
0,17,290,0.0
0,18,290,0.0
0,19,290,0.0
0,20,290,0.0
0,21,290,0.0
0,22,290,2.448
0,23,290,0.0
0,24,290,0.0
0,25,290,0.877
0,26,290,0.0
0,27,290,0.0
0,28,290,0.0
0,29,290,0.0
0,30,290,0.0
0,31,290,0.0
0,32,290,0.0
0,33,290,0.236
0,34,290,0.0
0,35,290,3.248
0,36,290,3.292
0,37,290,0.878
0,38,290,0.0
0,39,290,0.0
0,40,290,2.904
0,41,290,4.023
0,42,290,1.099
0,43,290,0.0
0,44,290,0.0
0,45,290,1.199
0,46,290,0.772
0,47,290,0.0
0,48,290,0.0
0,49,290,0.0
0,50,290,0.0
0,51,290,0.0
0,52,290,0.0
0,53,290,0.0
0,54,290,0.0
0,55,290,0.355
0,56,290,0.0
0,57,290,0.0
0,58,290,0.0
0,59,290,0.348
0,60,290,2.94
0,61,290,0.0
0,62,290,0.0
0,63,290,0.0
0,64,290,0.0
0,65,290,0.0
0,66,290,0.0
0,67,290,0.0
0,68,290,0.0
0,69,290,0.0
0,70,290,0.0
0,71,290,0.0
0,72,290,0.0
0,73,290,0.0
0,74,290,0.984
0,75,290,0.607
0,76,290,0.0
0,77,290,0.378
0,78,290,2.005
0,79,290,5.212
0,80,290,2.417
0,81,290,5.684
0,82,290,0.0
0,83,290,3.402
0,84,290,4.153
0,85,290,0.0
0,86,290,0.0
0,87,290,0.0
0,88,290,8.303
0,89,290,0.0
1,90,290,0.07
1,91,290,0.0
1,92,290,0.105
1,93,290,0.0
1,94,290,0.0
1,95,290,0.0
1,96,290,0.0
1,97,290,0.0
1,98,290,0.885
1,99,290,0.06
1,100,290,0.0
1,101,290,0.0
1,102,290,0.0
1,103,290,0.0
1,104,290,0.0
1,105,290,0.0
1,106,290,0.0
1,107,290,0.0
1,108,290,0.0
1,109,290,1.327
1,110,290,0.0
1,111,290,0.03
1,112,290,0.0
1,113,290,0.0
1,114,290,0.0
1,115,290,0.0
1,116,290,0.12
1,117,290,0.0
1,118,290,0.408
1,119,290,0.0
1,120,290,0.0
1,121,290,0.0
1,122,290,0.0
1,123,290,0.0
1,124,290,0.0
1,125,290,0.0
1,126,290,0.828
1,127,290,0.0
1,128,290,0.0
1,129,290,0.0
1,130,290,0.375
1,131,290,0.11
1,132,290,0.0
1,133,290,0.0
1,134,290,0.0
1,135,290,0.0
1,136,290,0.0
1,137,290,0.002
1,138,290,0.0
1,139,290,2.368
1,140,290,0.0
1,141,290,0.0
1,142,290,0.0
1,143,290,0.0
1,144,290,0.0
1,145,290,0.198
1,146,290,0.568
1,147,290,0.506
1,148,290,0.0
1,149,290,0.156
1,150,290,0.814
1,151,290,0.134
1,152,290,0.0
1,153,290,0.0
1,154,290,1.942
1,155,290,0.0
1,156,290,0.0
1,157,290,0.0
1,158,290,0.0
1,159,290,2.768
1,160,290,0.3
1,161,290,0.0
1,162,290,0.0
1,163,290,0.0
1,164,290,1.47
1,165,290,0.0
1,166,290,0.0
1,167,290,0.0
0,2,291,0.0
0,3,291,0.0
0,4,291,1.595
0,5,291,0.0
0,6,291,2.783
0,7,291,0.0
0,8,291,0.0
0,9,291,0.0
0,10,291,0.0
0,11,291,0.0
0,12,291,0.0
0,13,291,0.0
0,14,291,0.0
0,15,291,5.237
0,16,291,4.269
0,17,291,0.146
0,18,291,0.0
0,19,291,0.0
0,20,291,0.0
0,21,291,0.0
0,22,291,2.901
0,23,291,0.0
0,24,291,0.0
0,25,291,0.0
0,26,291,0.0
0,27,291,0.0
0,28,291,0.0
0,29,291,0.0
0,30,291,0.0
0,31,291,0.0
0,32,291,0.0
0,33,291,0.0
0,34,291,0.0
0,35,291,0.0
0,36,291,3.476
0,37,291,0.628
0,38,291,0.0
0,39,291,0.0
0,40,291,3.333
0,41,291,3.829
0,42,291,0.0
0,43,291,0.0
0,44,291,0.0
0,45,291,0.0
0,46,291,0.0
0,47,291,0.0
0,48,291,0.0
0,49,291,0.0
0,50,291,0.0
0,51,291,0.0
0,52,291,0.0
0,53,291,0.0
0,54,291,1.527
0,55,291,0.088
0,56,291,0.0
0,57,291,1.267
0,58,291,0.0
0,59,291,1.401
0,60,291,0.0
0,61,291,0.0
0,62,291,1.444
0,63,291,0.0
0,64,291,0.0
0,65,291,0.0
0,66,291,0.0
0,67,291,0.0
0,68,291,0.0
0,69,291,0.0
0,70,291,0.0
0,71,291,0.0
0,72,291,0.0
0,73,291,0.003
0,74,291,0.0
0,75,291,0.0
0,76,291,0.0
0,77,291,0.311
0,78,291,0.0
0,79,291,3.881
0,80,291,2.281
0,81,291,0.21
0,82,291,0.0
0,83,291,4.078
0,84,291,0.0
0,85,291,0.0
0,86,291,0.0
0,87,291,0.0
0,88,291,8.239
0,89,291,0.369
1,90,291,0.008
1,91,291,0.254
1,92,291,0.0
1,93,291,0.0
1,94,291,0.0
1,95,291,0.0
1,96,291,0.0
1,97,291,0.0
1,98,291,3.215
1,99,291,0.086
1,100,291,0.0
1,101,291,0.0
1,102,291,0.0
1,103,291,0.0
1,104,291,0.0
1,105,291,0.0
1,106,291,0.0
1,107,291,0.0
1,108,291,0.0
1,109,291,0.706
1,110,291,0.0
1,111,291,0.0
1,112,291,0.058
1,113,291,0.0
1,114,291,0.0
1,115,291,0.0
1,116,291,0.197
1,117,291,0.0
1,118,291,0.963
1,119,291,0.0
1,120,291,0.528
1,121,291,0.0
1,122,291,0.0
1,123,291,0.0
1,124,291,0.0
1,125,291,0.0
1,126,291,2.189
1,127,291,0.0
1,128,291,0.0
1,129,291,0.0
1,130,291,0.0
1,131,291,0.023
1,132,291,0.0
1,133,291,0.0
1,134,291,0.0
1,135,291,0.064
1,136,291,0.0
1,137,291,0.806
1,138,291,0.0
1,139,291,0.0
1,140,291,0.0
1,141,291,0.253
1,142,291,0.0
1,143,291,0.0
1,144,291,0.926
1,145,291,0.0
1,146,291,1.21
1,147,291,0.04
1,148,291,0.0
1,149,291,0.0
1,150,291,4.842
1,151,291,0.0
1,152,291,0.0
1,153,291,0.0
1,154,291,0.0
1,155,291,0.0
1,156,291,0.097
1,157,291,0.0
1,158,291,0.0
1,159,291,0.302
1,160,291,0.0
1,161,291,0.0
1,162,291,0.0
1,163,291,0.0
1,164,291,1.585
1,165,291,0.0
1,166,291,1.206
1,167,291,0.0
0,2,292,0.0
0,3,292,0.0
0,4,292,2.549
0,5,292,0.0
0,6,292,0.0
0,7,292,0.0
0,8,292,0.0
0,9,292,0.0
0,10,292,0.0
0,11,292,0.0
0,12,292,0.0
0,13,292,1.916
0,14,292,0.0
0,15,292,4.485
0,16,292,2.311
0,17,292,0.0
0,18,292,0.0
0,19,292,1.386
0,20,292,2.734
0,21,292,0.0
0,22,292,1.346
0,23,292,0.0
0,24,292,0.0
0,25,292,0.0
0,26,292,0.0
0,27,292,0.029
0,28,292,0.0
0,29,292,0.0
0,30,292,0.0
0,31,292,3.796
0,32,292,0.0
0,33,292,0.0
0,34,292,0.0
0,35,292,2.448
0,36,292,3.931
0,37,292,2.215
0,38,292,2.239
0,39,292,0.0
0,40,292,4.184
0,41,292,2.25
0,42,292,0.0
0,43,292,0.0
0,44,292,0.0
0,45,292,1.475
0,46,292,1.411
0,47,292,0.0
0,48,292,0.0
0,49,292,0.0
0,50,292,0.0
0,51,292,3.202
0,52,292,0.0
0,53,292,3.041
0,54,292,0.0
0,55,292,0.0
0,56,292,0.0
0,57,292,0.0
0,58,292,0.732
0,59,292,1.257
0,60,292,3.767
0,61,292,0.0
0,62,292,2.926
0,63,292,0.0
0,64,292,0.0
0,65,292,0.0
0,66,292,0.0
0,67,292,0.0
0,68,292,0.0
0,69,292,0.0
0,70,292,1.067
0,71,292,0.0
0,72,292,0.231
0,73,292,1.171
0,74,292,0.0
0,75,292,0.385
0,76,292,1.459
0,77,292,0.0
0,78,292,0.0
0,79,292,1.979
0,80,292,2.842
0,81,292,5.426
0,82,292,0.0
0,83,292,3.075
0,84,292,2.255
0,85,292,0.0
0,86,292,0.0
0,87,292,0.0
0,88,292,8.367
0,89,292,0.0
1,90,292,0.0
1,91,292,0.141
1,92,292,0.352
1,93,292,0.0
1,94,292,0.0
1,95,292,0.0
1,96,292,0.0
1,97,292,0.0
1,98,292,1.336
1,99,292,0.044
1,100,292,0.0
1,101,292,0.0
1,102,292,0.0
1,103,292,0.0
1,104,292,0.0
1,105,292,0.281
1,106,292,0.0
1,107,292,0.0
1,108,292,0.0
1,109,292,1.091
1,110,292,0.0
1,111,292,0.368
1,112,292,0.107
1,113,292,0.0
1,114,292,0.0
1,115,292,0.0
1,116,292,0.0
1,117,292,0.0
1,118,292,0.485
1,119,292,0.0
1,120,292,0.0
1,121,292,0.215
1,122,292,0.0
1,123,292,0.0
1,124,292,0.0
1,125,292,0.0
1,126,292,0.583
1,127,292,0.0
1,128,292,0.0
1,129,292,0.0
1,130,292,1.194
1,131,292,0.069
1,132,292,0.0
1,133,292,0.0
1,134,292,0.0
1,135,292,0.0
1,136,292,0.0
1,137,292,0.0
1,138,292,0.0
1,139,292,0.0
1,140,292,0.0
1,141,292,0.0
1,142,292,0.0
1,143,292,0.0
1,144,292,0.0
1,145,292,0.318
1,146,292,0.785
1,147,292,0.248
1,148,292,0.0
1,149,292,0.052
1,150,292,0.742
1,151,292,0.0
1,152,292,0.043
1,153,292,0.0
1,154,292,0.017
1,155,292,0.0
1,156,292,0.0
1,157,292,0.0
1,158,292,0.0
1,159,292,3.036
1,160,292,0.0
1,161,292,0.0
1,162,292,0.0
1,163,292,0.0
1,164,292,1.438
1,165,292,0.0
1,166,292,0.338
1,167,292,0.0
0,2,293,0.0
0,3,293,0.0
0,4,293,0.0
0,5,293,0.0
0,6,293,0.0
0,7,293,0.0
0,8,293,0.0
0,9,293,0.0
0,10,293,0.0
0,11,293,0.0
0,12,293,0.0
0,13,293,0.0
0,14,293,0.0
0,15,293,3.039
0,16,293,0.0
0,17,293,0.0
0,18,293,0.0
0,19,293,1.676
0,20,293,0.0
0,21,293,0.0
0,22,293,2.618
0,23,293,0.0
0,24,293,0.0
0,25,293,0.0
0,26,293,0.0
0,27,293,0.0
0,28,293,0.0
0,29,293,0.0
0,30,293,0.0
0,31,293,3.252
0,32,293,0.0
0,33,293,0.0
0,34,293,0.0
0,35,293,0.0
0,36,293,1.875
0,37,293,2.938
0,38,293,0.0
0,39,293,0.0
0,40,293,2.296
0,41,293,1.442
0,42,293,0.0
0,43,293,0.0
0,44,293,0.0
0,45,293,1.229
0,46,293,2.794
0,47,293,0.0
0,48,293,0.0
0,49,293,0.0
0,50,293,0.447
0,51,293,0.0
0,52,293,0.0
0,53,293,0.0
0,54,293,0.0
0,55,293,1.993
0,56,293,0.0
0,57,293,0.0
0,58,293,0.055
0,59,293,0.0
0,60,293,3.384
0,61,293,0.0
0,62,293,2.797
0,63,293,0.0
0,64,293,0.0
0,65,293,0.0
0,66,293,0.0
0,67,293,0.0
0,68,293,0.0
0,69,293,0.0
0,70,293,1.428
0,71,293,0.0
0,72,293,0.0
0,73,293,0.341
0,74,293,0.567
0,75,293,0.0
0,76,293,0.0
0,77,293,0.0
0,78,293,0.473
0,79,293,4.713
0,80,293,2.455
0,81,293,5.448
0,82,293,0.0
0,83,293,1.897
0,84,293,1.027
0,85,293,0.0
0,86,293,0.0
0,87,293,0.0
0,88,293,7.452
0,89,293,0.0
1,90,293,0.0
1,91,293,0.192
1,92,293,0.094
1,93,293,0.0
1,94,293,0.0
1,95,293,0.0
1,96,293,0.0
1,97,293,0.0
1,98,293,0.536
1,99,293,0.016
1,100,293,0.0
1,101,293,0.0
1,102,293,0.0
1,103,293,0.0
1,104,293,0.0
1,105,293,0.0
1,106,293,0.0
1,107,293,0.0
1,108,293,0.108
1,109,293,0.872
1,110,293,0.0
1,111,293,0.0
1,112,293,0.088
1,113,293,0.0
1,114,293,0.0
1,115,293,0.0
1,116,293,0.022
1,117,293,0.0
1,118,293,0.104
1,119,293,0.0
1,120,293,0.0
1,121,293,0.417
1,122,293,0.0
1,123,293,0.0
1,124,293,0.0
1,125,293,0.0
1,126,293,0.01
1,127,293,0.0
1,128,293,0.0
1,129,293,0.0
1,130,293,0.204
1,131,293,0.119
1,132,293,0.0
1,133,293,0.0
1,134,293,0.0
1,135,293,0.554
1,136,293,0.0
1,137,293,0.0
1,138,293,0.0
1,139,293,2.194
1,140,293,0.0
1,141,293,0.0
1,142,293,0.0
1,143,293,0.0
1,144,293,0.0
1,145,293,0.0
1,146,293,0.19
1,147,293,0.267
1,148,293,0.0
1,149,293,0.198
1,150,293,0.0
1,151,293,0.05
1,152,293,0.043
1,153,293,0.0
1,154,293,2.17
1,155,293,0.0
1,156,293,0.0
1,157,293,0.0
1,158,293,0.0
1,159,293,3.21
1,160,293,0.037
1,161,293,0.0
1,162,293,0.0
1,163,293,0.0
1,164,293,1.707
1,165,293,0.0
1,166,293,0.475
1,167,293,0.0
0,2,294,0.0
0,3,294,0.0
0,4,294,0.0
0,5,294,0.0
0,6,294,2.231
0,7,294,0.0
0,8,294,0.0
0,9,294,0.0
0,10,294,0.0
0,11,294,0.0
0,12,294,0.0
0,13,294,0.0
0,14,294,0.0
0,15,294,5.731
0,16,294,4.138
0,17,294,0.0
0,18,294,0.0
0,19,294,1.478
0,20,294,1.68
0,21,294,0.0
0,22,294,1.049
0,23,294,0.0
0,24,294,0.0
0,25,294,0.0
0,26,294,0.0
0,27,294,0.0
0,28,294,0.0
0,29,294,0.0
0,30,294,0.0
0,31,294,3.655
0,32,294,0.0
0,33,294,0.0
0,34,294,0.0
0,35,294,0.0
0,36,294,3.225
0,37,294,1.11
0,38,294,0.63
0,39,294,0.0
0,40,294,4.096
0,41,294,4.746
0,42,294,0.084
0,43,294,0.0
0,44,294,0.0
0,45,294,0.0
0,46,294,3.107
0,47,294,0.0
0,48,294,0.0
0,49,294,0.674
0,50,294,0.0
0,51,294,1.49
0,52,294,2.21
0,53,294,1.286
0,54,294,0.0
0,55,294,2.126
0,56,294,1.073
0,57,294,0.0
0,58,294,1.994
0,59,294,2.288
0,60,294,3.047
0,61,294,0.0
0,62,294,3.386
0,63,294,0.0
0,64,294,0.0
0,65,294,0.0
0,66,294,0.0
0,67,294,0.007
0,68,294,0.0
0,69,294,0.0
0,70,294,3.864
0,71,294,0.0
0,72,294,0.0
0,73,294,0.423
0,74,294,0.346
0,75,294,0.0
0,76,294,0.163
0,77,294,0.0
0,78,294,1.757
0,79,294,5.566
0,80,294,3.301
0,81,294,4.212
0,82,294,0.0
0,83,294,1.754
0,84,294,1.635
0,85,294,0.0
0,86,294,1.167
0,87,294,0.0
0,88,294,8.933
0,89,294,0.0
1,90,294,0.0
1,91,294,0.0
1,92,294,0.0
1,93,294,0.0
1,94,294,0.0
1,95,294,0.0
1,96,294,0.0
1,97,294,0.0
1,98,294,1.422
1,99,294,0.084
1,100,294,0.0
1,101,294,0.0
1,102,294,0.0
1,103,294,0.0
1,104,294,0.0
1,105,294,0.0
1,106,294,0.0
1,107,294,0.0
1,108,294,0.0
1,109,294,0.536
1,110,294,0.0
1,111,294,0.56
1,112,294,0.0
1,113,294,0.019
1,114,294,0.0
1,115,294,0.0
1,116,294,0.0
1,117,294,0.0
1,118,294,0.376
1,119,294,0.0
1,120,294,0.0
1,121,294,0.0
1,122,294,0.0
1,123,294,0.0
1,124,294,0.0
1,125,294,0.0
1,126,294,2.401
1,127,294,0.041
1,128,294,0.0
1,129,294,0.0
1,130,294,0.984
1,131,294,0.0
1,132,294,0.0
1,133,294,0.0
1,134,294,0.0
1,135,294,0.0
1,136,294,0.0
1,137,294,0.517
1,138,294,0.0
1,139,294,3.651
1,140,294,0.0
1,141,294,0.0
1,142,294,0.0
1,143,294,0.0
1,144,294,0.0
1,145,294,0.062
1,146,294,1.564
1,147,294,0.25
1,148,294,0.0
1,149,294,0.581
1,150,294,1.104
1,151,294,0.0
1,152,294,0.0
1,153,294,0.0
1,154,294,2.366
1,155,294,0.0
1,156,294,0.0
1,157,294,0.0
1,158,294,0.0
1,159,294,2.773
1,160,294,0.0
1,161,294,0.0
1,162,294,0.0
1,163,294,0.0
1,164,294,1.137
1,165,294,0.0
1,166,294,0.0
1,167,294,0.0
0,2,295,0.0
0,3,295,0.0
0,4,295,0.0
0,5,295,0.0
0,6,295,1.31
0,7,295,0.0
0,8,295,0.0
0,9,295,0.0
0,10,295,0.0
0,11,295,0.0
0,12,295,0.0
0,13,295,1.725
0,14,295,0.0
0,15,295,6.015
0,16,295,2.065
0,17,295,0.0
0,18,295,0.0
0,19,295,0.0
0,20,295,0.0
0,21,295,0.0
0,22,295,1.33
0,23,295,0.0
0,24,295,0.0
0,25,295,0.0
0,26,295,0.0
0,27,295,0.0
0,28,295,0.0
0,29,295,0.0
0,30,295,0.0
0,31,295,3.28
0,32,295,0.0
0,33,295,0.0
0,34,295,0.0
0,35,295,0.0
0,36,295,3.955
0,37,295,0.0
0,38,295,0.0
0,39,295,0.0
0,40,295,1.338
0,41,295,3.299
0,42,295,0.0
0,43,295,0.0
0,44,295,0.0
0,45,295,0.0
0,46,295,0.0
0,47,295,0.0
0,48,295,0.0
0,49,295,0.0
0,50,295,0.0
0,51,295,0.913
0,52,295,0.0
0,53,295,2.019
0,54,295,0.0
0,55,295,0.821
0,56,295,0.0
0,57,295,0.0
0,58,295,0.0
0,59,295,2.183
0,60,295,0.0
0,61,295,0.0
0,62,295,3.31
0,63,295,0.0
0,64,295,0.0
0,65,295,0.0
0,66,295,0.0
0,67,295,0.0
0,68,295,0.0
0,69,295,0.0
0,70,295,0.0
0,71,295,0.0
0,72,295,0.0
0,73,295,0.0
0,74,295,0.0
0,75,295,0.0
0,76,295,0.0
0,77,295,0.0
0,78,295,0.0
0,79,295,4.205
0,80,295,1.125
0,81,295,0.105
0,82,295,0.0
0,83,295,5.437
0,84,295,0.0
0,85,295,0.0
0,86,295,0.575
0,87,295,0.0
0,88,295,7.841
0,89,295,0.0
1,90,295,0.0
1,91,295,0.0
1,92,295,0.0
1,93,295,0.0
1,94,295,0.0
1,95,295,0.0
1,96,295,0.0
1,97,295,0.0
1,98,295,1.809
1,99,295,0.0
1,100,295,0.0
1,101,295,0.509
1,102,295,0.0
1,103,295,0.0
1,104,295,0.0
1,105,295,0.067
1,106,295,0.0
1,107,295,0.0
1,108,295,0.0
1,109,295,0.0
1,110,295,0.0
1,111,295,0.46
1,112,295,0.0
1,113,295,0.0
1,114,295,0.0
1,115,295,0.0
1,116,295,0.0
1,117,295,0.0
1,118,295,0.804
1,119,295,0.0
1,120,295,0.0
1,121,295,0.0
1,122,295,0.0
1,123,295,0.0
1,124,295,0.0
1,125,295,0.0
1,126,295,0.69
1,127,295,0.309
1,128,295,0.0
1,129,295,0.0
1,130,295,0.0
1,131,295,0.005
1,132,295,0.0
1,133,295,0.0
1,134,295,0.0
1,135,295,0.0
1,136,295,0.0
1,137,295,0.654
1,138,295,0.0
1,139,295,1.76
1,140,295,0.0
1,141,295,0.0
1,142,295,0.0
1,143,295,0.0
1,144,295,0.0
1,145,295,0.054
1,146,295,1.449
1,147,295,0.295
1,148,295,0.0
1,149,295,0.006
1,150,295,1.178
1,151,295,0.0
1,152,295,0.035
1,153,295,0.0
1,154,295,1.189
1,155,295,0.0
1,156,295,0.0
1,157,295,0.0
1,158,295,0.0
1,159,295,1.048
1,160,295,0.0
1,161,295,0.0
1,162,295,0.0
1,163,295,0.0
1,164,295,0.89
1,165,295,0.0
1,166,295,0.448
1,167,295,0.0
0,2,296,0.0
0,3,296,0.0
0,4,296,0.0
0,5,296,0.0
0,6,296,2.036
0,7,296,0.0
0,8,296,0.0
0,9,296,0.0
0,10,296,0.0
0,11,296,0.0
0,12,296,0.0
0,13,296,0.0
0,14,296,0.0
0,15,296,4.867
0,16,296,4.916
0,17,296,0.0
0,18,296,0.0
0,19,296,1.249
0,20,296,0.0
0,21,296,0.0
0,22,296,2.622
0,23,296,0.0
0,24,296,0.0
0,25,296,0.0
0,26,296,0.0
0,27,296,0.0
0,28,296,0.0
0,29,296,0.0
0,30,296,0.0
0,31,296,0.668
0,32,296,0.0
0,33,296,0.0
0,34,296,0.0
0,35,296,0.0
0,36,296,3.078
0,37,296,1.909
0,38,296,0.0
0,39,296,0.0
0,40,296,3.497
0,41,296,4.143
0,42,296,1.443
0,43,296,0.0
0,44,296,0.0
0,45,296,0.0
0,46,296,0.0
0,47,296,0.0
0,48,296,0.0
0,49,296,0.0
0,50,296,0.0
0,51,296,0.0
0,52,296,0.0
0,53,296,0.0
0,54,296,0.0
0,55,296,2.303
0,56,296,0.0
0,57,296,0.0
0,58,296,0.0
0,59,296,2.251
0,60,296,3.531
0,61,296,0.0
0,62,296,3.756
0,63,296,0.0
0,64,296,0.0
0,65,296,0.0
0,66,296,0.0
0,67,296,0.0
0,68,296,0.0
0,69,296,0.0
0,70,296,1.739
0,71,296,0.0
0,72,296,0.0
0,73,296,0.869
0,74,296,0.0
0,75,296,1.176
0,76,296,1.554
0,77,296,0.0
0,78,296,0.112
0,79,296,5.384
0,80,296,3.088
0,81,296,3.394
0,82,296,0.0
0,83,296,3.879
0,84,296,1.206
0,85,296,0.0
0,86,296,0.0
0,87,296,0.0
0,88,296,7.682
0,89,296,0.0
1,90,296,0.0
1,91,296,0.0
1,92,296,0.0
1,93,296,0.0
1,94,296,0.0
1,95,296,0.0
1,96,296,0.0
1,97,296,0.0
1,98,296,0.622
1,99,296,0.0
1,100,296,0.0
1,101,296,0.0
1,102,296,0.0
1,103,296,0.0
1,104,296,0.0
1,105,296,0.0
1,106,296,0.0
1,107,296,0.0
1,108,296,0.0
1,109,296,0.0
1,110,296,0.0
1,111,296,0.0
1,112,296,0.0
1,113,296,0.0
1,114,296,0.0
1,115,296,0.0
1,116,296,0.0
1,117,296,0.0
1,118,296,0.0
1,119,296,0.0
1,120,296,0.0
1,121,296,0.0
1,122,296,0.0
1,123,296,0.0
1,124,296,0.0
1,125,296,0.0
1,126,296,0.252
1,127,296,0.0
1,128,296,0.0
1,129,296,0.0
1,130,296,0.0
1,131,296,0.0
1,132,296,0.0
1,133,296,0.0
1,134,296,0.0
1,135,296,0.0
1,136,296,0.0
1,137,296,0.628
1,138,296,0.0
1,139,296,2.767
1,140,296,0.0
1,141,296,0.0
1,142,296,0.0
1,143,296,0.0
1,144,296,0.0
1,145,296,0.0
1,146,296,0.0
1,147,296,0.0
1,148,296,0.0
1,149,296,0.0
1,150,296,1.209
1,151,296,0.0
1,152,296,0.0
1,153,296,0.0
1,154,296,1.883
1,155,296,0.0
1,156,296,0.0
1,157,296,0.0
1,158,296,0.0
1,159,296,1.348
1,160,296,0.0
1,161,296,0.0
1,162,296,0.0
1,163,296,0.0
1,164,296,1.788
1,165,296,0.0
1,166,296,0.0
1,167,296,0.0
0,2,297,0.0
0,3,297,0.0
0,4,297,0.0
0,5,297,0.0
0,6,297,1.321
0,7,297,0.0
0,8,297,0.0
0,9,297,0.0
0,10,297,0.0
0,11,297,0.0
0,12,297,0.0
0,13,297,1.693
0,14,297,0.0
0,15,297,4.618
0,16,297,2.735
0,17,297,0.0
0,18,297,0.0
0,19,297,0.0
0,20,297,0.0
0,21,297,0.0
0,22,297,4.044
0,23,297,0.0
0,24,297,0.0
0,25,297,0.0
0,26,297,0.0
0,27,297,0.294
0,28,297,0.0
0,29,297,0.0
0,30,297,0.0
0,31,297,0.988
0,32,297,0.0
0,33,297,0.0
0,34,297,0.0
0,35,297,2.33
0,36,297,4.47
0,37,297,0.0
0,38,297,0.0
0,39,297,0.0
0,40,297,3.592
0,41,297,4.469
0,42,297,0.583
0,43,297,0.0
0,44,297,0.0
0,45,297,0.0
0,46,297,3.205
0,47,297,0.0
0,48,297,0.0
0,49,297,0.702
0,50,297,0.0
0,51,297,0.0
0,52,297,0.0
0,53,297,0.0
0,54,297,0.0
0,55,297,0.992
0,56,297,0.0
0,57,297,0.0
0,58,297,0.0
0,59,297,0.542
0,60,297,3.662
0,61,297,0.0
0,62,297,3.045
0,63,297,0.0
0,64,297,0.0
0,65,297,0.0
0,66,297,0.0
0,67,297,0.467
0,68,297,0.0
0,69,297,0.0
0,70,297,2.492
0,71,297,0.0
0,72,297,0.0
0,73,297,1.078
0,74,297,0.541
0,75,297,0.0
0,76,297,0.0
0,77,297,0.0
0,78,297,1.115
0,79,297,5.342
0,80,297,0.649
0,81,297,3.744
0,82,297,0.0
0,83,297,2.921
0,84,297,2.464
0,85,297,0.0
0,86,297,0.0
0,87,297,0.0
0,88,297,7.754
0,89,297,0.0
1,90,297,0.0
1,91,297,0.012
1,92,297,0.093
1,93,297,0.0
1,94,297,0.0
1,95,297,0.0
1,96,297,0.057
1,97,297,0.0
1,98,297,0.949
1,99,297,0.0
1,100,297,0.0
1,101,297,0.0
1,102,297,0.0
1,103,297,0.0
1,104,297,0.112
1,105,297,0.0
1,106,297,0.0
1,107,297,0.0
1,108,297,0.0
1,109,297,0.447
1,110,297,0.0
1,111,297,0.0
1,112,297,0.2
1,113,297,0.075
1,114,297,0.0
1,115,297,0.0
1,116,297,0.0
1,117,297,0.0
1,118,297,0.273
1,119,297,0.0
1,120,297,0.0
1,121,297,0.0
1,122,297,0.0
1,123,297,0.0
1,124,297,0.064
1,125,297,0.0
1,126,297,0.09
1,127,297,0.065
1,128,297,0.0
1,129,297,0.243
1,130,297,0.166
1,131,297,0.526
1,132,297,0.153
1,133,297,0.0
1,134,297,0.0
1,135,297,0.0
1,136,297,0.0
1,137,297,0.0
1,138,297,0.0
1,139,297,1.727
1,140,297,0.0
1,141,297,0.0
1,142,297,0.0
1,143,297,0.0
1,144,297,0.0
1,145,297,0.506
1,146,297,0.473
1,147,297,0.591
1,148,297,0.0
1,149,297,0.325
1,150,297,0.232
1,151,297,0.0
1,152,297,1.142
1,153,297,0.0
1,154,297,2.143
1,155,297,0.0
1,156,297,0.0
1,157,297,0.0
1,158,297,0.0
1,159,297,1.972
1,160,297,0.002
1,161,297,0.0
1,162,297,0.0
1,163,297,0.0
1,164,297,1.902
1,165,297,0.0
1,166,297,0.185
1,167,297,0.0
0,2,298,0.0
0,3,298,0.0
0,4,298,0.687
0,5,298,0.0
0,6,298,0.0
0,7,298,0.0
0,8,298,0.0
0,9,298,0.0
0,10,298,0.0
0,11,298,0.0
0,12,298,0.0
0,13,298,1.771
0,14,298,0.0
0,15,298,4.971
0,16,298,4.273
0,17,298,0.0
0,18,298,0.0
0,19,298,0.0
0,20,298,1.792
0,21,298,0.0
0,22,298,2.568
0,23,298,0.0
0,24,298,0.0
0,25,298,1.378
0,26,298,0.0
0,27,298,0.0
0,28,298,0.0
0,29,298,0.0
0,30,298,0.0
0,31,298,3.0
0,32,298,0.0
0,33,298,0.0
0,34,298,0.0
0,35,298,0.0
0,36,298,0.0
0,37,298,1.41
0,38,298,0.0
0,39,298,0.0
0,40,298,4.217
0,41,298,4.519
0,42,298,1.516
0,43,298,0.0
0,44,298,0.0
0,45,298,1.12
0,46,298,3.019
0,47,298,0.0
0,48,298,0.0
0,49,298,0.0
0,50,298,0.0
0,51,298,1.805
0,52,298,0.0
0,53,298,2.649
0,54,298,0.551
0,55,298,1.983
0,56,298,0.0
0,57,298,0.0
0,58,298,1.263
0,59,298,2.82
0,60,298,3.186
0,61,298,0.0
0,62,298,2.85
0,63,298,0.0
0,64,298,0.0
0,65,298,0.0
0,66,298,0.0
0,67,298,1.103
0,68,298,0.0
0,69,298,0.0
0,70,298,0.547
0,71,298,0.0
0,72,298,0.0
0,73,298,0.0
0,74,298,0.0
0,75,298,1.296
0,76,298,0.0
0,77,298,0.0
0,78,298,0.75
0,79,298,4.82
0,80,298,1.807
0,81,298,6.467
0,82,298,0.0
0,83,298,4.145
0,84,298,2.439
0,85,298,0.0
0,86,298,0.0
0,87,298,0.0
0,88,298,8.032
0,89,298,0.0
1,90,298,0.0
1,91,298,0.215
1,92,298,0.256
1,93,298,0.0
1,94,298,0.0
1,95,298,0.0
1,96,298,0.0
1,97,298,0.0
1,98,298,1.379
1,99,298,0.083
1,100,298,0.0
1,101,298,0.055
1,102,298,0.0
1,103,298,0.0
1,104,298,0.0
1,105,298,0.0
1,106,298,0.0
1,107,298,0.069
1,108,298,0.0
1,109,298,2.915
1,110,298,0.0
1,111,298,0.0
1,112,298,0.0
1,113,298,0.0
1,114,298,0.0
1,115,298,0.0
1,116,298,0.0
1,117,298,0.0
1,118,298,0.074
1,119,298,0.0
1,120,298,0.0
1,121,298,0.0
1,122,298,0.0
1,123,298,0.0
1,124,298,0.0
1,125,298,0.0
1,126,298,0.14
1,127,298,0.0
1,128,298,0.0
1,129,298,0.0
1,130,298,1.234
1,131,298,0.0
1,132,298,0.0
1,133,298,0.0
1,134,298,0.0
1,135,298,0.0
1,136,298,0.0
1,137,298,0.211
1,138,298,0.0
1,139,298,0.0
1,140,298,0.0
1,141,298,0.0
1,142,298,0.0
1,143,298,0.0
1,144,298,0.0
1,145,298,0.025
1,146,298,1.258
1,147,298,0.0
1,148,298,0.0
1,149,298,0.045
1,150,298,1.697
1,151,298,0.0
1,152,298,0.0
1,153,298,0.0
1,154,298,0.0
1,155,298,0.0
1,156,298,0.0
1,157,298,0.0
1,158,298,0.0
1,159,298,2.432
1,160,298,0.0
1,161,298,0.0
1,162,298,0.0
1,163,298,0.0
1,164,298,1.069
1,165,298,0.0
1,166,298,0.549
1,167,298,0.0
0,2,299,0.0
0,3,299,0.0
0,4,299,1.69
0,5,299,0.0
0,6,299,3.232
0,7,299,0.0
0,8,299,0.0
0,9,299,2.053
0,10,299,0.0
0,11,299,0.0
0,12,299,0.0
0,13,299,0.201
0,14,299,0.0
0,15,299,8.215
0,16,299,5.804
0,17,299,0.0
0,18,299,0.0
0,19,299,0.975
0,20,299,0.0
0,21,299,0.0
0,22,299,2.747
0,23,299,0.0
0,24,299,0.0
0,25,299,1.491
0,26,299,0.0
0,27,299,0.0
0,28,299,0.0
0,29,299,0.0
0,30,299,2.527
0,31,299,0.182
0,32,299,0.0
0,33,299,0.0
0,34,299,0.0
0,35,299,0.0
0,36,299,3.513
0,37,299,1.225
0,38,299,0.0
0,39,299,0.0
0,40,299,0.0
0,41,299,4.362
0,42,299,0.0
0,43,299,0.0
0,44,299,0.0
0,45,299,0.012
0,46,299,1.461
0,47,299,0.0
0,48,299,0.236
0,49,299,0.871
0,50,299,0.0
0,51,299,2.041
0,52,299,0.0
0,53,299,0.0
0,54,299,0.0
0,55,299,0.0
0,56,299,2.013
0,57,299,0.0
0,58,299,0.0
0,59,299,0.0
0,60,299,3.393
0,61,299,0.0
0,62,299,2.17
0,63,299,0.0
0,64,299,0.0
0,65,299,0.0
0,66,299,0.0
0,67,299,1.05
0,68,299,0.0
0,69,299,0.0
0,70,299,0.712
0,71,299,0.0
0,72,299,0.0
0,73,299,1.643
0,74,299,0.487
0,75,299,0.0
0,76,299,0.0
0,77,299,1.279
0,78,299,0.0
0,79,299,5.804
0,80,299,3.394
0,81,299,5.236
0,82,299,0.0
0,83,299,3.645
0,84,299,2.121
0,85,299,0.0
0,86,299,0.0
0,87,299,0.0
0,88,299,8.907
0,89,299,0.0
1,90,299,0.162
1,91,299,0.143
1,92,299,0.062
1,93,299,0.0
1,94,299,0.0
1,95,299,0.0
1,96,299,0.0
1,97,299,0.0
1,98,299,2.273
1,99,299,0.0
1,100,299,0.109
1,101,299,0.362
1,102,299,0.0
1,103,299,0.0
1,104,299,0.0
1,105,299,0.0
1,106,299,0.0
1,107,299,0.0
1,108,299,0.032
1,109,299,0.038
1,110,299,0.0
1,111,299,0.113
1,112,299,0.0
1,113,299,0.353
1,114,299,0.14
1,115,299,0.155
1,116,299,0.0
1,117,299,0.0
1,118,299,1.197
1,119,299,0.0
1,120,299,0.0
1,121,299,0.0
1,122,299,0.0
1,123,299,0.033
1,124,299,0.0
1,125,299,0.0
1,126,299,0.052
1,127,299,0.162
1,128,299,0.106
1,129,299,0.0
1,130,299,0.0
1,131,299,0.056
1,132,299,0.555
1,133,299,0.0
1,134,299,0.0
1,135,299,0.005
1,136,299,0.0
1,137,299,1.093
1,138,299,0.0
1,139,299,4.54
1,140,299,0.0
1,141,299,0.167
1,142,299,0.0
1,143,299,0.06
1,144,299,0.0
1,145,299,0.0
1,146,299,1.464
1,147,299,0.0
1,148,299,0.0
1,149,299,0.0
1,150,299,1.479
1,151,299,0.0
1,152,299,0.0
1,153,299,0.0
1,154,299,4.135
1,155,299,0.182
1,156,299,0.0
1,157,299,0.0
1,158,299,0.0
1,159,299,1.834
1,160,299,0.0
1,161,299,1.24
1,162,299,0.0
1,163,299,0.0
1,164,299,1.942
1,165,299,0.0
1,166,299,0.515
1,167,299,0.004
0,2,300,0.0
0,3,300,0.0
0,4,300,0.0
0,5,300,0.0
0,6,300,2.574
0,7,300,0.0
0,8,300,0.0
0,9,300,0.0
0,10,300,0.0
0,11,300,0.0
0,12,300,0.0
0,13,300,0.0
0,14,300,0.0
0,15,300,6.322
0,16,300,0.0
0,17,300,0.0
0,18,300,0.0
0,19,300,0.0
0,20,300,0.0
0,21,300,0.0
0,22,300,1.143
0,23,300,0.0
0,24,300,0.0
0,25,300,0.0
0,26,300,0.134
0,27,300,0.0
0,28,300,0.0
0,29,300,0.0
0,30,300,0.531
0,31,300,4.314
0,32,300,0.0
0,33,300,0.0
0,34,300,0.0
0,35,300,0.0
0,36,300,3.596
0,37,300,0.0
0,38,300,0.0
0,39,300,0.0
0,40,300,0.0
0,41,300,0.0
0,42,300,0.0
0,43,300,0.0
0,44,300,0.0
0,45,300,0.0
0,46,300,0.0
0,47,300,0.0
0,48,300,1.354
0,49,300,0.0
0,50,300,0.0
0,51,300,0.0
0,52,300,0.0
0,53,300,0.721
0,54,300,0.737
0,55,300,0.0
0,56,300,0.0
0,57,300,0.0
0,58,300,0.0
0,59,300,1.077
0,60,300,1.919
0,61,300,0.0
0,62,300,3.186
0,63,300,0.0
0,64,300,0.0
0,65,300,0.0
0,66,300,0.0
0,67,300,1.156
0,68,300,0.0
0,69,300,0.0
0,70,300,0.0
0,71,300,0.0
0,72,300,0.0
0,73,300,0.0
0,74,300,0.0
0,75,300,0.0
0,76,300,0.0
0,77,300,0.0
0,78,300,0.0
0,79,300,5.261
0,80,300,1.213
0,81,300,2.668
0,82,300,0.0
0,83,300,3.788
0,84,300,0.0
0,85,300,0.0
0,86,300,0.0
0,87,300,0.0
0,88,300,8.177
0,89,300,0.0
1,90,300,0.257
1,91,300,0.0
1,92,300,0.0
1,93,300,0.0
1,94,300,0.0
1,95,300,0.0
1,96,300,0.0
1,97,300,0.0
1,98,300,1.593
1,99,300,0.0
1,100,300,0.0
1,101,300,0.886
1,102,300,0.0
1,103,300,0.0
1,104,300,0.0
1,105,300,2.098
1,106,300,0.0
1,107,300,0.0
1,108,300,0.0
1,109,300,0.0
1,110,300,0.0
1,111,300,0.235
1,112,300,0.0
1,113,300,0.0
1,114,300,0.0
1,115,300,0.0
1,116,300,0.0
1,117,300,0.0
1,118,300,0.578
1,119,300,0.0
1,120,300,0.0
1,121,300,0.0
1,122,300,0.0
1,123,300,0.0
1,124,300,0.0
1,125,300,0.0
1,126,300,0.195
1,127,300,0.541
1,128,300,0.134
1,129,300,0.0
1,130,300,0.147
1,131,300,0.137
1,132,300,0.25
1,133,300,0.0
1,134,300,0.0
1,135,300,0.0
1,136,300,0.054
1,137,300,0.708
1,138,300,0.0
1,139,300,2.496
1,140,300,0.0
1,141,300,0.059
1,142,300,0.0
1,143,300,0.0
1,144,300,0.0
1,145,300,0.0
1,146,300,0.293
1,147,300,0.0
1,148,300,0.0
1,149,300,0.0
1,150,300,1.463
1,151,300,0.0
1,152,300,0.0
1,153,300,0.0
1,154,300,3.011
1,155,300,0.055
1,156,300,0.0
1,157,300,0.0
1,158,300,0.0
1,159,300,0.393
1,160,300,0.0
1,161,300,1.444
1,162,300,0.0
1,163,300,0.0
1,164,300,2.054
1,165,300,0.0
1,166,300,0.292
1,167,300,0.0
0,2,301,0.0
0,3,301,0.0
0,4,301,0.0
0,5,301,0.0
0,6,301,0.0
0,7,301,0.0
0,8,301,0.0
0,9,301,0.0
0,10,301,0.0
0,11,301,0.0
0,12,301,0.0
0,13,301,2.533
0,14,301,0.0
0,15,301,5.614
0,16,301,2.208
0,17,301,0.0
0,18,301,0.0
0,19,301,1.15
0,20,301,0.0
0,21,301,0.0
0,22,301,2.577
0,23,301,0.0
0,24,301,0.0
0,25,301,0.0
0,26,301,0.0
0,27,301,0.0
0,28,301,0.0
0,29,301,0.0
0,30,301,0.0
0,31,301,0.172
0,32,301,0.0
0,33,301,0.0
0,34,301,0.0
0,35,301,0.0
0,36,301,1.716
0,37,301,2.341
0,38,301,0.0
0,39,301,0.0
0,40,301,0.0
0,41,301,1.565
0,42,301,0.0
0,43,301,0.0
0,44,301,0.0
0,45,301,0.0
0,46,301,1.993
0,47,301,0.0
0,48,301,0.0
0,49,301,0.0
0,50,301,0.0
0,51,301,0.0
0,52,301,0.0
0,53,301,0.0
0,54,301,1.367
0,55,301,0.0
0,56,301,0.0
0,57,301,0.0
0,58,301,0.0
0,59,301,1.693
0,60,301,3.361
0,61,301,0.0
0,62,301,1.82
0,63,301,0.0
0,64,301,0.0
0,65,301,0.0
0,66,301,0.0
0,67,301,0.457
0,68,301,0.0
0,69,301,0.0
0,70,301,0.0
0,71,301,0.0
0,72,301,0.0
0,73,301,0.875
0,74,301,0.305
0,75,301,0.0
0,76,301,0.0
0,77,301,0.0
0,78,301,0.0
0,79,301,5.861
0,80,301,1.904
0,81,301,5.617
0,82,301,0.0
0,83,301,2.83
0,84,301,0.0
0,85,301,0.0
0,86,301,0.0
0,87,301,0.0
0,88,301,7.537
0,89,301,0.0
1,90,301,0.249
1,91,301,0.0
1,92,301,0.0
1,93,301,0.0
1,94,301,0.0
1,95,301,0.0
1,96,301,0.0
1,97,301,0.21
1,98,301,0.363
1,99,301,0.0
1,100,301,0.0
1,101,301,0.0
1,102,301,0.0
1,103,301,0.0
1,104,301,0.0
1,105,301,0.0
1,106,301,0.0
1,107,301,0.0
1,108,301,0.0
1,109,301,1.087
1,110,301,0.0
1,111,301,0.0
1,112,301,0.0
1,113,301,0.151
1,114,301,0.348
1,115,301,0.0
1,116,301,0.0
1,117,301,0.0
1,118,301,0.0
1,119,301,0.0
1,120,301,0.0
1,121,301,0.583
1,122,301,0.0
1,123,301,0.0
1,124,301,0.0
1,125,301,0.0
1,126,301,0.0
1,127,301,0.0
1,128,301,0.013
1,129,301,0.0
1,130,301,0.628
1,131,301,0.0
1,132,301,0.413
1,133,301,0.0
1,134,301,0.0
1,135,301,0.0
1,136,301,0.22
1,137,301,0.967
1,138,301,0.0
1,139,301,2.756
1,140,301,0.0
1,141,301,0.0
1,142,301,0.0
1,143,301,0.0
1,144,301,0.0
1,145,301,0.0
1,146,301,0.112
1,147,301,0.0
1,148,301,0.0
1,149,301,0.0
1,150,301,0.248
1,151,301,0.0
1,152,301,0.0
1,153,301,0.0
1,154,301,3.293
1,155,301,0.0
1,156,301,0.0
1,157,301,0.0
1,158,301,0.0
1,159,301,1.116
1,160,301,0.0
1,161,301,0.23
1,162,301,0.0
1,163,301,0.0
1,164,301,3.375
1,165,301,0.0
1,166,301,0.539
1,167,301,0.0
0,2,302,0.0
0,3,302,0.0
0,4,302,0.0
0,5,302,0.0
0,6,302,0.0
0,7,302,0.0
0,8,302,0.0
0,9,302,0.0
0,10,302,0.0
0,11,302,1.682
0,12,302,0.0
0,13,302,0.266
0,14,302,0.0
0,15,302,4.46
0,16,302,0.0
0,17,302,0.0
0,18,302,0.105
0,19,302,0.0
0,20,302,2.071
0,21,302,0.0
0,22,302,2.547
0,23,302,0.0
0,24,302,0.0
0,25,302,0.0
0,26,302,0.0
0,27,302,0.132
0,28,302,0.0
0,29,302,0.0
0,30,302,0.0
0,31,302,3.654
0,32,302,0.0
0,33,302,0.0
0,34,302,0.0
0,35,302,0.0
0,36,302,1.67
0,37,302,2.267
0,38,302,0.0
0,39,302,0.0
0,40,302,0.0
0,41,302,2.117
0,42,302,0.0
0,43,302,0.0
0,44,302,0.0
0,45,302,0.0
0,46,302,3.584
0,47,302,0.0
0,48,302,0.0
0,49,302,0.0
0,50,302,0.0
0,51,302,0.904
0,52,302,0.0
0,53,302,1.754
0,54,302,1.392
0,55,302,0.5
0,56,302,0.0
0,57,302,0.0
0,58,302,0.0
0,59,302,0.0
0,60,302,1.537
0,61,302,0.0
0,62,302,4.571
0,63,302,0.0
0,64,302,0.0
0,65,302,0.0
0,66,302,0.0
0,67,302,0.486
0,68,302,0.0
0,69,302,0.0
0,70,302,0.0
0,71,302,0.0
0,72,302,0.0
0,73,302,0.962
0,74,302,0.0
0,75,302,0.0
0,76,302,0.0
0,77,302,0.189
0,78,302,0.0
0,79,302,5.198
0,80,302,1.42
0,81,302,4.487
0,82,302,0.0
0,83,302,1.223
0,84,302,0.261
0,85,302,0.0
0,86,302,0.0
0,87,302,0.0
0,88,302,6.535
0,89,302,0.0
1,90,302,0.0
1,91,302,0.0
1,92,302,0.0
1,93,302,0.0
1,94,302,0.0
1,95,302,0.0
1,96,302,0.0
1,97,302,0.0
1,98,302,0.484
1,99,302,0.0
1,100,302,0.0
1,101,302,0.0
1,102,302,0.0
1,103,302,0.0
1,104,302,0.0
1,105,302,0.0
1,106,302,0.0
1,107,302,0.0
1,108,302,0.0
1,109,302,0.0
1,110,302,0.0
1,111,302,0.079
1,112,302,0.0
1,113,302,0.125
1,114,302,0.0
1,115,302,0.0
1,116,302,0.0
1,117,302,0.0
1,118,302,0.56
1,119,302,0.0
1,120,302,0.0
1,121,302,0.007
1,122,302,0.0
1,123,302,0.091
1,124,302,0.0
1,125,302,0.0
1,126,302,0.0
1,127,302,0.068
1,128,302,0.0
1,129,302,0.0
1,130,302,0.174
1,131,302,0.0
1,132,302,0.066
1,133,302,0.0
1,134,302,0.0
1,135,302,0.0
1,136,302,0.0
1,137,302,0.0
1,138,302,0.0
1,139,302,2.455
1,140,302,0.082
1,141,302,0.0
1,142,302,0.0
1,143,302,0.374
1,144,302,0.0
1,145,302,0.0
1,146,302,0.0
1,147,302,0.098
1,148,302,0.0
1,149,302,0.0
1,150,302,0.0
1,151,302,0.0
1,152,302,0.0
1,153,302,0.0
1,154,302,3.527
1,155,302,0.0
1,156,302,0.0
1,157,302,0.0
1,158,302,0.0
1,159,302,0.832
1,160,302,0.0
1,161,302,0.106
1,162,302,0.0
1,163,302,0.0
1,164,302,2.524
1,165,302,0.0
1,166,302,0.285
1,167,302,0.0
0,2,303,0.0
0,3,303,0.0
0,4,303,2.196
0,5,303,0.0
0,6,303,1.915
0,7,303,0.0
0,8,303,0.0
0,9,303,0.0
0,10,303,0.0
0,11,303,0.0
0,12,303,0.0
0,13,303,0.0
0,14,303,0.0
0,15,303,5.788
0,16,303,3.628
0,17,303,0.0
0,18,303,0.0
0,19,303,0.33
0,20,303,0.0
0,21,303,0.0
0,22,303,4.276
0,23,303,0.0
0,24,303,0.0
0,25,303,0.0
0,26,303,0.0
0,27,303,0.0
0,28,303,0.0
0,29,303,0.0
0,30,303,0.0
0,31,303,2.351
0,32,303,0.0
0,33,303,0.0
0,34,303,0.0
0,35,303,0.0
0,36,303,3.469
0,37,303,0.0
0,38,303,0.0
0,39,303,0.0
0,40,303,0.0
0,41,303,1.834
0,42,303,0.0
0,43,303,0.0
0,44,303,0.0
0,45,303,0.0
0,46,303,0.0
0,47,303,0.0
0,48,303,0.0
0,49,303,0.214
0,50,303,0.0
0,51,303,0.479
0,52,303,0.0
0,53,303,0.0
0,54,303,0.0
0,55,303,1.258
0,56,303,0.0
0,57,303,1.135
0,58,303,0.0
0,59,303,1.382
0,60,303,4.419
0,61,303,0.0
0,62,303,3.619
0,63,303,0.0
0,64,303,0.0
0,65,303,0.0
0,66,303,0.0
0,67,303,2.282
0,68,303,0.0
0,69,303,0.0
0,70,303,0.973
0,71,303,0.0
0,72,303,0.0
0,73,303,0.0
0,74,303,0.0
0,75,303,0.0
0,76,303,0.0
0,77,303,0.0
0,78,303,0.0
0,79,303,6.533
0,80,303,1.711
0,81,303,5.733
0,82,303,0.0
0,83,303,3.646
0,84,303,1.951
0,85,303,0.0
0,86,303,0.0
0,87,303,0.0
0,88,303,8.582
0,89,303,0.0
1,90,303,0.0
1,91,303,0.037
1,92,303,0.0
1,93,303,0.0
1,94,303,0.0
1,95,303,0.0
1,96,303,0.0
1,97,303,0.0
1,98,303,1.089
1,99,303,0.0
1,100,303,0.0
1,101,303,0.0
1,102,303,0.0
1,103,303,0.0
1,104,303,0.0
1,105,303,0.0
1,106,303,0.0
1,107,303,0.0
1,108,303,0.0
1,109,303,0.0
1,110,303,0.0
1,111,303,0.224
1,112,303,0.0
1,113,303,0.184
1,114,303,0.0
1,115,303,0.008
1,116,303,0.0
1,117,303,0.0
1,118,303,0.975
1,119,303,0.0
1,120,303,0.0
1,121,303,0.0
1,122,303,0.0
1,123,303,0.0
1,124,303,0.0
1,125,303,0.0
1,126,303,0.0
1,127,303,0.531
1,128,303,0.0
1,129,303,0.0
1,130,303,0.482
1,131,303,0.195
1,132,303,0.231
1,133,303,0.0
1,134,303,0.0
1,135,303,0.0
1,136,303,0.176
1,137,303,0.229
1,138,303,0.0
1,139,303,3.135
1,140,303,0.0
1,141,303,0.0
1,142,303,0.0
1,143,303,0.137
1,144,303,0.0
1,145,303,0.0
1,146,303,0.0
1,147,303,0.0
1,148,303,0.0
1,149,303,0.113
1,150,303,0.819
1,151,303,0.0
1,152,303,0.2
1,153,303,0.0
1,154,303,3.838
1,155,303,0.086
1,156,303,0.0
1,157,303,0.0
1,158,303,0.0
1,159,303,0.738
1,160,303,0.0
1,161,303,1.574
1,162,303,0.0
1,163,303,0.0
1,164,303,3.147
1,165,303,0.0
1,166,303,0.726
1,167,303,0.408
0,2,304,0.0
0,3,304,0.0
0,4,304,0.0
0,5,304,0.0
0,6,304,0.0
0,7,304,0.0
0,8,304,0.0
0,9,304,0.0
0,10,304,0.0
0,11,304,0.0
0,12,304,0.0
0,13,304,0.0
0,14,304,0.0
0,15,304,0.0
0,16,304,0.0
0,17,304,0.0
0,18,304,0.0
0,19,304,0.0
0,20,304,0.0
0,21,304,0.0
0,22,304,0.0
0,23,304,0.0
0,24,304,0.0
0,25,304,0.0
0,26,304,0.0
0,27,304,0.0
0,28,304,0.0
0,29,304,0.0
0,30,304,0.0
0,31,304,0.0
0,32,304,0.0
0,33,304,0.0
0,34,304,0.0
0,35,304,0.0
0,36,304,0.0
0,37,304,0.0
0,38,304,0.0
0,39,304,0.0
0,40,304,0.0
0,41,304,0.0
0,42,304,0.0
0,43,304,0.0
0,44,304,0.0
0,45,304,0.0
0,46,304,0.0
0,47,304,0.0
0,48,304,0.0
0,49,304,0.0
0,50,304,0.0
0,51,304,0.0
0,52,304,0.0
0,53,304,0.0
0,54,304,0.0
0,55,304,0.0
0,56,304,0.0
0,57,304,0.0
0,58,304,0.0
0,59,304,0.0
0,60,304,0.0
0,61,304,0.0
0,62,304,0.0
0,63,304,0.0
0,64,304,0.0
0,65,304,0.0
0,66,304,0.0
0,67,304,0.0
0,68,304,0.0
0,69,304,0.0
0,70,304,0.0
0,71,304,0.0
0,72,304,0.0
0,73,304,0.0
0,74,304,0.0
0,75,304,0.0
0,76,304,0.0
0,77,304,0.0
0,78,304,0.0
0,79,304,0.0
0,80,304,0.0
0,81,304,1.239
0,82,304,0.0
0,83,304,0.0
0,84,304,0.0
0,85,304,0.0
0,86,304,0.0
0,87,304,0.0
0,88,304,0.0
0,89,304,0.0
1,90,304,0.019
1,91,304,0.0
1,92,304,0.0
1,93,304,0.0
1,94,304,0.01
1,95,304,0.0
1,96,304,0.0
1,97,304,0.195
1,98,304,0.0
1,99,304,0.0
1,100,304,0.0
1,101,304,0.0
1,102,304,0.0
1,103,304,0.0
1,104,304,0.0
1,105,304,0.0
1,106,304,0.0
1,107,304,0.0
1,108,304,0.0
1,109,304,0.0
1,110,304,0.0
1,111,304,0.0
1,112,304,0.0
1,113,304,0.061
1,114,304,0.0
1,115,304,0.0
1,116,304,0.0
1,117,304,0.0
1,118,304,0.0
1,119,304,0.0
1,120,304,0.0
1,121,304,0.312
1,122,304,0.0
1,123,304,0.018
1,124,304,0.0
1,125,304,0.0
1,126,304,0.0
1,127,304,0.0
1,128,304,0.0
1,129,304,0.0
1,130,304,0.0
1,131,304,0.0
1,132,304,0.0
1,133,304,0.0
1,134,304,0.0
1,135,304,0.0
1,136,304,0.131
1,137,304,0.0
1,138,304,0.0
1,139,304,0.0
1,140,304,0.0
1,141,304,0.0
1,142,304,0.0
1,143,304,0.0
1,144,304,0.0
1,145,304,0.0
1,146,304,0.0
1,147,304,0.0
1,148,304,0.0
1,149,304,0.0
1,150,304,0.0
1,151,304,0.0
1,152,304,0.0
1,153,304,0.0
1,154,304,0.0
1,155,304,0.0
1,156,304,0.0
1,157,304,0.0
1,158,304,0.0
1,159,304,0.0
1,160,304,0.0
1,161,304,0.0
1,162,304,0.0
1,163,304,0.0
1,164,304,0.0
1,165,304,0.0
1,166,304,0.0
1,167,304,0.0
0,2,305,0.0
0,3,305,0.0
0,4,305,0.0
0,5,305,0.0
0,6,305,1.124
0,7,305,0.0
0,8,305,0.0
0,9,305,0.0
0,10,305,0.0
0,11,305,0.0
0,12,305,0.0
0,13,305,0.0
0,14,305,0.0
0,15,305,4.197
0,16,305,0.839
0,17,305,0.0
0,18,305,0.0
0,19,305,0.0
0,20,305,0.0
0,21,305,0.0
0,22,305,2.489
0,23,305,0.017
0,24,305,0.0
0,25,305,0.0
0,26,305,0.0
0,27,305,0.0
0,28,305,0.0
0,29,305,0.0
0,30,305,0.0
0,31,305,0.3
0,32,305,0.0
0,33,305,1.207
0,34,305,0.0
0,35,305,0.0
0,36,305,1.118
0,37,305,0.0
0,38,305,0.0
0,39,305,0.0
0,40,305,0.0
0,41,305,2.406
0,42,305,0.0
0,43,305,0.0
0,44,305,0.0
0,45,305,1.713
0,46,305,0.633
0,47,305,0.0
0,48,305,0.0
0,49,305,0.0
0,50,305,0.0
0,51,305,0.0
0,52,305,0.0
0,53,305,0.0
0,54,305,0.678
0,55,305,0.0
0,56,305,0.0
0,57,305,0.0
0,58,305,0.0
0,59,305,0.537
0,60,305,3.378
0,61,305,0.0
0,62,305,3.286
0,63,305,0.0
0,64,305,0.0
0,65,305,0.0
0,66,305,0.0
0,67,305,1.76
0,68,305,0.0
0,69,305,0.0
0,70,305,0.0
0,71,305,0.0
0,72,305,0.0
0,73,305,0.52
0,74,305,0.0
0,75,305,0.0
0,76,305,0.0
0,77,305,0.0
0,78,305,0.0
0,79,305,4.885
0,80,305,2.862
0,81,305,5.415
0,82,305,0.0
0,83,305,2.407
0,84,305,0.0
0,85,305,0.0
0,86,305,0.0
0,87,305,0.0
0,88,305,7.644
0,89,305,0.0
1,90,305,0.134
1,91,305,0.0
1,92,305,0.0
1,93,305,0.0
1,94,305,0.0
1,95,305,0.0
1,96,305,0.0
1,97,305,0.0
1,98,305,0.0
1,99,305,0.0
1,100,305,0.0
1,101,305,0.0
1,102,305,0.0
1,103,305,0.0
1,104,305,0.0
1,105,305,0.0
1,106,305,0.0
1,107,305,0.0
1,108,305,0.0
1,109,305,0.0
1,110,305,0.0
1,111,305,0.0
1,112,305,0.0
1,113,305,0.188
1,114,305,0.035
1,115,305,0.1
1,116,305,0.0
1,117,305,0.0
1,118,305,0.122
1,119,305,0.0
1,120,305,0.0
1,121,305,1.263
1,122,305,0.0
1,123,305,0.073
1,124,305,0.0
1,125,305,0.0
1,126,305,0.0
1,127,305,0.107
1,128,305,0.0
1,129,305,0.0
1,130,305,0.0
1,131,305,0.0
1,132,305,0.083
1,133,305,0.0
1,134,305,0.0
1,135,305,0.0
1,136,305,0.396
1,137,305,0.0
1,138,305,0.0
1,139,305,2.752
1,140,305,0.0
1,141,305,0.0
1,142,305,0.0
1,143,305,0.0
1,144,305,0.0
1,145,305,0.0
1,146,305,0.0
1,147,305,0.0
1,148,305,0.0
1,149,305,0.0
1,150,305,0.0
1,151,305,0.0
1,152,305,0.0
1,153,305,0.0
1,154,305,2.886
1,155,305,0.0
1,156,305,0.0
1,157,305,0.0
1,158,305,0.0
1,159,305,2.138
1,160,305,0.0
1,161,305,0.004
1,162,305,0.0
1,163,305,0.0
1,164,305,2.319
1,165,305,0.0
1,166,305,0.712
1,167,305,0.124
0,2,306,0.0
0,3,306,0.0
0,4,306,0.0
0,5,306,0.0
0,6,306,2.737
0,7,306,0.0
0,8,306,0.0
0,9,306,0.0
0,10,306,0.0
0,11,306,0.0
0,12,306,0.0
0,13,306,2.426
0,14,306,0.0
0,15,306,7.966
0,16,306,0.0
0,17,306,1.279
0,18,306,0.0
0,19,306,0.0
0,20,306,0.0
0,21,306,0.0
0,22,306,2.485
0,23,306,0.0
0,24,306,0.0
0,25,306,0.0
0,26,306,0.0
0,27,306,0.0
0,28,306,0.0
0,29,306,0.0
0,30,306,0.0
0,31,306,4.765
0,32,306,0.0
0,33,306,0.0
0,34,306,0.0
0,35,306,2.641
0,36,306,4.585
0,37,306,0.0
0,38,306,0.0
0,39,306,0.0
0,40,306,0.0
0,41,306,0.0
0,42,306,0.0
0,43,306,0.0
0,44,306,0.0
0,45,306,0.0
0,46,306,0.0
0,47,306,0.0
0,48,306,0.694
0,49,306,0.0
0,50,306,0.0
0,51,306,1.899
0,52,306,0.0
0,53,306,3.993
0,54,306,1.69
0,55,306,1.366
0,56,306,0.957
0,57,306,0.0
0,58,306,0.103
0,59,306,2.945
0,60,306,0.109
0,61,306,0.0
0,62,306,3.575
0,63,306,0.0
0,64,306,0.0
0,65,306,0.0
0,66,306,0.0
0,67,306,0.0
0,68,306,0.0
0,69,306,0.0
0,70,306,1.872
0,71,306,0.0
0,72,306,0.0
0,73,306,1.014
0,74,306,1.25
0,75,306,0.0
0,76,306,0.0
0,77,306,0.0
0,78,306,0.0
0,79,306,5.786
0,80,306,1.935
0,81,306,5.591
0,82,306,0.0
0,83,306,2.421
0,84,306,0.0
0,85,306,0.0
0,86,306,0.0
0,87,306,0.0
0,88,306,8.195
0,89,306,0.0
1,90,306,0.35
1,91,306,0.0
1,92,306,0.297
1,93,306,0.0
1,94,306,0.0
1,95,306,0.0
1,96,306,0.0
1,97,306,0.0
1,98,306,2.03
1,99,306,0.0
1,100,306,0.015
1,101,306,0.734
1,102,306,0.0
1,103,306,0.0
1,104,306,0.0
1,105,306,2.459
1,106,306,0.0
1,107,306,0.035
1,108,306,0.0
1,109,306,0.535
1,110,306,0.0
1,111,306,0.444
1,112,306,0.0
1,113,306,0.233
1,114,306,0.28
1,115,306,0.191
1,116,306,0.0
1,117,306,0.0
1,118,306,0.724
1,119,306,0.0
1,120,306,0.0
1,121,306,0.707
1,122,306,0.0
1,123,306,0.0
1,124,306,0.0
1,125,306,0.0
1,126,306,0.03
1,127,306,0.798
1,128,306,0.0
1,129,306,0.0
1,130,306,0.228
1,131,306,0.136
1,132,306,0.635
1,133,306,0.0
1,134,306,0.0
1,135,306,0.242
1,136,306,0.419
1,137,306,1.125
1,138,306,0.0
1,139,306,2.766
1,140,306,0.199
1,141,306,0.0
1,142,306,0.0
1,143,306,0.0
1,144,306,0.167
1,145,306,0.0
1,146,306,0.382
1,147,306,0.122
1,148,306,0.0
1,149,306,0.0
1,150,306,1.2
1,151,306,0.0
1,152,306,0.0
1,153,306,0.0
1,154,306,3.707
1,155,306,0.0
1,156,306,0.0
1,157,306,0.0
1,158,306,0.0
1,159,306,0.869
1,160,306,0.0
1,161,306,1.208
1,162,306,0.0
1,163,306,0.0
1,164,306,2.768
1,165,306,0.0
1,166,306,0.605
1,167,306,0.0
0,2,307,0.0
0,3,307,0.891
0,4,307,0.0
0,5,307,0.0
0,6,307,0.277
0,7,307,0.0
0,8,307,0.0
0,9,307,0.0
0,10,307,0.0
0,11,307,0.0
0,12,307,0.0
0,13,307,1.372
0,14,307,0.0
0,15,307,4.502
0,16,307,0.0
0,17,307,0.0
0,18,307,0.0
0,19,307,0.0
0,20,307,0.0
0,21,307,0.0
0,22,307,2.433
0,23,307,0.0
0,24,307,0.0
0,25,307,0.0
0,26,307,0.0
0,27,307,0.0
0,28,307,0.0
0,29,307,0.0
0,30,307,0.0
0,31,307,1.891
0,32,307,0.0
0,33,307,0.448
0,34,307,0.0
0,35,307,0.0
0,36,307,2.587
0,37,307,0.0
0,38,307,0.0
0,39,307,0.0
0,40,307,0.0
0,41,307,0.0
0,42,307,0.0
0,43,307,0.0
0,44,307,0.0
0,45,307,1.008
0,46,307,0.0
0,47,307,0.0
0,48,307,0.0
0,49,307,0.0
0,50,307,0.0
0,51,307,0.0
0,52,307,0.0
0,53,307,0.0
0,54,307,0.0
0,55,307,0.0
0,56,307,0.0
0,57,307,0.141
0,58,307,0.0
0,59,307,1.857
0,60,307,1.996
0,61,307,0.0
0,62,307,2.461
0,63,307,0.0
0,64,307,0.0
0,65,307,0.0
0,66,307,0.0
0,67,307,1.178
0,68,307,0.0
0,69,307,0.0
0,70,307,0.0
0,71,307,0.0
0,72,307,0.0
0,73,307,2.013
0,74,307,0.0
0,75,307,0.0
0,76,307,0.0
0,77,307,0.0
0,78,307,0.0
0,79,307,4.47
0,80,307,0.316
0,81,307,6.022
0,82,307,0.0
0,83,307,1.722
0,84,307,0.0
0,85,307,0.0
0,86,307,0.0
0,87,307,0.0
0,88,307,6.67
0,89,307,0.0
1,90,307,0.0
1,91,307,0.0
1,92,307,0.0
1,93,307,0.0
1,94,307,0.0
1,95,307,0.0
1,96,307,0.0
1,97,307,0.175
1,98,307,0.691
1,99,307,0.0
1,100,307,0.0
1,101,307,0.0
1,102,307,0.0
1,103,307,0.0
1,104,307,0.0
1,105,307,0.0
1,106,307,0.0
1,107,307,0.0
1,108,307,0.0
1,109,307,0.0
1,110,307,0.0
1,111,307,0.0
1,112,307,0.0
1,113,307,0.0
1,114,307,0.0
1,115,307,0.076
1,116,307,0.0
1,117,307,0.0
1,118,307,1.062
1,119,307,0.0
1,120,307,0.0
1,121,307,0.93
1,122,307,0.0
1,123,307,0.0
1,124,307,0.0
1,125,307,0.0
1,126,307,0.0
1,127,307,0.045
1,128,307,0.0
1,129,307,0.0
1,130,307,0.0
1,131,307,0.038
1,132,307,0.157
1,133,307,0.0
1,134,307,0.0
1,135,307,0.146
1,136,307,0.173
1,137,307,0.0
1,138,307,0.0
1,139,307,2.635
1,140,307,0.0
1,141,307,0.232
1,142,307,0.0
1,143,307,0.049
1,144,307,0.0
1,145,307,0.0
1,146,307,0.0
1,147,307,0.0
1,148,307,0.0
1,149,307,0.0
1,150,307,0.0
1,151,307,0.0
1,152,307,0.0
1,153,307,0.0
1,154,307,3.789
1,155,307,0.0
1,156,307,0.0
1,157,307,0.0
1,158,307,0.049
1,159,307,0.823
1,160,307,0.0
1,161,307,0.257
1,162,307,0.0
1,163,307,0.066
1,164,307,1.606
1,165,307,0.0
1,166,307,0.02
1,167,307,0.079
0,2,308,0.0
0,3,308,0.0
0,4,308,0.856
0,5,308,0.0
0,6,308,1.963
0,7,308,0.0
0,8,308,0.0
0,9,308,2.423
0,10,308,0.0
0,11,308,1.122
0,12,308,0.0
0,13,308,2.127
0,14,308,0.384
0,15,308,5.907
0,16,308,3.625
0,17,308,0.0
0,18,308,0.0
0,19,308,1.115
0,20,308,0.328
0,21,308,0.0
0,22,308,3.216
0,23,308,0.0
0,24,308,0.368
0,25,308,0.0
0,26,308,0.0
0,27,308,0.0
0,28,308,0.0
0,29,308,0.0
0,30,308,0.599
0,31,308,0.0
0,32,308,0.0
0,33,308,1.663
0,34,308,0.0
0,35,308,2.02
0,36,308,2.408
0,37,308,1.189
0,38,308,0.0
0,39,308,0.0
0,40,308,0.0
0,41,308,0.991
0,42,308,0.0
0,43,308,0.0
0,44,308,0.0
0,45,308,0.0
0,46,308,3.71
0,47,308,0.0
0,48,308,0.0
0,49,308,0.842
0,50,308,0.0
0,51,308,1.077
0,52,308,0.0
0,53,308,0.0
0,54,308,2.805
0,55,308,3.146
0,56,308,0.0
0,57,308,0.024
0,58,308,0.0
0,59,308,2.055
0,60,308,4.258
0,61,308,0.0
0,62,308,4.619
0,63,308,0.0
0,64,308,0.0
0,65,308,0.0
0,66,308,1.742
0,67,308,0.836
0,68,308,0.499
0,69,308,0.0
0,70,308,2.158
0,71,308,0.0
0,72,308,0.162
0,73,308,2.025
0,74,308,0.0
0,75,308,0.0
0,76,308,0.0
0,77,308,0.819
0,78,308,0.0
0,79,308,5.522
0,80,308,0.0
0,81,308,8.013
0,82,308,0.0
0,83,308,3.172
0,84,308,4.16
0,85,308,0.0
0,86,308,0.0
0,87,308,0.0
0,88,308,8.211
0,89,308,0.0
1,90,308,0.162
1,91,308,0.111
1,92,308,0.0
1,93,308,0.0
1,94,308,0.0
1,95,308,0.0
1,96,308,0.0
1,97,308,0.0
1,98,308,0.787
1,99,308,0.0
1,100,308,0.021
1,101,308,0.0
1,102,308,0.0
1,103,308,0.0
1,104,308,0.0
1,105,308,0.0
1,106,308,0.0
1,107,308,0.0
1,108,308,0.0
1,109,308,0.27
1,110,308,0.0
1,111,308,0.0
1,112,308,0.0
1,113,308,0.126
1,114,308,0.257
1,115,308,0.0
1,116,308,0.0
1,117,308,0.0
1,118,308,0.0
1,119,308,0.0
1,120,308,0.0
1,121,308,0.0
1,122,308,0.0
1,123,308,0.132
1,124,308,0.0
1,125,308,0.0
1,126,308,0.0
1,127,308,0.0
1,128,308,0.0
1,129,308,0.0
1,130,308,0.0
1,131,308,0.0
1,132,308,0.206
1,133,308,0.0
1,134,308,0.0
1,135,308,0.0
1,136,308,0.0
1,137,308,0.157
1,138,308,0.0
1,139,308,3.775
1,140,308,0.0
1,141,308,0.0
1,142,308,0.0
1,143,308,0.197
1,144,308,0.0
1,145,308,0.0
1,146,308,0.0
1,147,308,0.0
1,148,308,0.0
1,149,308,0.064
1,150,308,0.209
1,151,308,0.0
1,152,308,0.0
1,153,308,0.0
1,154,308,4.191
1,155,308,0.0
1,156,308,0.0
1,157,308,0.0
1,158,308,0.0
1,159,308,2.019
1,160,308,0.0
1,161,308,0.0
1,162,308,0.0
1,163,308,0.0
1,164,308,3.349
1,165,308,0.0
1,166,308,0.0
1,167,308,0.0
0,2,309,0.0
0,3,309,0.0
0,4,309,0.647
0,5,309,0.0
0,6,309,0.0
0,7,309,0.0
0,8,309,0.0
0,9,309,0.0
0,10,309,0.0
0,11,309,0.0
0,12,309,0.0
0,13,309,1.266
0,14,309,0.0
0,15,309,5.003
0,16,309,0.0
0,17,309,0.0
0,18,309,0.0
0,19,309,0.0
0,20,309,0.0
0,21,309,0.0
0,22,309,2.207
0,23,309,0.0
0,24,309,0.0
0,25,309,0.54
0,26,309,0.0
0,27,309,0.0
0,28,309,0.0
0,29,309,0.0
0,30,309,0.0
0,31,309,1.567
0,32,309,0.0
0,33,309,0.0
0,34,309,0.0
0,35,309,0.0
0,36,309,2.851
0,37,309,0.0
0,38,309,0.0
0,39,309,0.0
0,40,309,0.0
0,41,309,0.633
0,42,309,0.601
0,43,309,0.0
0,44,309,0.0
0,45,309,0.0
0,46,309,0.0
0,47,309,0.0
0,48,309,0.0
0,49,309,0.0
0,50,309,0.0
0,51,309,1.578
0,52,309,0.0
0,53,309,2.173
0,54,309,0.0
0,55,309,0.619
0,56,309,0.0
0,57,309,0.0
0,58,309,0.0
0,59,309,2.71
0,60,309,2.337
0,61,309,0.0
0,62,309,4.759
0,63,309,0.0
0,64,309,0.0
0,65,309,0.0
0,66,309,0.0
0,67,309,0.0
0,68,309,0.0
0,69,309,0.0
0,70,309,0.999
0,71,309,0.0
0,72,309,0.0
0,73,309,0.0
0,74,309,0.0
0,75,309,0.0
0,76,309,0.0
0,77,309,0.0
0,78,309,0.0
0,79,309,3.477
0,80,309,0.0
0,81,309,5.671
0,82,309,0.0
0,83,309,4.414
0,84,309,2.903
0,85,309,0.0
0,86,309,0.0
0,87,309,0.0
0,88,309,7.464
0,89,309,0.0
1,90,309,0.424
1,91,309,0.0
1,92,309,0.18
1,93,309,0.0
1,94,309,0.0
1,95,309,0.0
1,96,309,0.0
1,97,309,0.0
1,98,309,1.531
1,99,309,0.0
1,100,309,0.0
1,101,309,0.0
1,102,309,0.0
1,103,309,0.0
1,104,309,0.0
1,105,309,0.0
1,106,309,0.0
1,107,309,0.0
1,108,309,0.0
1,109,309,0.441
1,110,309,0.0
1,111,309,0.0
1,112,309,0.0
1,113,309,0.0
1,114,309,0.0
1,115,309,0.131
1,116,309,0.0
1,117,309,0.0
1,118,309,0.446
1,119,309,0.0
1,120,309,0.0
1,121,309,0.161
1,122,309,0.0
1,123,309,0.0
1,124,309,0.0
1,125,309,0.0
1,126,309,0.368
1,127,309,0.364
1,128,309,0.117
1,129,309,0.0
1,130,309,0.275
1,131,309,0.0
1,132,309,0.053
1,133,309,0.0
1,134,309,0.0
1,135,309,0.028
1,136,309,0.132
1,137,309,0.0
1,138,309,0.0
1,139,309,4.123
1,140,309,0.0
1,141,309,0.079
1,142,309,0.0
1,143,309,0.0
1,144,309,0.0
1,145,309,0.0
1,146,309,0.0
1,147,309,0.0
1,148,309,0.0
1,149,309,0.0
1,150,309,1.532
1,151,309,0.0
1,152,309,0.0
1,153,309,0.0
1,154,309,3.596
1,155,309,0.303
1,156,309,0.0
1,157,309,0.0
1,158,309,0.0
1,159,309,1.789
1,160,309,0.0
1,161,309,0.398
1,162,309,0.0
1,163,309,0.0
1,164,309,1.509
1,165,309,0.0
1,166,309,0.0
1,167,309,0.0
0,2,310,0.0
0,3,310,0.0
0,4,310,1.127
0,5,310,0.0
0,6,310,0.0
0,7,310,0.0
0,8,310,0.0
0,9,310,0.0
0,10,310,0.0
0,11,310,0.0
0,12,310,0.0
0,13,310,0.0
0,14,310,0.0
0,15,310,1.284
0,16,310,0.0
0,17,310,0.0
0,18,310,0.0
0,19,310,0.0
0,20,310,0.0
0,21,310,0.0
0,22,310,0.0
0,23,310,0.0
0,24,310,0.0
0,25,310,0.0
0,26,310,0.0
0,27,310,0.0
0,28,310,0.0
0,29,310,0.0
0,30,310,0.0
0,31,310,0.0
0,32,310,0.0
0,33,310,0.0
0,34,310,0.0
0,35,310,0.0
0,36,310,0.0
0,37,310,0.0
0,38,310,0.0
0,39,310,0.0
0,40,310,0.0
0,41,310,0.0
0,42,310,0.0
0,43,310,0.0
0,44,310,0.0
0,45,310,0.0
0,46,310,0.0
0,47,310,0.0
0,48,310,0.0
0,49,310,0.0
0,50,310,0.0
0,51,310,0.437
0,52,310,0.0
0,53,310,0.0
0,54,310,0.0
0,55,310,0.0
0,56,310,0.0
0,57,310,0.0
0,58,310,0.0
0,59,310,0.0
0,60,310,0.0
0,61,310,0.0
0,62,310,0.0
0,63,310,0.0
0,64,310,0.0
0,65,310,0.0
0,66,310,0.0
0,67,310,0.0
0,68,310,0.0
0,69,310,0.0
0,70,310,0.0
0,71,310,0.0
0,72,310,0.0
0,73,310,0.0
0,74,310,0.0
0,75,310,0.0
0,76,310,0.0
0,77,310,0.0
0,78,310,0.0
0,79,310,0.0
0,80,310,0.0
0,81,310,5.648
0,82,310,0.0
0,83,310,0.0
0,84,310,0.0
0,85,310,0.0
0,86,310,0.0
0,87,310,0.0
0,88,310,0.0
0,89,310,0.0
1,90,310,0.096
1,91,310,0.0
1,92,310,0.0
1,93,310,0.0
1,94,310,0.0
1,95,310,0.0
1,96,310,0.0
1,97,310,0.0
1,98,310,1.612
1,99,310,0.0
1,100,310,0.0
1,101,310,0.0
1,102,310,0.0
1,103,310,0.0
1,104,310,0.098
1,105,310,0.0
1,106,310,0.0
1,107,310,0.0
1,108,310,0.0
1,109,310,0.261
1,110,310,0.0
1,111,310,0.0
1,112,310,0.0
1,113,310,0.0
1,114,310,0.388
1,115,310,0.0
1,116,310,0.0
1,117,310,0.0
1,118,310,0.0
1,119,310,0.0
1,120,310,0.0
1,121,310,0.0
1,122,310,0.0
1,123,310,0.0
1,124,310,0.0
1,125,310,0.0
1,126,310,0.0
1,127,310,2.693
1,128,310,0.0
1,129,310,0.0
1,130,310,0.0
1,131,310,0.235
1,132,310,0.0
1,133,310,0.0
1,134,310,0.0
1,135,310,0.001
1,136,310,0.022
1,137,310,0.0
1,138,310,0.0
1,139,310,2.557
1,140,310,0.134
1,141,310,0.0
1,142,310,0.0
1,143,310,0.0
1,144,310,0.432
1,145,310,0.0
1,146,310,0.0
1,147,310,0.0
1,148,310,0.0
1,149,310,0.023
1,150,310,2.347
1,151,310,0.0
1,152,310,0.0
1,153,310,0.0
1,154,310,3.513
1,155,310,0.081
1,156,310,0.0
1,157,310,0.0
1,158,310,0.0
1,159,310,2.5
1,160,310,0.0
1,161,310,0.173
1,162,310,0.0
1,163,310,0.0
1,164,310,0.0
1,165,310,0.0
1,166,310,1.963
1,167,310,0.071
0,2,311,0.0
0,3,311,0.0
0,4,311,0.804
0,5,311,0.0
0,6,311,1.294
0,7,311,0.0
0,8,311,0.0
0,9,311,0.0
0,10,311,0.0
0,11,311,0.377
0,12,311,0.0
0,13,311,0.852
0,14,311,0.0
0,15,311,5.168
0,16,311,0.0
0,17,311,0.0
0,18,311,0.0
0,19,311,1.159
0,20,311,0.0
0,21,311,0.0
0,22,311,2.577
0,23,311,0.0
0,24,311,0.513
0,25,311,0.0
0,26,311,0.0
0,27,311,1.367
0,28,311,0.0
0,29,311,0.0
0,30,311,0.0
0,31,311,4.24
0,32,311,0.0
0,33,311,0.492
0,34,311,0.0
0,35,311,0.0
0,36,311,4.267
0,37,311,0.757
0,38,311,0.0
0,39,311,0.0
0,40,311,0.387
0,41,311,1.473
0,42,311,0.0
0,43,311,0.0
0,44,311,0.0
0,45,311,0.0
0,46,311,3.321
0,47,311,0.0
0,48,311,0.0
0,49,311,1.085
0,50,311,0.0
0,51,311,2.559
0,52,311,0.0
0,53,311,4.157
0,54,311,1.285
0,55,311,2.335
0,56,311,0.0
0,57,311,0.0
0,58,311,0.0
0,59,311,1.631
0,60,311,3.396
0,61,311,0.0
0,62,311,5.128
0,63,311,0.0
0,64,311,0.0
0,65,311,0.0
0,66,311,0.0
0,67,311,1.221
0,68,311,0.0
0,69,311,0.0
0,70,311,0.0
0,71,311,0.0
0,72,311,0.0
0,73,311,1.411
0,74,311,0.0
0,75,311,0.0
0,76,311,0.0
0,77,311,0.0
0,78,311,0.0
0,79,311,4.749
0,80,311,0.0
0,81,311,2.468
0,82,311,0.0
0,83,311,5.789
0,84,311,0.0
0,85,311,0.0
0,86,311,0.0
0,87,311,0.0
0,88,311,8.817
0,89,311,0.0
1,90,311,0.0
1,91,311,0.0
1,92,311,0.0
1,93,311,0.0
1,94,311,0.0
1,95,311,0.0
1,96,311,0.0
1,97,311,0.0
1,98,311,1.136
1,99,311,0.0
1,100,311,0.0
1,101,311,0.0
1,102,311,0.0
1,103,311,0.0
1,104,311,0.0
1,105,311,0.0
1,106,311,0.0
1,107,311,0.0
1,108,311,0.123
1,109,311,0.0
1,110,311,0.0
1,111,311,0.0
1,112,311,0.0
1,113,311,0.354
1,114,311,0.0
1,115,311,0.162
1,116,311,0.0
1,117,311,0.0
1,118,311,1.262
1,119,311,0.0
1,120,311,0.108
1,121,311,0.0
1,122,311,0.0
1,123,311,0.108
1,124,311,0.0
1,125,311,0.0
1,126,311,0.0
1,127,311,0.382
1,128,311,0.0
1,129,311,0.0
1,130,311,0.0
1,131,311,0.0
1,132,311,0.249
1,133,311,0.0
1,134,311,0.0
1,135,311,0.0
1,136,311,0.248
1,137,311,0.0
1,138,311,0.0
1,139,311,4.616
1,140,311,0.0
1,141,311,0.0
1,142,311,0.0
1,143,311,0.023
1,144,311,0.018
1,145,311,0.0
1,146,311,0.0
1,147,311,0.0
1,148,311,0.0
1,149,311,0.0
1,150,311,0.0
1,151,311,0.0
1,152,311,0.0
1,153,311,0.0
1,154,311,3.491
1,155,311,0.0
1,156,311,0.0
1,157,311,0.0
1,158,311,0.0
1,159,311,1.201
1,160,311,0.0
1,161,311,0.128
1,162,311,0.0
1,163,311,0.0
1,164,311,4.143
1,165,311,0.0
1,166,311,0.0
1,167,311,0.0
0,2,312,0.0
0,3,312,0.0
0,4,312,1.248
0,5,312,0.0
0,6,312,1.556
0,7,312,0.03
0,8,312,0.0
0,9,312,0.0
0,10,312,0.0
0,11,312,0.424
0,12,312,0.0
0,13,312,1.975
0,14,312,0.0
0,15,312,6.008
0,16,312,0.0
0,17,312,0.0
0,18,312,0.0
0,19,312,0.0
0,20,312,0.637
0,21,312,0.0
0,22,312,3.761
0,23,312,0.0
0,24,312,0.0
0,25,312,1.608
0,26,312,0.0
0,27,312,0.0
0,28,312,0.0
0,29,312,0.0
0,30,312,0.0
0,31,312,2.587
0,32,312,0.0
0,33,312,0.588
0,34,312,0.0
0,35,312,0.0
0,36,312,0.642
0,37,312,1.184
0,38,312,0.0
0,39,312,0.0
0,40,312,0.0
0,41,312,2.143
0,42,312,0.0
0,43,312,0.0
0,44,312,0.0
0,45,312,0.0
0,46,312,2.522
0,47,312,0.0
0,48,312,0.0
0,49,312,0.0
0,50,312,0.0
0,51,312,2.115
0,52,312,0.0
0,53,312,2.12
0,54,312,2.174
0,55,312,1.332
0,56,312,0.0
0,57,312,0.0
0,58,312,0.0
0,59,312,0.0
0,60,312,2.041
0,61,312,0.0
0,62,312,1.395
0,63,312,0.0
0,64,312,0.0
0,65,312,1.529
0,66,312,0.0
0,67,312,0.179
0,68,312,0.0
0,69,312,0.0
0,70,312,0.516
0,71,312,0.0
0,72,312,0.0
0,73,312,0.0
0,74,312,1.175
0,75,312,0.0
0,76,312,0.0
0,77,312,0.306
0,78,312,0.0
0,79,312,5.549
0,80,312,2.327
0,81,312,6.294
0,82,312,0.0
0,83,312,3.987
0,84,312,2.172
0,85,312,0.0
0,86,312,0.0
0,87,312,0.0
0,88,312,7.71
0,89,312,0.0
1,90,312,0.0
1,91,312,0.0
1,92,312,0.0
1,93,312,0.0
1,94,312,0.0
1,95,312,0.0
1,96,312,0.0
1,97,312,0.0
1,98,312,1.073
1,99,312,0.0
1,100,312,0.0
1,101,312,0.0
1,102,312,0.0
1,103,312,0.0
1,104,312,0.0
1,105,312,0.0
1,106,312,0.0
1,107,312,0.0
1,108,312,0.0
1,109,312,0.512
1,110,312,0.0
1,111,312,0.0
1,112,312,0.0
1,113,312,0.041
1,114,312,0.029
1,115,312,0.0
1,116,312,0.0
1,117,312,0.0
1,118,312,0.0
1,119,312,0.0
1,120,312,0.0
1,121,312,0.0
1,122,312,0.0
1,123,312,0.0
1,124,312,0.0
1,125,312,0.0
1,126,312,0.0
1,127,312,0.004
1,128,312,0.0
1,129,312,0.0
1,130,312,0.0
1,131,312,0.0
1,132,312,0.014
1,133,312,0.0
1,134,312,0.0
1,135,312,0.0
1,136,312,0.037
1,137,312,0.0
1,138,312,0.0
1,139,312,2.94
1,140,312,0.0
1,141,312,0.157
1,142,312,0.0
1,143,312,0.0
1,144,312,0.0
1,145,312,0.0
1,146,312,0.53
1,147,312,0.0
1,148,312,0.0
1,149,312,0.0
1,150,312,1.36
1,151,312,0.0
1,152,312,0.0
1,153,312,0.0
1,154,312,3.123
1,155,312,0.0
1,156,312,0.0
1,157,312,0.0
1,158,312,0.0
1,159,312,1.533
1,160,312,0.0
1,161,312,0.368
1,162,312,0.0
1,163,312,0.0
1,164,312,2.387
1,165,312,0.0
1,166,312,0.008
1,167,312,0.0
0,2,313,0.0
0,3,313,0.0
0,4,313,0.0
0,5,313,0.0
0,6,313,0.0
0,7,313,0.0
0,8,313,0.0
0,9,313,0.0
0,10,313,0.19
0,11,313,0.0
0,12,313,0.0
0,13,313,0.0
0,14,313,0.0
0,15,313,0.0
0,16,313,0.0
0,17,313,0.0
0,18,313,0.0
0,19,313,0.0
0,20,313,0.0
0,21,313,0.0
0,22,313,0.0
0,23,313,0.0
0,24,313,0.0
0,25,313,0.0
0,26,313,0.0
0,27,313,0.0
0,28,313,0.0
0,29,313,0.0
0,30,313,0.0
0,31,313,0.0
0,32,313,0.0
0,33,313,0.0
0,34,313,0.0
0,35,313,0.0
0,36,313,0.0
0,37,313,0.0
0,38,313,0.0
0,39,313,0.0
0,40,313,0.0
0,41,313,0.0
0,42,313,0.0
0,43,313,0.0
0,44,313,0.0
0,45,313,0.0
0,46,313,0.0
0,47,313,0.0
0,48,313,0.0
0,49,313,0.0
0,50,313,0.0
0,51,313,0.0
0,52,313,0.0
0,53,313,0.0
0,54,313,0.0
0,55,313,0.0
0,56,313,0.0
0,57,313,0.0
0,58,313,0.0
0,59,313,0.0
0,60,313,0.0
0,61,313,0.0
0,62,313,0.0
0,63,313,0.0
0,64,313,0.0
0,65,313,0.0
0,66,313,0.0
0,67,313,0.0
0,68,313,0.0
0,69,313,0.0
0,70,313,0.0
0,71,313,0.0
0,72,313,0.0
0,73,313,0.0
0,74,313,0.0
0,75,313,0.0
0,76,313,0.0
0,77,313,0.0
0,78,313,0.0
0,79,313,0.0
0,80,313,0.0
0,81,313,2.171
0,82,313,0.0
0,83,313,0.0
0,84,313,0.0
0,85,313,0.0
0,86,313,0.0
0,87,313,0.0
0,88,313,0.0
0,89,313,0.0
1,90,313,3.126
1,91,313,0.0
1,92,313,0.0
1,93,313,0.0
1,94,313,0.0
1,95,313,0.0
1,96,313,0.0
1,97,313,0.0
1,98,313,0.099
1,99,313,0.0
1,100,313,0.0
1,101,313,0.0
1,102,313,0.0
1,103,313,0.0
1,104,313,0.0
1,105,313,0.0
1,106,313,0.0
1,107,313,0.0
1,108,313,0.0
1,109,313,0.0
1,110,313,0.0
1,111,313,1.768
1,112,313,0.0
1,113,313,0.108
1,114,313,0.0
1,115,313,0.0
1,116,313,0.0
1,117,313,0.0
1,118,313,0.0
1,119,313,0.0
1,120,313,0.0
1,121,313,0.0
1,122,313,0.0
1,123,313,0.0
1,124,313,0.0
1,125,313,0.0
1,126,313,0.0
1,127,313,0.0
1,128,313,0.0
1,129,313,0.0
1,130,313,0.0
1,131,313,0.0
1,132,313,0.0
1,133,313,0.0
1,134,313,0.0
1,135,313,0.0
1,136,313,0.058
1,137,313,0.0
1,138,313,0.0
1,139,313,0.0
1,140,313,0.0
1,141,313,0.0
1,142,313,0.0
1,143,313,0.099
1,144,313,0.0
1,145,313,0.0
1,146,313,0.0
1,147,313,0.0
1,148,313,0.0
1,149,313,0.0
1,150,313,0.562
1,151,313,0.0
1,152,313,0.007
1,153,313,0.0
1,154,313,2.926
1,155,313,0.0
1,156,313,0.0
1,157,313,0.0
1,158,313,0.0
1,159,313,0.524
1,160,313,0.0
1,161,313,0.0
1,162,313,0.0
1,163,313,0.0
1,164,313,0.0
1,165,313,0.0
1,166,313,0.0
1,167,313,0.0
0,2,314,0.0
0,3,314,0.803
0,4,314,1.209
0,5,314,0.0
0,6,314,1.471
0,7,314,0.0
0,8,314,0.0
0,9,314,0.0
0,10,314,0.54
0,11,314,0.344
0,12,314,0.0
0,13,314,2.003
0,14,314,0.0
0,15,314,5.995
0,16,314,1.105
0,17,314,0.0
0,18,314,0.0
0,19,314,1.144
0,20,314,0.0
0,21,314,0.0
0,22,314,3.76
0,23,314,0.0
0,24,314,0.0
0,25,314,0.0
0,26,314,0.0
0,27,314,0.254
0,28,314,0.0
0,29,314,0.0
0,30,314,0.0
0,31,314,0.0
0,32,314,0.0
0,33,314,1.85
0,34,314,0.0
0,35,314,0.0
0,36,314,2.265
0,37,314,0.0
0,38,314,0.0
0,39,314,0.0
0,40,314,0.0
0,41,314,3.479
0,42,314,0.0
0,43,314,0.0
0,44,314,0.0
0,45,314,0.0
0,46,314,3.122
0,47,314,0.0
0,48,314,0.0
0,49,314,1.382
0,50,314,0.0
0,51,314,0.0
0,52,314,0.0
0,53,314,0.0
0,54,314,0.0
0,55,314,0.465
0,56,314,0.75
0,57,314,0.248
0,58,314,0.0
0,59,314,1.629
0,60,314,3.326
0,61,314,0.0
0,62,314,3.331
0,63,314,0.0
0,64,314,0.0
0,65,314,0.0
0,66,314,0.0
0,67,314,1.339
0,68,314,0.0
0,69,314,0.0
0,70,314,0.0
0,71,314,0.0
0,72,314,0.0
0,73,314,1.907
0,74,314,0.047
0,75,314,0.0
0,76,314,0.0
0,77,314,0.0
0,78,314,0.0
0,79,314,5.91
0,80,314,1.058
0,81,314,6.174
0,82,314,0.0
0,83,314,2.879
0,84,314,0.0
0,85,314,0.0
0,86,314,0.0
0,87,314,0.0
0,88,314,7.871
0,89,314,0.337
1,90,314,0.349
1,91,314,0.0
1,92,314,0.0
1,93,314,0.0
1,94,314,0.0
1,95,314,0.0
1,96,314,0.048
1,97,314,0.0
1,98,314,0.904
1,99,314,0.0
1,100,314,0.0
1,101,314,0.0
1,102,314,0.0
1,103,314,0.0
1,104,314,0.0
1,105,314,0.0
1,106,314,0.0
1,107,314,0.0
1,108,314,0.0
1,109,314,0.774
1,110,314,0.0
1,111,314,0.152
1,112,314,0.0
1,113,314,0.241
1,114,314,0.085
1,115,314,0.068
1,116,314,0.0
1,117,314,0.108
1,118,314,0.023
1,119,314,0.0
1,120,314,0.0
1,121,314,0.952
1,122,314,0.0
1,123,314,0.0
1,124,314,0.0
1,125,314,0.0
1,126,314,0.0
1,127,314,0.105
1,128,314,0.0
1,129,314,0.0
1,130,314,0.079
1,131,314,0.0
1,132,314,0.134
1,133,314,0.0
1,134,314,0.0
1,135,314,0.0
1,136,314,0.0
1,137,314,0.173
1,138,314,0.0
1,139,314,3.354
1,140,314,0.0
1,141,314,0.301
1,142,314,0.0
1,143,314,0.002
1,144,314,0.0
1,145,314,0.0
1,146,314,0.0
1,147,314,0.0
1,148,314,0.0
1,149,314,0.0
1,150,314,0.789
1,151,314,0.0
1,152,314,0.0
1,153,314,0.0
1,154,314,3.214
1,155,314,0.0
1,156,314,0.0
1,157,314,0.0
1,158,314,0.0
1,159,314,0.286
1,160,314,0.0
1,161,314,0.0
1,162,314,0.0
1,163,314,0.0
1,164,314,2.662
1,165,314,0.0
1,166,314,0.624
1,167,314,0.205
0,2,315,0.0
0,3,315,0.0
0,4,315,0.0
0,5,315,0.0
0,6,315,1.173
0,7,315,0.0
0,8,315,0.0
0,9,315,0.0
0,10,315,0.0
0,11,315,0.0
0,12,315,0.0
0,13,315,1.242
0,14,315,0.0
0,15,315,2.247
0,16,315,0.0
0,17,315,0.204
0,18,315,0.0
0,19,315,0.0
0,20,315,0.0
0,21,315,0.0
0,22,315,0.908
0,23,315,0.0
0,24,315,0.0
0,25,315,0.0
0,26,315,0.0
0,27,315,0.304
0,28,315,0.0
0,29,315,0.0
0,30,315,0.0
0,31,315,0.0
0,32,315,0.0
0,33,315,0.0
0,34,315,0.0
0,35,315,0.0
0,36,315,2.272
0,37,315,1.318
0,38,315,0.0
0,39,315,0.0
0,40,315,0.0
0,41,315,3.139
0,42,315,0.0
0,43,315,0.0
0,44,315,0.0
0,45,315,0.0
0,46,315,0.0
0,47,315,0.0
0,48,315,0.0
0,49,315,0.0
0,50,315,0.874
0,51,315,0.0
0,52,315,0.0
0,53,315,0.0
0,54,315,0.0
0,55,315,0.0
0,56,315,0.0
0,57,315,0.0
0,58,315,0.0
0,59,315,1.03
0,60,315,1.48
0,61,315,0.0
0,62,315,1.788
0,63,315,0.0
0,64,315,0.0
0,65,315,0.0
0,66,315,0.0
0,67,315,0.0
0,68,315,0.0
0,69,315,0.0
0,70,315,0.0
0,71,315,0.0
0,72,315,0.0
0,73,315,0.0
0,74,315,0.0
0,75,315,0.0
0,76,315,0.0
0,77,315,0.0
0,78,315,0.0
0,79,315,3.346
0,80,315,0.0
0,81,315,0.0
0,82,315,0.0
0,83,315,3.564
0,84,315,0.0
0,85,315,0.0
0,86,315,0.0
0,87,315,0.0
0,88,315,7.431
0,89,315,0.0
1,90,315,0.04
1,91,315,0.0
1,92,315,0.0
1,93,315,0.0
1,94,315,0.0
1,95,315,0.0
1,96,315,0.0
1,97,315,0.0
1,98,315,0.04
1,99,315,0.0
1,100,315,0.0
1,101,315,0.0
1,102,315,0.0
1,103,315,0.0
1,104,315,0.0
1,105,315,0.0
1,106,315,0.0
1,107,315,0.0
1,108,315,0.0
1,109,315,0.0
1,110,315,0.0
1,111,315,0.0
1,112,315,0.0
1,113,315,0.0
1,114,315,0.0
1,115,315,0.0
1,116,315,0.0
1,117,315,0.0
1,118,315,0.643
1,119,315,0.0
1,120,315,0.0
1,121,315,0.0
1,122,315,0.0
1,123,315,0.0
1,124,315,0.0
1,125,315,0.0
1,126,315,0.0
1,127,315,0.0
1,128,315,0.0
1,129,315,0.0
1,130,315,0.0
1,131,315,0.0
1,132,315,0.0
1,133,315,0.0
1,134,315,0.0
1,135,315,0.0
1,136,315,0.0
1,137,315,0.0
1,138,315,0.0
1,139,315,2.184
1,140,315,0.0
1,141,315,0.0
1,142,315,0.0
1,143,315,0.0
1,144,315,0.0
1,145,315,0.0
1,146,315,0.0
1,147,315,0.0
1,148,315,0.0
1,149,315,0.0
1,150,315,0.0
1,151,315,0.0
1,152,315,0.0
1,153,315,0.0
1,154,315,1.634
1,155,315,0.0
1,156,315,0.0
1,157,315,0.0
1,158,315,0.0
1,159,315,0.0
1,160,315,0.0
1,161,315,0.0
1,162,315,0.0
1,163,315,0.0
1,164,315,2.333
1,165,315,0.0
1,166,315,0.0
1,167,315,0.0
0,2,316,0.0
0,3,316,0.0
0,4,316,0.0
0,5,316,0.0
0,6,316,0.0
0,7,316,0.0
0,8,316,0.0
0,9,316,0.0
0,10,316,0.0
0,11,316,0.882
0,12,316,0.0
0,13,316,2.147
0,14,316,0.0
0,15,316,4.756
0,16,316,0.0
0,17,316,0.0
0,18,316,0.0
0,19,316,0.0
0,20,316,0.584
0,21,316,0.0
0,22,316,4.01
0,23,316,0.0
0,24,316,0.0
0,25,316,0.0
0,26,316,0.0
0,27,316,0.0
0,28,316,0.0
0,29,316,0.0
0,30,316,0.0
0,31,316,0.573
0,32,316,0.0
0,33,316,0.836
0,34,316,0.0
0,35,316,0.0
0,36,316,4.699
0,37,316,0.473
0,38,316,0.0
0,39,316,0.0
0,40,316,1.601
0,41,316,4.27
0,42,316,0.152
0,43,316,0.0
0,44,316,0.844
0,45,316,0.0
0,46,316,0.833
0,47,316,0.0
0,48,316,0.441
0,49,316,0.0
0,50,316,0.0
0,51,316,0.0
0,52,316,1.186
0,53,316,0.0
0,54,316,0.0
0,55,316,0.293
0,56,316,0.0
0,57,316,1.158
0,58,316,0.0
0,59,316,2.525
0,60,316,1.829
0,61,316,0.0
0,62,316,3.936
0,63,316,0.0
0,64,316,0.0
0,65,316,0.0
0,66,316,0.0
0,67,316,1.766
0,68,316,0.0
0,69,316,0.0
0,70,316,0.545
0,71,316,0.0
0,72,316,0.0
0,73,316,1.342
0,74,316,0.0
0,75,316,0.0
0,76,316,0.0
0,77,316,0.0
0,78,316,0.0
0,79,316,6.036
0,80,316,0.0
0,81,316,6.106
0,82,316,0.0
0,83,316,4.173
0,84,316,0.402
0,85,316,0.0
0,86,316,0.0
0,87,316,0.0
0,88,316,8.19
0,89,316,0.0
1,90,316,0.118
1,91,316,0.0
1,92,316,0.0
1,93,316,0.0
1,94,316,0.0
1,95,316,0.0
1,96,316,0.0
1,97,316,0.0
1,98,316,0.605
1,99,316,0.0
1,100,316,0.0
1,101,316,0.0
1,102,316,0.0
1,103,316,0.0
1,104,316,0.0
1,105,316,0.0
1,106,316,0.0
1,107,316,0.0
1,108,316,0.0
1,109,316,0.0
1,110,316,0.0
1,111,316,0.0
1,112,316,0.0
1,113,316,0.307
1,114,316,0.0
1,115,316,0.142
1,116,316,0.0
1,117,316,0.0
1,118,316,1.342
1,119,316,0.0
1,120,316,0.0
1,121,316,1.594
1,122,316,0.0
1,123,316,0.0
1,124,316,0.0
1,125,316,0.0
1,126,316,0.315
1,127,316,0.145
1,128,316,0.0
1,129,316,0.0
1,130,316,0.259
1,131,316,0.0
1,132,316,0.567
1,133,316,0.0
1,134,316,0.0
1,135,316,0.0
1,136,316,0.026
1,137,316,0.0
1,138,316,0.0
1,139,316,2.03
1,140,316,0.0
1,141,316,0.07
1,142,316,0.0
1,143,316,0.0
1,144,316,0.078
1,145,316,0.0
1,146,316,0.156
1,147,316,0.0
1,148,316,0.028
1,149,316,0.0
1,150,316,0.025
1,151,316,0.0
1,152,316,0.0
1,153,316,0.0
1,154,316,4.026
1,155,316,0.162
1,156,316,0.0
1,157,316,0.0
1,158,316,0.0
1,159,316,1.73
1,160,316,0.0
1,161,316,0.741
1,162,316,0.0
1,163,316,0.0
1,164,316,2.778
1,165,316,0.0
1,166,316,1.138
1,167,316,0.025
0,2,317,0.0
0,3,317,0.0
0,4,317,1.953
0,5,317,0.0
0,6,317,4.293
0,7,317,0.0
0,8,317,0.0
0,9,317,0.0
0,10,317,0.0
0,11,317,0.0
0,12,317,0.0
0,13,317,2.131
0,14,317,0.0
0,15,317,7.532
0,16,317,3.302
0,17,317,0.0
0,18,317,0.0
0,19,317,0.0
0,20,317,0.0
0,21,317,0.0
0,22,317,2.814
0,23,317,0.0
0,24,317,0.0
0,25,317,0.0
0,26,317,0.0
0,27,317,0.0
0,28,317,0.0
0,29,317,0.0
0,30,317,2.132
0,31,317,3.752
0,32,317,0.0
0,33,317,0.0
0,34,317,0.0
0,35,317,0.0
0,36,317,4.851
0,37,317,0.0
0,38,317,0.0
0,39,317,0.0
0,40,317,0.672
0,41,317,0.0
0,42,317,0.0
0,43,317,0.0
0,44,317,0.0
0,45,317,0.0
0,46,317,0.0
0,47,317,0.0
0,48,317,0.0
0,49,317,0.0
0,50,317,0.775
0,51,317,3.678
0,52,317,1.24
0,53,317,3.783
0,54,317,0.0
0,55,317,1.881
0,56,317,0.361
0,57,317,0.083
0,58,317,2.012
0,59,317,2.165
0,60,317,3.479
0,61,317,0.0
0,62,317,4.417
0,63,317,0.0
0,64,317,0.0
0,65,317,0.0
0,66,317,0.0
0,67,317,0.115
0,68,317,0.0
0,69,317,0.0
0,70,317,0.373
0,71,317,0.0
0,72,317,0.0
0,73,317,0.419
0,74,317,0.0
0,75,317,0.0
0,76,317,0.0
0,77,317,1.803
0,78,317,0.0
0,79,317,5.362
0,80,317,3.272
0,81,317,4.412
0,82,317,0.0
0,83,317,4.788
0,84,317,2.213
0,85,317,0.0
0,86,317,0.0
0,87,317,0.0
0,88,317,8.801
0,89,317,0.086
1,90,317,0.338
1,91,317,0.0
1,92,317,0.0
1,93,317,0.0
1,94,317,0.0
1,95,317,0.0
1,96,317,0.0
1,97,317,0.0
1,98,317,2.246
1,99,317,0.0
1,100,317,0.0
1,101,317,1.343
1,102,317,0.0
1,103,317,0.0
1,104,317,0.0
1,105,317,0.678
1,106,317,0.0
1,107,317,0.0
1,108,317,0.0
1,109,317,0.617
1,110,317,0.0
1,111,317,0.562
1,112,317,0.0
1,113,317,0.245
1,114,317,0.219
1,115,317,0.0
1,116,317,0.0
1,117,317,0.0
1,118,317,0.866
1,119,317,0.0
1,120,317,0.0
1,121,317,0.0
1,122,317,0.0
1,123,317,0.0
1,124,317,0.0
1,125,317,0.0
1,126,317,0.0
1,127,317,0.856
1,128,317,0.0
1,129,317,0.0
1,130,317,0.0
1,131,317,0.0
1,132,317,0.47
1,133,317,0.0
1,134,317,0.0
1,135,317,0.049
1,136,317,0.366
1,137,317,1.124
1,138,317,0.0
1,139,317,3.431
1,140,317,0.0
1,141,317,0.0
1,142,317,0.0
1,143,317,0.255
1,144,317,0.488
1,145,317,0.0
1,146,317,0.311
1,147,317,0.0
1,148,317,0.0
1,149,317,0.0
1,150,317,4.039
1,151,317,0.0
1,152,317,0.0
1,153,317,0.0
1,154,317,3.183
1,155,317,0.084
1,156,317,0.0
1,157,317,0.0
1,158,317,0.0
1,159,317,0.333
1,160,317,0.0
1,161,317,0.734
1,162,317,0.0
1,163,317,0.0
1,164,317,3.125
1,165,317,0.0
1,166,317,0.0
1,167,317,0.091
0,2,318,0.0
0,3,318,0.0
0,4,318,0.0
0,5,318,0.0
0,6,318,0.0
0,7,318,0.0
0,8,318,0.0
0,9,318,0.0
0,10,318,0.0
0,11,318,0.289
0,12,318,0.0
0,13,318,0.0
0,14,318,0.0
0,15,318,6.181
0,16,318,0.0
0,17,318,0.0
0,18,318,0.0
0,19,318,0.0
0,20,318,0.0
0,21,318,0.0
0,22,318,2.775
0,23,318,0.0
0,24,318,0.0
0,25,318,1.73
0,26,318,0.0
0,27,318,0.0
0,28,318,0.0
0,29,318,0.0
0,30,318,0.0
0,31,318,3.539
0,32,318,0.0
0,33,318,0.0
0,34,318,0.0
0,35,318,0.0
0,36,318,3.908
0,37,318,1.261
0,38,318,0.044
0,39,318,0.0
0,40,318,0.0
0,41,318,0.0
0,42,318,0.0
0,43,318,0.0
0,44,318,0.0
0,45,318,0.0
0,46,318,0.972
0,47,318,0.0
0,48,318,0.0
0,49,318,0.0
0,50,318,0.0
0,51,318,0.0
0,52,318,0.0
0,53,318,1.145
0,54,318,0.0
0,55,318,2.546
0,56,318,0.0
0,57,318,0.0
0,58,318,0.0
0,59,318,1.023
0,60,318,3.679
0,61,318,0.0
0,62,318,3.927
0,63,318,0.0
0,64,318,0.0
0,65,318,0.0
0,66,318,0.0
0,67,318,0.008
0,68,318,0.0
0,69,318,0.0
0,70,318,0.0
0,71,318,0.0
0,72,318,0.0
0,73,318,0.23
0,74,318,0.0
0,75,318,0.0
0,76,318,0.0
0,77,318,0.0
0,78,318,0.0
0,79,318,5.853
0,80,318,1.664
0,81,318,6.689
0,82,318,0.0
0,83,318,2.716
0,84,318,0.0
0,85,318,0.0
0,86,318,0.0
0,87,318,0.0
0,88,318,7.687
0,89,318,0.042
1,90,318,0.059
1,91,318,0.0
1,92,318,0.0
1,93,318,0.0
1,94,318,0.0
1,95,318,0.0
1,96,318,0.0
1,97,318,0.0
1,98,318,1.07
1,99,318,0.0
1,100,318,0.0
1,101,318,0.0
1,102,318,0.0
1,103,318,0.0
1,104,318,0.0
1,105,318,0.0
1,106,318,0.0
1,107,318,0.0
1,108,318,0.0
1,109,318,0.0
1,110,318,0.0
1,111,318,0.0
1,112,318,0.0
1,113,318,0.0
1,114,318,0.229
1,115,318,0.0
1,116,318,0.0
1,117,318,0.0
1,118,318,1.317
1,119,318,0.0
1,120,318,0.0
1,121,318,0.0
1,122,318,0.0
1,123,318,0.0
1,124,318,0.0
1,125,318,0.0
1,126,318,0.0
1,127,318,0.242
1,128,318,0.0
1,129,318,0.0
1,130,318,0.0
1,131,318,0.0
1,132,318,0.37
1,133,318,0.0
1,134,318,0.0
1,135,318,0.0
1,136,318,0.284
1,137,318,0.0
1,138,318,0.0
1,139,318,3.607
1,140,318,0.0
1,141,318,0.0
1,142,318,0.0
1,143,318,0.0
1,144,318,0.0
1,145,318,0.0
1,146,318,0.0
1,147,318,0.0
1,148,318,0.0
1,149,318,0.0
1,150,318,0.0
1,151,318,0.0
1,152,318,0.0
1,153,318,0.0
1,154,318,3.504
1,155,318,0.004
1,156,318,0.0
1,157,318,0.0
1,158,318,0.0
1,159,318,0.0
1,160,318,0.0
1,161,318,0.0
1,162,318,0.0
1,163,318,0.0
1,164,318,2.546
1,165,318,0.0
1,166,318,0.0
1,167,318,0.0
0,2,319,0.0
0,3,319,0.0
0,4,319,0.0
0,5,319,0.0
0,6,319,0.0
0,7,319,0.0
0,8,319,0.0
0,9,319,0.0
0,10,319,0.0
0,11,319,0.0
0,12,319,0.0
0,13,319,1.79
0,14,319,0.0
0,15,319,5.637
0,16,319,2.241
0,17,319,0.0
0,18,319,0.0
0,19,319,0.0
0,20,319,0.0
0,21,319,0.0
0,22,319,1.441
0,23,319,0.0
0,24,319,0.0
0,25,319,0.0
0,26,319,0.0
0,27,319,0.0
0,28,319,0.0
0,29,319,0.0
0,30,319,0.0
0,31,319,0.0
0,32,319,0.0
0,33,319,2.386
0,34,319,0.0
0,35,319,2.785
0,36,319,2.486
0,37,319,0.0
0,38,319,0.0
0,39,319,0.0
0,40,319,0.0
0,41,319,2.256
0,42,319,0.0
0,43,319,0.0
0,44,319,0.0
0,45,319,0.0
0,46,319,0.0
0,47,319,0.0
0,48,319,0.0
0,49,319,0.0
0,50,319,0.574
0,51,319,0.0
0,52,319,0.0
0,53,319,0.0
0,54,319,0.261
0,55,319,0.088
0,56,319,1.291
0,57,319,0.0
0,58,319,0.0
0,59,319,0.0
0,60,319,2.449
0,61,319,0.0
0,62,319,1.517
0,63,319,0.0
0,64,319,0.0
0,65,319,0.0
0,66,319,0.0
0,67,319,0.033
0,68,319,0.0
0,69,319,0.0
0,70,319,0.0
0,71,319,0.0
0,72,319,0.0
0,73,319,0.0
0,74,319,0.0
0,75,319,0.0
0,76,319,0.0
0,77,319,0.0
0,78,319,0.0
0,79,319,4.641
0,80,319,1.218
0,81,319,5.907
0,82,319,0.0
0,83,319,3.054
0,84,319,0.0
0,85,319,0.0
0,86,319,0.0
0,87,319,0.0
0,88,319,7.371
0,89,319,0.0
1,90,319,0.0
1,91,319,0.0
1,92,319,0.0
1,93,319,0.0
1,94,319,0.0
1,95,319,0.0
1,96,319,0.0
1,97,319,0.0
1,98,319,1.165
1,99,319,0.0
1,100,319,0.042
1,101,319,0.0
1,102,319,0.0
1,103,319,0.0
1,104,319,0.0
1,105,319,0.0
1,106,319,0.0
1,107,319,0.0
1,108,319,0.0
1,109,319,1.304
1,110,319,0.0
1,111,319,0.0
1,112,319,0.0
1,113,319,0.117
1,114,319,0.351
1,115,319,0.0
1,116,319,0.0
1,117,319,0.0
1,118,319,0.042
1,119,319,0.0
1,120,319,0.0
1,121,319,0.669
1,122,319,0.0
1,123,319,0.0
1,124,319,0.0
1,125,319,0.0
1,126,319,0.0
1,127,319,0.204
1,128,319,0.0
1,129,319,0.0
1,130,319,0.0
1,131,319,0.0
1,132,319,0.062
1,133,319,0.0
1,134,319,0.0
1,135,319,0.0
1,136,319,0.332
1,137,319,0.668
1,138,319,0.0
1,139,319,1.967
1,140,319,0.0
1,141,319,0.0
1,142,319,0.0
1,143,319,0.0
1,144,319,0.0
1,145,319,0.0
1,146,319,0.0
1,147,319,0.0
1,148,319,0.0
1,149,319,0.0
1,150,319,0.242
1,151,319,0.0
1,152,319,0.0
1,153,319,0.0
1,154,319,3.532
1,155,319,0.021
1,156,319,0.0
1,157,319,0.0
1,158,319,0.0
1,159,319,1.305
1,160,319,0.0
1,161,319,0.135
1,162,319,0.0
1,163,319,0.0
1,164,319,2.461
1,165,319,0.0
1,166,319,0.737
1,167,319,0.0
0,2,320,0.0
0,3,320,0.0
0,4,320,0.0
0,5,320,0.0
0,6,320,0.0
0,7,320,0.0
0,8,320,0.0
0,9,320,0.0
0,10,320,0.0
0,11,320,0.0
0,12,320,0.0
0,13,320,0.0
0,14,320,0.0
0,15,320,3.065
0,16,320,2.944
0,17,320,0.0
0,18,320,0.0
0,19,320,0.0
0,20,320,0.0
0,21,320,0.0
0,22,320,0.0
0,23,320,0.0
0,24,320,0.0
0,25,320,0.0
0,26,320,0.0
0,27,320,0.0
0,28,320,0.0
0,29,320,0.0
0,30,320,0.0
0,31,320,0.0
0,32,320,0.0
0,33,320,0.0
0,34,320,0.0
0,35,320,0.0
0,36,320,2.805
0,37,320,0.0
0,38,320,0.0
0,39,320,0.0
0,40,320,0.0
0,41,320,0.0
0,42,320,0.0
0,43,320,0.0
0,44,320,0.0
0,45,320,0.0
0,46,320,0.0
0,47,320,0.0
0,48,320,0.0
0,49,320,0.0
0,50,320,0.0
0,51,320,0.0
0,52,320,0.0
0,53,320,0.0
0,54,320,0.0
0,55,320,0.0
0,56,320,0.0
0,57,320,0.0
0,58,320,0.0
0,59,320,0.0
0,60,320,0.0
0,61,320,0.0
0,62,320,0.0
0,63,320,0.0
0,64,320,0.0
0,65,320,0.0
0,66,320,0.0
0,67,320,0.0
0,68,320,0.0
0,69,320,0.0
0,70,320,0.0
0,71,320,0.0
0,72,320,0.0
0,73,320,0.0
0,74,320,0.0
0,75,320,0.0
0,76,320,0.0
0,77,320,0.0
0,78,320,0.0
0,79,320,2.136
0,80,320,0.0
0,81,320,0.0
0,82,320,0.0
0,83,320,0.0
0,84,320,0.0
0,85,320,0.0
0,86,320,0.0
0,87,320,0.0
0,88,320,5.322
0,89,320,0.0
1,90,320,0.0
1,91,320,0.0
1,92,320,0.0
1,93,320,0.0
1,94,320,0.0
1,95,320,0.0
1,96,320,0.0
1,97,320,0.0
1,98,320,0.668
1,99,320,0.0
1,100,320,0.0
1,101,320,0.0
1,102,320,0.0
1,103,320,0.0
1,104,320,0.0
1,105,320,0.0
1,106,320,0.0
1,107,320,0.0
1,108,320,0.005
1,109,320,0.0
1,110,320,0.0
1,111,320,0.0
1,112,320,0.0
1,113,320,0.0
1,114,320,0.042
1,115,320,0.0
1,116,320,0.0
1,117,320,0.0
1,118,320,0.0
1,119,320,0.0
1,120,320,0.0
1,121,320,0.0
1,122,320,0.0
1,123,320,0.0
1,124,320,0.0
1,125,320,0.0
1,126,320,0.0
1,127,320,0.305
1,128,320,0.0
1,129,320,0.0
1,130,320,0.0
1,131,320,0.0
1,132,320,0.0
1,133,320,0.0
1,134,320,0.0
1,135,320,0.0
1,136,320,0.204
1,137,320,0.0
1,138,320,0.0
1,139,320,2.617
1,140,320,0.0
1,141,320,0.0
1,142,320,0.0
1,143,320,0.0
1,144,320,0.0
1,145,320,0.0
1,146,320,0.0
1,147,320,0.0
1,148,320,0.0
1,149,320,0.0
1,150,320,1.331
1,151,320,0.0
1,152,320,0.0
1,153,320,0.0
1,154,320,2.42
1,155,320,0.0
1,156,320,0.0
1,157,320,0.0
1,158,320,0.0
1,159,320,0.0
1,160,320,0.0
1,161,320,0.0
1,162,320,0.0
1,163,320,0.0
1,164,320,0.158
1,165,320,0.0
1,166,320,0.0
1,167,320,0.0
0,2,321,0.0
0,3,321,0.0
0,4,321,0.0
0,5,321,0.0
0,6,321,0.0
0,7,321,0.0
0,8,321,0.0
0,9,321,2.262
0,10,321,0.0
0,11,321,0.0
0,12,321,0.0
0,13,321,0.0
0,14,321,0.0
0,15,321,4.302
0,16,321,0.401
0,17,321,0.0
0,18,321,0.0
0,19,321,0.0
0,20,321,0.0
0,21,321,0.0
0,22,321,1.477
0,23,321,0.0
0,24,321,0.0
0,25,321,0.0
0,26,321,0.0
0,27,321,0.0
0,28,321,0.0
0,29,321,0.0
0,30,321,0.0
0,31,321,1.337
0,32,321,0.0
0,33,321,0.0
0,34,321,0.0
0,35,321,0.0
0,36,321,2.931
0,37,321,0.0
0,38,321,0.0
0,39,321,0.0
0,40,321,0.0
0,41,321,2.76
0,42,321,0.0
0,43,321,0.0
0,44,321,0.0
0,45,321,0.0
0,46,321,0.0
0,47,321,0.0
0,48,321,0.0
0,49,321,0.0
0,50,321,0.0
0,51,321,0.0
0,52,321,0.0
0,53,321,0.0
0,54,321,0.0
0,55,321,0.0
0,56,321,0.0
0,57,321,0.908
0,58,321,0.0
0,59,321,0.634
0,60,321,2.214
0,61,321,0.0
0,62,321,3.118
0,63,321,0.0
0,64,321,0.0
0,65,321,3.48
0,66,321,0.0
0,67,321,1.809
0,68,321,0.0
0,69,321,0.0
0,70,321,0.0
0,71,321,0.0
0,72,321,0.0
0,73,321,0.0
0,74,321,0.0
0,75,321,0.0
0,76,321,0.0
0,77,321,0.0
0,78,321,0.0
0,79,321,4.806
0,80,321,0.0
0,81,321,1.027
0,82,321,0.0
0,83,321,4.315
0,84,321,0.709
0,85,321,0.0
0,86,321,0.0
0,87,321,0.0
0,88,321,6.201
0,89,321,0.0
1,90,321,0.0
1,91,321,0.0
1,92,321,0.0
1,93,321,0.0
1,94,321,0.0
1,95,321,0.0
1,96,321,0.0
1,97,321,0.0
1,98,321,0.919
1,99,321,0.0
1,100,321,0.0
1,101,321,0.0
1,102,321,0.0
1,103,321,0.0
1,104,321,0.0
1,105,321,0.0
1,106,321,0.0
1,107,321,0.0
1,108,321,0.0
1,109,321,0.0
1,110,321,0.0
1,111,321,0.0
1,112,321,0.0
1,113,321,0.0
1,114,321,0.0
1,115,321,0.008
1,116,321,0.0
1,117,321,0.0
1,118,321,0.496
1,119,321,0.0
1,120,321,0.75
1,121,321,0.0
1,122,321,0.0
1,123,321,0.0
1,124,321,0.0
1,125,321,0.0
1,126,321,0.0
1,127,321,0.284
1,128,321,0.0
1,129,321,0.0
1,130,321,0.0
1,131,321,0.0
1,132,321,0.0
1,133,321,0.0
1,134,321,0.0
1,135,321,0.0
1,136,321,0.0
1,137,321,0.0
1,138,321,0.0
1,139,321,2.926
1,140,321,0.024
1,141,321,0.0
1,142,321,0.0
1,143,321,0.0
1,144,321,0.0
1,145,321,0.0
1,146,321,2.598
1,147,321,0.0
1,148,321,0.0
1,149,321,0.0
1,150,321,0.182
1,151,321,0.0
1,152,321,0.0
1,153,321,0.0
1,154,321,2.539
1,155,321,0.0
1,156,321,0.0
1,157,321,0.0
1,158,321,0.0
1,159,321,2.019
1,160,321,0.0
1,161,321,0.883
1,162,321,0.0
1,163,321,0.0
1,164,321,2.065
1,165,321,0.0
1,166,321,0.0
1,167,321,0.0
0,2,322,0.0
0,3,322,0.0
0,4,322,1.534
0,5,322,0.0
0,6,322,2.758
0,7,322,0.0
0,8,322,0.0
0,9,322,0.0
0,10,322,0.0
0,11,322,0.0
0,12,322,0.0
0,13,322,2.651
0,14,322,0.225
0,15,322,7.311
0,16,322,4.259
0,17,322,0.0
0,18,322,0.0
0,19,322,0.0
0,20,322,0.043
0,21,322,0.0
0,22,322,3.804
0,23,322,0.0
0,24,322,0.0
0,25,322,0.033
0,26,322,0.0
0,27,322,0.723
0,28,322,0.0
0,29,322,0.0
0,30,322,1.916
0,31,322,4.763
0,32,322,0.0
0,33,322,0.533
0,34,322,0.0
0,35,322,0.0
0,36,322,3.769
0,37,322,2.907
0,38,322,0.0
0,39,322,0.0
0,40,322,0.0
0,41,322,2.054
0,42,322,0.0
0,43,322,0.0
0,44,322,0.0
0,45,322,2.036
0,46,322,0.977
0,47,322,0.0
0,48,322,0.0
0,49,322,0.149
0,50,322,0.0
0,51,322,3.675
0,52,322,0.0
0,53,322,3.169
0,54,322,0.0
0,55,322,2.417
0,56,322,1.828
0,57,322,0.0
0,58,322,0.0
0,59,322,2.429
0,60,322,2.524
0,61,322,0.0
0,62,322,3.758
0,63,322,0.0
0,64,322,0.0
0,65,322,2.416
0,66,322,1.164
0,67,322,0.0
0,68,322,0.0
0,69,322,0.0
0,70,322,1.551
0,71,322,0.0
0,72,322,0.0
0,73,322,0.0
0,74,322,0.0
0,75,322,0.0
0,76,322,0.0
0,77,322,2.33
0,78,322,0.0
0,79,322,6.183
0,80,322,3.006
0,81,322,6.868
0,82,322,0.0
0,83,322,4.585
0,84,322,0.0
0,85,322,0.0
0,86,322,0.0
0,87,322,0.0
0,88,322,8.191
0,89,322,0.679
1,90,322,0.017
1,91,322,0.0
1,92,322,0.0
1,93,322,0.0
1,94,322,0.0
1,95,322,0.0
1,96,322,0.0
1,97,322,0.0
1,98,322,1.653
1,99,322,0.0
1,100,322,0.0
1,101,322,0.0
1,102,322,0.0
1,103,322,0.0
1,104,322,0.0
1,105,322,0.0
1,106,322,0.0
1,107,322,0.0
1,108,322,0.0
1,109,322,0.538
1,110,322,0.0
1,111,322,0.136
1,112,322,0.0
1,113,322,0.0
1,114,322,0.342
1,115,322,0.0
1,116,322,0.0
1,117,322,0.0
1,118,322,0.287
1,119,322,0.0
1,120,322,0.0
1,121,322,0.0
1,122,322,0.0
1,123,322,0.0
1,124,322,0.0
1,125,322,0.0
1,126,322,0.0
1,127,322,0.319
1,128,322,0.0
1,129,322,0.0
1,130,322,0.291
1,131,322,0.0
1,132,322,0.28
1,133,322,0.0
1,134,322,0.0
1,135,322,0.0
1,136,322,0.461
1,137,322,1.362
1,138,322,0.0
1,139,322,3.831
1,140,322,0.0
1,141,322,0.0
1,142,322,0.0
1,143,322,0.0
1,144,322,0.0
1,145,322,0.0
1,146,322,1.976
1,147,322,0.0
1,148,322,0.0
1,149,322,0.0
1,150,322,0.375
1,151,322,0.0
1,152,322,0.0
1,153,322,0.0
1,154,322,3.489
1,155,322,0.0
1,156,322,0.0
1,157,322,0.0
1,158,322,0.0
1,159,322,1.697
1,160,322,0.0
1,161,322,0.448
1,162,322,0.0
1,163,322,0.0
1,164,322,3.603
1,165,322,0.0
1,166,322,0.0
1,167,322,0.002
0,2,323,0.0
0,3,323,0.0
0,4,323,3.058
0,5,323,0.0
0,6,323,4.098
0,7,323,0.0
0,8,323,0.0
0,9,323,0.0
0,10,323,0.0
0,11,323,0.0
0,12,323,0.0
0,13,323,3.177
0,14,323,0.0
0,15,323,7.42
0,16,323,3.811
0,17,323,0.0
0,18,323,0.0
0,19,323,2.264
0,20,323,0.0
0,21,323,0.0
0,22,323,3.104
0,23,323,0.0
0,24,323,0.0
0,25,323,0.0
0,26,323,0.314
0,27,323,1.39
0,28,323,0.0
0,29,323,0.0
0,30,323,2.253
0,31,323,5.1
0,32,323,0.0
0,33,323,1.533
0,34,323,0.0
0,35,323,2.862
0,36,323,4.732
0,37,323,1.54
0,38,323,0.0
0,39,323,0.0
0,40,323,0.0
0,41,323,1.255
0,42,323,0.0
0,43,323,0.0
0,44,323,0.0
0,45,323,0.0
0,46,323,1.994
0,47,323,0.0
0,48,323,0.0
0,49,323,0.0
0,50,323,0.0
0,51,323,3.377
0,52,323,0.0
0,53,323,2.242
0,54,323,2.558
0,55,323,0.0
0,56,323,0.0
0,57,323,0.143
0,58,323,0.048
0,59,323,2.907
0,60,323,3.645
0,61,323,0.0
0,62,323,4.244
0,63,323,0.0
0,64,323,0.0
0,65,323,0.0
0,66,323,0.063
0,67,323,2.489
0,68,323,0.0
0,69,323,0.0
0,70,323,1.841
0,71,323,0.0
0,72,323,0.0
0,73,323,1.89
0,74,323,0.0
0,75,323,0.0
0,76,323,0.0
0,77,323,0.0
0,78,323,0.0
0,79,323,6.612
0,80,323,3.32
0,81,323,6.759
0,82,323,0.0
0,83,323,3.844
0,84,323,0.0
0,85,323,0.0
0,86,323,0.0
0,87,323,0.0
0,88,323,8.342
0,89,323,0.0
1,90,323,0.467
1,91,323,0.0
1,92,323,0.141
1,93,323,0.0
1,94,323,0.0
1,95,323,0.0
1,96,323,0.0
1,97,323,0.051
1,98,323,2.15
1,99,323,0.0
1,100,323,0.0
1,101,323,0.0
1,102,323,0.0
1,103,323,0.0
1,104,323,0.0
1,105,323,0.0
1,106,323,0.0
1,107,323,0.0
1,108,323,0.0
1,109,323,0.835
1,110,323,0.0
1,111,323,0.359
1,112,323,0.0
1,113,323,0.573
1,114,323,0.998
1,115,323,0.0
1,116,323,0.0
1,117,323,0.0
1,118,323,0.281
1,119,323,0.0
1,120,323,0.0
1,121,323,0.996
1,122,323,0.0
1,123,323,0.0
1,124,323,0.0
1,125,323,0.0
1,126,323,0.0
1,127,323,0.043
1,128,323,0.0
1,129,323,0.0
1,130,323,0.04
1,131,323,0.0
1,132,323,0.916
1,133,323,0.0
1,134,323,0.0
1,135,323,0.0
1,136,323,1.116
1,137,323,1.643
1,138,323,0.0
1,139,323,4.433
1,140,323,0.149
1,141,323,0.07
1,142,323,0.0
1,143,323,0.0
1,144,323,0.208
1,145,323,0.0
1,146,323,0.829
1,147,323,0.0
1,148,323,0.0
1,149,323,0.356
1,150,323,1.644
1,151,323,0.0
1,152,323,0.0
1,153,323,0.006
1,154,323,4.114
1,155,323,0.333
1,156,323,0.0
1,157,323,0.0
1,158,323,0.0
1,159,323,2.7
1,160,323,0.0
1,161,323,1.314
1,162,323,0.082
1,163,323,0.0
1,164,323,4.839
1,165,323,0.0
1,166,323,1.554
1,167,323,0.139
0,2,324,0.0
0,3,324,0.0
0,4,324,0.0
0,5,324,0.0
0,6,324,0.0
0,7,324,0.0
0,8,324,0.0
0,9,324,2.015
0,10,324,0.0
0,11,324,0.0
0,12,324,0.0
0,13,324,2.591
0,14,324,0.0
0,15,324,0.767
0,16,324,0.0
0,17,324,0.0
0,18,324,0.0
0,19,324,0.0
0,20,324,0.238
0,21,324,0.0
0,22,324,1.127
0,23,324,0.0
0,24,324,0.0
0,25,324,0.0
0,26,324,0.0
0,27,324,0.0
0,28,324,0.0
0,29,324,0.0
0,30,324,0.033
0,31,324,0.0
0,32,324,0.0
0,33,324,0.0
0,34,324,0.0
0,35,324,0.0
0,36,324,0.0
0,37,324,2.217
0,38,324,0.0
0,39,324,0.0
0,40,324,0.0
0,41,324,0.0
0,42,324,0.0
0,43,324,0.0
0,44,324,0.0
0,45,324,0.0
0,46,324,0.0
0,47,324,0.0
0,48,324,0.399
0,49,324,0.942
0,50,324,0.0
0,51,324,1.097
0,52,324,0.0
0,53,324,0.0
0,54,324,0.736
0,55,324,0.05
0,56,324,0.0
0,57,324,1.559
0,58,324,0.0
0,59,324,1.566
0,60,324,0.0
0,61,324,0.0
0,62,324,0.671
0,63,324,0.0
0,64,324,0.0
0,65,324,0.0
0,66,324,0.098
0,67,324,0.0
0,68,324,0.0
0,69,324,0.0
0,70,324,0.0
0,71,324,0.0
0,72,324,0.0
0,73,324,0.367
0,74,324,0.0
0,75,324,0.0
0,76,324,0.0
0,77,324,0.0
0,78,324,0.0
0,79,324,2.9
0,80,324,2.129
0,81,324,3.573
0,82,324,0.0
0,83,324,3.268
0,84,324,0.0
0,85,324,0.0
0,86,324,0.0
0,87,324,0.0
0,88,324,4.362
0,89,324,0.0
1,90,324,0.075
1,91,324,0.0
1,92,324,0.0
1,93,324,0.0
1,94,324,0.0
1,95,324,0.0
1,96,324,0.0
1,97,324,0.0
1,98,324,0.361
1,99,324,0.0
1,100,324,0.0
1,101,324,0.0
1,102,324,0.0
1,103,324,0.0
1,104,324,0.0
1,105,324,0.0
1,106,324,0.0
1,107,324,0.0
1,108,324,0.0
1,109,324,0.0
1,110,324,0.0
1,111,324,0.0
1,112,324,0.0
1,113,324,0.0
1,114,324,0.082
1,115,324,0.0
1,116,324,0.0
1,117,324,0.0
1,118,324,0.0
1,119,324,0.0
1,120,324,0.0
1,121,324,0.0
1,122,324,0.0
1,123,324,0.0
1,124,324,0.0
1,125,324,0.0
1,126,324,1.281
1,127,324,0.0
1,128,324,0.0
1,129,324,0.0
1,130,324,0.0
1,131,324,0.0
1,132,324,0.0
1,133,324,0.0
1,134,324,0.0
1,135,324,0.0
1,136,324,0.075
1,137,324,0.308
1,138,324,0.0
1,139,324,0.0
1,140,324,0.0
1,141,324,0.0
1,142,324,0.0
1,143,324,0.0
1,144,324,0.0
1,145,324,0.0
1,146,324,0.0
1,147,324,0.0
1,148,324,0.0
1,149,324,0.0
1,150,324,0.0
1,151,324,0.0
1,152,324,0.0
1,153,324,0.0
1,154,324,0.0
1,155,324,0.0
1,156,324,0.0
1,157,324,0.0
1,158,324,0.0
1,159,324,0.0
1,160,324,0.0
1,161,324,0.0
1,162,324,0.0
1,163,324,0.0
1,164,324,0.433
1,165,324,0.0
1,166,324,0.097
1,167,324,0.0
0,2,325,0.0
0,3,325,0.0
0,4,325,0.659
0,5,325,0.0
0,6,325,3.545
0,7,325,0.0
0,8,325,0.0
0,9,325,0.0
0,10,325,0.0
0,11,325,0.0
0,12,325,0.0
0,13,325,2.229
0,14,325,0.0
0,15,325,7.415
0,16,325,1.669
0,17,325,0.0
0,18,325,0.0
0,19,325,0.489
0,20,325,0.0
0,21,325,0.0
0,22,325,3.006
0,23,325,0.0
0,24,325,0.0
0,25,325,0.0
0,26,325,0.0
0,27,325,0.0
0,28,325,0.0
0,29,325,0.0
0,30,325,0.0
0,31,325,0.902
0,32,325,0.0
0,33,325,0.0
0,34,325,0.0
0,35,325,0.0
0,36,325,4.743
0,37,325,0.0
0,38,325,0.0
0,39,325,0.0
0,40,325,0.0
0,41,325,0.0
0,42,325,0.0
0,43,325,0.0
0,44,325,0.0
0,45,325,0.0
0,46,325,0.0
0,47,325,0.0
0,48,325,0.0
0,49,325,0.0
0,50,325,0.0
0,51,325,0.0
0,52,325,0.0
0,53,325,0.0
0,54,325,1.971
0,55,325,1.345
0,56,325,0.0
0,57,325,0.0
0,58,325,1.874
0,59,325,1.312
0,60,325,1.648
0,61,325,0.0
0,62,325,2.31
0,63,325,0.0
0,64,325,0.0
0,65,325,0.0
0,66,325,0.0
0,67,325,1.845
0,68,325,0.0
0,69,325,0.0
0,70,325,0.074
0,71,325,0.0
0,72,325,0.084
0,73,325,0.0
0,74,325,0.0
0,75,325,0.0
0,76,325,0.0
0,77,325,1.034
0,78,325,0.0
0,79,325,5.861
0,80,325,0.0
0,81,325,3.729
0,82,325,0.0
0,83,325,5.221
0,84,325,1.346
0,85,325,0.0
0,86,325,0.0
0,87,325,0.0
0,88,325,8.131
0,89,325,0.0
1,90,325,0.2
1,91,325,0.0
1,92,325,0.0
1,93,325,0.0
1,94,325,0.0
1,95,325,0.0
1,96,325,0.0
1,97,325,0.0
1,98,325,2.011
1,99,325,0.0
1,100,325,0.0
1,101,325,1.111
1,102,325,0.0
1,103,325,0.0
1,104,325,0.0
1,105,325,0.048
1,106,325,0.0
1,107,325,0.013
1,108,325,0.0
1,109,325,0.227
1,110,325,0.0
1,111,325,0.479
1,112,325,0.0
1,113,325,0.208
1,114,325,0.125
1,115,325,0.07
1,116,325,0.0
1,117,325,0.02
1,118,325,0.935
1,119,325,0.0
1,120,325,0.0
1,121,325,0.012
1,122,325,0.0
1,123,325,0.0
1,124,325,0.0
1,125,325,0.0
1,126,325,0.449
1,127,325,0.417
1,128,325,0.045
1,129,325,0.0
1,130,325,0.197
1,131,325,0.033
1,132,325,0.256
1,133,325,0.0
1,134,325,0.0
1,135,325,0.028
1,136,325,0.615
1,137,325,0.821
1,138,325,0.0
1,139,325,2.707
1,140,325,0.0
1,141,325,0.282
1,142,325,0.0
1,143,325,0.0
1,144,325,0.164
1,145,325,0.0
1,146,325,0.0
1,147,325,0.086
1,148,325,0.0
1,149,325,0.082
1,150,325,1.959
1,151,325,0.0
1,152,325,0.0
1,153,325,0.0
1,154,325,2.972
1,155,325,0.011
1,156,325,0.0
1,157,325,0.0
1,158,325,0.0
1,159,325,0.466
1,160,325,0.0
1,161,325,1.039
1,162,325,0.0
1,163,325,0.0
1,164,325,1.86
1,165,325,0.0
1,166,325,0.5
1,167,325,0.058
0,2,326,0.0
0,3,326,0.0
0,4,326,1.446
0,5,326,0.0
0,6,326,0.0
0,7,326,0.0
0,8,326,0.0
0,9,326,0.0
0,10,326,0.0
0,11,326,0.0
0,12,326,0.0
0,13,326,0.703
0,14,326,0.262
0,15,326,5.644
0,16,326,3.642
0,17,326,0.0
0,18,326,0.0
0,19,326,1.196
0,20,326,0.319
0,21,326,0.0
0,22,326,2.854
0,23,326,0.0
0,24,326,0.0
0,25,326,0.0
0,26,326,0.0
0,27,326,0.0
0,28,326,0.0
0,29,326,0.0
0,30,326,0.0
0,31,326,0.0
0,32,326,0.0
0,33,326,0.0
0,34,326,0.0
0,35,326,0.0
0,36,326,3.678
0,37,326,2.796
0,38,326,0.0
0,39,326,0.0
0,40,326,0.0
0,41,326,2.341
0,42,326,0.0
0,43,326,0.0
0,44,326,0.0
0,45,326,0.0
0,46,326,0.845
0,47,326,0.0
0,48,326,0.0
0,49,326,0.0
0,50,326,0.0
0,51,326,0.0
0,52,326,0.701
0,53,326,0.578
0,54,326,0.0
0,55,326,2.672
0,56,326,0.0
0,57,326,0.0
0,58,326,0.0
0,59,326,1.189
0,60,326,3.467
0,61,326,0.0
0,62,326,1.536
0,63,326,0.0
0,64,326,0.0
0,65,326,0.0
0,66,326,0.0
0,67,326,0.0
0,68,326,0.0
0,69,326,0.0
0,70,326,1.541
0,71,326,0.0
0,72,326,0.0
0,73,326,0.0
0,74,326,0.0
0,75,326,0.0
0,76,326,0.0
0,77,326,0.0
0,78,326,0.0
0,79,326,5.556
0,80,326,0.797
0,81,326,5.649
0,82,326,0.0
0,83,326,0.076
0,84,326,0.0
0,85,326,0.0
0,86,326,0.0
0,87,326,0.0
0,88,326,8.237
0,89,326,0.0
1,90,326,0.124
1,91,326,0.0
1,92,326,0.0
1,93,326,0.0
1,94,326,0.0
1,95,326,0.0
1,96,326,0.023
1,97,326,0.18
1,98,326,1.158
1,99,326,0.0
1,100,326,0.0
1,101,326,0.0
1,102,326,0.0
1,103,326,0.0
1,104,326,0.0
1,105,326,0.0
1,106,326,0.0
1,107,326,0.0
1,108,326,0.334
1,109,326,0.938
1,110,326,0.0
1,111,326,0.225
1,112,326,0.0
1,113,326,0.195
1,114,326,0.331
1,115,326,0.081
1,116,326,0.0
1,117,326,0.048
1,118,326,0.098
1,119,326,0.0
1,120,326,0.0
1,121,326,0.996
1,122,326,0.0
1,123,326,0.097
1,124,326,0.0
1,125,326,0.0
1,126,326,0.0
1,127,326,0.0
1,128,326,0.0
1,129,326,0.0
1,130,326,0.416
1,131,326,0.008
1,132,326,0.369
1,133,326,0.0
1,134,326,0.0
1,135,326,0.056
1,136,326,0.255
1,137,326,0.25
1,138,326,0.0
1,139,326,3.033
1,140,326,0.0
1,141,326,0.319
1,142,326,0.0
1,143,326,0.056
1,144,326,0.117
1,145,326,0.0
1,146,326,0.0
1,147,326,0.0
1,148,326,0.0
1,149,326,0.164
1,150,326,0.435
1,151,326,0.0
1,152,326,0.0
1,153,326,0.0
1,154,326,3.339
1,155,326,0.0
1,156,326,0.0
1,157,326,0.0
1,158,326,0.0
1,159,326,1.527
1,160,326,0.0
1,161,326,0.328
1,162,326,0.0
1,163,326,0.0
1,164,326,3.335
1,165,326,0.0
1,166,326,0.77
1,167,326,0.007
0,2,327,0.0
0,3,327,0.0
0,4,327,0.0
0,5,327,0.0
0,6,327,0.129
0,7,327,0.0
0,8,327,0.0
0,9,327,0.0
0,10,327,0.0
0,11,327,0.0
0,12,327,0.0
0,13,327,1.487
0,14,327,0.0
0,15,327,6.056
0,16,327,2.72
0,17,327,0.0
0,18,327,0.0
0,19,327,0.672
0,20,327,0.0
0,21,327,0.0
0,22,327,2.201
0,23,327,0.0
0,24,327,0.0
0,25,327,0.0
0,26,327,0.0
0,27,327,0.0
0,28,327,0.0
0,29,327,0.0
0,30,327,0.551
0,31,327,1.139
0,32,327,0.0
0,33,327,0.209
0,34,327,0.0
0,35,327,0.0
0,36,327,0.0
0,37,327,0.519
0,38,327,0.0
0,39,327,0.0
0,40,327,1.776
0,41,327,0.0
0,42,327,1.051
0,43,327,0.0
0,44,327,0.0
0,45,327,0.0
0,46,327,0.0
0,47,327,0.0
0,48,327,0.0
0,49,327,0.013
0,50,327,0.0
0,51,327,0.676
0,52,327,0.0
0,53,327,0.0
0,54,327,0.0
0,55,327,0.0
0,56,327,0.0
0,57,327,0.0
0,58,327,0.0
0,59,327,0.457
0,60,327,1.848
0,61,327,0.0
0,62,327,0.0
0,63,327,0.0
0,64,327,0.0
0,65,327,0.0
0,66,327,0.0
0,67,327,0.0
0,68,327,0.0
0,69,327,0.0
0,70,327,0.0
0,71,327,0.0
0,72,327,0.0
0,73,327,0.148
0,74,327,0.552
0,75,327,0.0
0,76,327,0.0
0,77,327,0.0
0,78,327,0.0
0,79,327,5.602
0,80,327,0.709
0,81,327,4.573
0,82,327,0.0
0,83,327,3.837
0,84,327,1.183
0,85,327,0.0
0,86,327,0.0
0,87,327,0.0
0,88,327,7.021
0,89,327,0.0
1,90,327,0.436
1,91,327,0.0
1,92,327,0.0
1,93,327,0.0
1,94,327,0.0
1,95,327,0.0
1,96,327,0.0
1,97,327,0.0
1,98,327,0.983
1,99,327,0.0
1,100,327,0.039
1,101,327,0.024
1,102,327,0.0
1,103,327,0.0
1,104,327,0.0
1,105,327,0.21
1,106,327,0.036
1,107,327,0.0
1,108,327,0.385
1,109,327,0.57
1,110,327,0.0
1,111,327,0.17
1,112,327,0.0
1,113,327,0.256
1,114,327,0.08
1,115,327,0.225
1,116,327,0.0
1,117,327,0.016
1,118,327,0.354
1,119,327,0.0
1,120,327,0.0
1,121,327,0.167
1,122,327,0.0
1,123,327,0.0
1,124,327,0.0
1,125,327,0.0
1,126,327,0.05
1,127,327,0.254
1,128,327,0.244
1,129,327,0.0
1,130,327,0.221
1,131,327,0.0
1,132,327,0.363
1,133,327,0.0
1,134,327,0.0
1,135,327,0.125
1,136,327,0.42
1,137,327,0.667
1,138,327,0.0
1,139,327,2.404
1,140,327,0.399
1,141,327,0.257
1,142,327,0.0
1,143,327,0.243
1,144,327,0.0
1,145,327,0.0
1,146,327,0.0
1,147,327,0.0
1,148,327,0.0
1,149,327,0.064
1,150,327,1.805
1,151,327,0.0
1,152,327,0.0
1,153,327,0.0
1,154,327,3.657
1,155,327,0.0
1,156,327,0.0
1,157,327,0.0
1,158,327,0.036
1,159,327,1.445
1,160,327,0.0
1,161,327,0.375
1,162,327,0.0
1,163,327,0.182
1,164,327,2.469
1,165,327,0.0
1,166,327,0.334
1,167,327,0.293
0,2,328,0.0
0,3,328,1.914
0,4,328,0.522
0,5,328,0.0
0,6,328,1.609
0,7,328,0.0
0,8,328,0.0
0,9,328,3.536
0,10,328,0.078
0,11,328,2.046
0,12,328,0.0
0,13,328,2.068
0,14,328,0.0
0,15,328,3.811
0,16,328,1.361
0,17,328,0.0
0,18,328,0.0
0,19,328,0.0
0,20,328,1.136
0,21,328,0.0
0,22,328,4.366
0,23,328,0.0
0,24,328,0.212
0,25,328,0.0
0,26,328,0.0
0,27,328,0.0
0,28,328,0.0
0,29,328,0.0
0,30,328,1.999
0,31,328,1.884
0,32,328,0.0
0,33,328,0.241
0,34,328,0.0
0,35,328,2.256
0,36,328,3.789
0,37,328,1.915
0,38,328,0.0
0,39,328,0.0
0,40,328,0.0
0,41,328,1.157
0,42,328,0.0
0,43,328,0.0
0,44,328,0.0
0,45,328,0.0
0,46,328,3.14
0,47,328,0.0
0,48,328,0.0
0,49,328,1.166
0,50,328,0.0
0,51,328,2.557
0,52,328,0.0
0,53,328,0.0
0,54,328,1.621
0,55,328,2.781
0,56,328,0.0
0,57,328,0.0
0,58,328,0.0
0,59,328,2.647
0,60,328,5.312
0,61,328,0.0
0,62,328,4.707
0,63,328,0.0
0,64,328,0.0
0,65,328,0.0
0,66,328,0.132
0,67,328,1.095
0,68,328,0.0
0,69,328,0.0
0,70,328,0.0
0,71,328,0.0
0,72,328,0.0
0,73,328,2.27
0,74,328,0.0
0,75,328,0.0
0,76,328,0.0
0,77,328,0.0
0,78,328,0.0
0,79,328,5.695
0,80,328,3.053
0,81,328,6.536
0,82,328,0.11
0,83,328,4.419
0,84,328,2.107
0,85,328,0.0
0,86,328,0.0
0,87,328,0.0
0,88,328,7.918
0,89,328,0.0
1,90,328,0.13
1,91,328,0.463
1,92,328,0.0
1,93,328,0.0
1,94,328,0.047
1,95,328,0.0
1,96,328,0.046
1,97,328,0.018
1,98,328,0.754
1,99,328,0.0
1,100,328,0.0
1,101,328,0.0
1,102,328,0.0
1,103,328,0.0
1,104,328,0.112
1,105,328,0.0
1,106,328,0.0
1,107,328,0.0
1,108,328,0.0
1,109,328,0.0
1,110,328,0.0
1,111,328,0.0
1,112,328,0.0
1,113,328,0.287
1,114,328,0.488
1,115,328,0.038
1,116,328,0.0
1,117,328,0.0
1,118,328,0.228
1,119,328,0.0
1,120,328,0.0
1,121,328,1.152
1,122,328,0.0
1,123,328,0.4
1,124,328,0.071
1,125,328,0.0
1,126,328,0.0
1,127,328,0.454
1,128,328,0.0
1,129,328,0.0
1,130,328,0.879
1,131,328,0.121
1,132,328,0.613
1,133,328,0.0
1,134,328,0.0
1,135,328,0.207
1,136,328,0.23
1,137,328,0.0
1,138,328,0.0
1,139,328,4.155
1,140,328,0.135
1,141,328,0.281
1,142,328,0.0
1,143,328,0.441
1,144,328,0.0
1,145,328,0.0
1,146,328,0.359
1,147,328,0.0
1,148,328,2.108
1,149,328,0.106
1,150,328,0.403
1,151,328,0.0
1,152,328,0.0
1,153,328,0.0
1,154,328,3.785
1,155,328,0.168
1,156,328,0.096
1,157,328,0.0
1,158,328,0.052
1,159,328,3.717
1,160,328,0.0
1,161,328,0.401
1,162,328,0.0
1,163,328,0.0
1,164,328,2.478
1,165,328,0.0
1,166,328,0.318
1,167,328,0.015
0,2,329,0.0
0,3,329,0.0
0,4,329,0.618
0,5,329,0.0
0,6,329,1.985
0,7,329,0.0
0,8,329,0.0
0,9,329,0.0
0,10,329,0.0
0,11,329,0.0
0,12,329,0.0
0,13,329,0.0
0,14,329,0.0
0,15,329,4.838
0,16,329,0.0
0,17,329,0.0
0,18,329,0.0
0,19,329,0.0
0,20,329,0.0
0,21,329,0.0
0,22,329,2.066
0,23,329,0.0
0,24,329,0.0
0,25,329,0.0
0,26,329,0.0
0,27,329,0.0
0,28,329,0.0
0,29,329,0.0
0,30,329,0.0
0,31,329,0.186
0,32,329,0.0
0,33,329,0.0
0,34,329,0.0
0,35,329,0.0
0,36,329,3.594
0,37,329,0.0
0,38,329,0.014
0,39,329,0.0
0,40,329,0.0
0,41,329,1.392
0,42,329,0.0
0,43,329,0.0
0,44,329,0.0
0,45,329,0.0
0,46,329,0.0
0,47,329,0.0
0,48,329,0.87
0,49,329,0.0
0,50,329,0.0
0,51,329,0.0
0,52,329,0.0
0,53,329,0.0
0,54,329,1.431
0,55,329,1.137
0,56,329,0.0
0,57,329,0.0
0,58,329,0.415
0,59,329,0.267
0,60,329,3.002
0,61,329,0.0
0,62,329,1.78
0,63,329,0.0
0,64,329,0.0
0,65,329,0.0
0,66,329,0.0
0,67,329,0.0
0,68,329,0.0
0,69,329,0.0
0,70,329,0.0
0,71,329,0.0
0,72,329,0.0
0,73,329,0.0
0,74,329,0.0
0,75,329,0.0
0,76,329,0.0
0,77,329,0.0
0,78,329,0.0
0,79,329,6.265
0,80,329,1.727
0,81,329,4.228
0,82,329,0.0
0,83,329,3.502
0,84,329,2.144
0,85,329,0.0
0,86,329,0.0
0,87,329,0.0
0,88,329,7.035
0,89,329,0.0
1,90,329,0.0
1,91,329,0.0
1,92,329,0.0
1,93,329,0.0
1,94,329,0.0
1,95,329,0.0
1,96,329,0.0
1,97,329,0.0
1,98,329,1.293
1,99,329,0.0
1,100,329,0.0
1,101,329,0.17
1,102,329,0.0
1,103,329,0.0
1,104,329,0.0
1,105,329,5.023
1,106,329,0.0
1,107,329,0.0
1,108,329,0.0
1,109,329,0.0
1,110,329,0.0
1,111,329,0.467
1,112,329,0.0
1,113,329,0.0
1,114,329,0.0
1,115,329,0.0
1,116,329,0.0
1,117,329,0.0
1,118,329,0.695
1,119,329,0.0
1,120,329,0.0
1,121,329,0.041
1,122,329,0.0
1,123,329,0.101
1,124,329,0.0
1,125,329,0.0
1,126,329,0.142
1,127,329,0.461
1,128,329,0.0
1,129,329,0.0
1,130,329,0.0
1,131,329,0.0
1,132,329,0.008
1,133,329,0.0
1,134,329,0.0
1,135,329,0.0
1,136,329,0.0
1,137,329,0.108
1,138,329,0.0
1,139,329,4.709
1,140,329,0.0
1,141,329,0.0
1,142,329,0.0
1,143,329,0.0
1,144,329,0.0
1,145,329,0.0
1,146,329,0.31
1,147,329,0.0
1,148,329,0.0
1,149,329,0.06
1,150,329,0.335
1,151,329,0.0
1,152,329,0.082
1,153,329,0.0
1,154,329,4.116
1,155,329,0.065
1,156,329,0.0
1,157,329,0.0
1,158,329,0.0
1,159,329,0.669
1,160,329,0.0
1,161,329,1.268
1,162,329,0.0
1,163,329,0.0
1,164,329,1.133
1,165,329,0.0
1,166,329,0.165
1,167,329,0.0
0,2,330,0.0
0,3,330,0.0
0,4,330,0.0
0,5,330,0.0
0,6,330,0.0
0,7,330,0.0
0,8,330,0.0
0,9,330,0.0
0,10,330,0.0
0,11,330,0.0
0,12,330,0.0
0,13,330,0.0
0,14,330,0.0
0,15,330,4.285
0,16,330,0.583
0,17,330,0.0
0,18,330,0.0
0,19,330,0.0
0,20,330,0.0
0,21,330,0.0
0,22,330,0.397
0,23,330,0.0
0,24,330,0.0
0,25,330,0.0
0,26,330,0.0
0,27,330,0.0
0,28,330,0.0
0,29,330,0.0
0,30,330,0.0
0,31,330,1.878
0,32,330,0.0
0,33,330,0.088
0,34,330,0.0
0,35,330,0.0
0,36,330,1.78
0,37,330,0.0
0,38,330,0.0
0,39,330,0.0
0,40,330,0.0
0,41,330,2.178
0,42,330,0.0
0,43,330,0.0
0,44,330,0.0
0,45,330,0.0
0,46,330,0.0
0,47,330,0.0
0,48,330,0.0
0,49,330,0.0
0,50,330,0.0
0,51,330,0.0
0,52,330,0.0
0,53,330,0.0
0,54,330,0.0
0,55,330,0.0
0,56,330,0.0
0,57,330,0.0
0,58,330,0.0
0,59,330,0.0
0,60,330,0.0
0,61,330,0.0
0,62,330,0.763
0,63,330,0.0
0,64,330,0.0
0,65,330,0.0
0,66,330,0.0
0,67,330,0.0
0,68,330,0.0
0,69,330,0.0
0,70,330,0.0
0,71,330,0.0
0,72,330,0.0
0,73,330,0.0
0,74,330,0.0
0,75,330,0.0
0,76,330,0.0
0,77,330,0.0
0,78,330,0.0
0,79,330,2.831
0,80,330,0.652
0,81,330,2.849
0,82,330,0.0
0,83,330,1.704
0,84,330,0.0
0,85,330,0.0
0,86,330,0.0
0,87,330,0.0
0,88,330,4.032
0,89,330,0.0
1,90,330,0.0
1,91,330,0.0
1,92,330,0.0
1,93,330,0.0
1,94,330,0.0
1,95,330,0.0
1,96,330,0.0
1,97,330,0.0
1,98,330,0.834
1,99,330,0.0
1,100,330,0.0
1,101,330,0.0
1,102,330,0.0
1,103,330,0.0
1,104,330,0.0
1,105,330,0.0
1,106,330,0.0
1,107,330,0.0
1,108,330,0.0
1,109,330,0.0
1,110,330,0.0
1,111,330,0.013
1,112,330,0.0
1,113,330,0.0
1,114,330,0.0
1,115,330,0.0
1,116,330,0.0
1,117,330,0.0
1,118,330,0.0
1,119,330,0.0
1,120,330,0.594
1,121,330,0.0
1,122,330,0.0
1,123,330,0.0
1,124,330,0.0
1,125,330,0.0
1,126,330,0.0
1,127,330,0.474
1,128,330,0.0
1,129,330,0.0
1,130,330,0.0
1,131,330,0.0
1,132,330,0.0
1,133,330,0.0
1,134,330,0.0
1,135,330,0.0
1,136,330,0.0
1,137,330,0.0
1,138,330,0.0
1,139,330,3.358
1,140,330,0.0
1,141,330,0.0
1,142,330,0.0
1,143,330,0.0
1,144,330,0.0
1,145,330,0.0
1,146,330,0.683
1,147,330,0.0
1,148,330,0.0
1,149,330,0.0
1,150,330,1.119
1,151,330,0.0
1,152,330,0.0
1,153,330,0.0
1,154,330,2.416
1,155,330,0.0
1,156,330,0.0
1,157,330,0.0
1,158,330,0.0
1,159,330,2.901
1,160,330,0.0
1,161,330,0.543
1,162,330,0.0
1,163,330,0.0
1,164,330,1.258
1,165,330,0.0
1,166,330,0.0
1,167,330,0.0
0,2,331,0.0
0,3,331,0.0
0,4,331,0.0
0,5,331,0.0
0,6,331,0.0
0,7,331,0.0
0,8,331,0.0
0,9,331,0.0
0,10,331,0.0
0,11,331,0.0
0,12,331,0.0
0,13,331,0.0
0,14,331,0.0
0,15,331,0.0
0,16,331,0.0
0,17,331,0.0
0,18,331,0.0
0,19,331,0.0
0,20,331,0.0
0,21,331,0.0
0,22,331,0.0
0,23,331,0.0
0,24,331,0.0
0,25,331,0.0
0,26,331,0.0
0,27,331,0.0
0,28,331,0.0
0,29,331,0.0
0,30,331,0.0
0,31,331,0.0
0,32,331,0.0
0,33,331,0.0
0,34,331,0.0
0,35,331,0.0
0,36,331,0.0
0,37,331,1.845
0,38,331,0.0
0,39,331,0.0
0,40,331,0.0
0,41,331,0.0
0,42,331,0.0
0,43,331,0.0
0,44,331,0.0
0,45,331,0.0
0,46,331,0.0
0,47,331,0.0
0,48,331,0.0
0,49,331,0.0
0,50,331,0.0
0,51,331,0.0
0,52,331,0.0
0,53,331,0.0
0,54,331,0.0
0,55,331,0.0
0,56,331,0.0
0,57,331,0.0
0,58,331,0.0
0,59,331,0.0
0,60,331,0.0
0,61,331,0.0
0,62,331,0.0
0,63,331,0.0
0,64,331,0.0
0,65,331,0.0
0,66,331,0.0
0,67,331,0.0
0,68,331,0.0
0,69,331,0.0
0,70,331,0.0
0,71,331,0.0
0,72,331,0.0
0,73,331,0.0
0,74,331,0.0
0,75,331,0.0
0,76,331,0.0
0,77,331,0.0
0,78,331,0.0
0,79,331,0.0
0,80,331,0.0
0,81,331,0.0
0,82,331,0.0
0,83,331,0.0
0,84,331,0.0
0,85,331,0.0
0,86,331,0.0
0,87,331,0.0
0,88,331,0.0
0,89,331,0.0
1,90,331,0.131
1,91,331,0.0
1,92,331,0.0
1,93,331,0.0
1,94,331,0.0
1,95,331,0.0
1,96,331,0.0
1,97,331,0.0
1,98,331,0.0
1,99,331,0.0
1,100,331,0.0
1,101,331,0.0
1,102,331,0.0
1,103,331,0.0
1,104,331,0.0
1,105,331,0.0
1,106,331,0.0
1,107,331,0.0
1,108,331,0.123
1,109,331,0.0
1,110,331,0.0
1,111,331,0.0
1,112,331,0.0
1,113,331,0.0
1,114,331,0.0
1,115,331,0.0
1,116,331,0.0
1,117,331,0.0
1,118,331,0.0
1,119,331,0.0
1,120,331,0.0
1,121,331,0.0
1,122,331,0.0
1,123,331,0.0
1,124,331,0.0
1,125,331,0.0
1,126,331,0.0
1,127,331,0.0
1,128,331,0.0
1,129,331,0.0
1,130,331,0.0
1,131,331,0.0
1,132,331,0.0
1,133,331,0.0
1,134,331,0.0
1,135,331,0.0
1,136,331,0.0
1,137,331,0.0
1,138,331,0.0
1,139,331,0.0
1,140,331,0.0
1,141,331,0.024
1,142,331,0.0
1,143,331,0.105
1,144,331,0.0
1,145,331,0.0
1,146,331,0.0
1,147,331,0.0
1,148,331,0.0
1,149,331,0.0
1,150,331,0.0
1,151,331,0.0
1,152,331,0.0
1,153,331,0.0
1,154,331,0.0
1,155,331,0.0
1,156,331,0.0
1,157,331,0.0
1,158,331,0.0
1,159,331,0.0
1,160,331,0.0
1,161,331,0.0
1,162,331,0.0
1,163,331,0.0
1,164,331,0.0
1,165,331,0.0
1,166,331,0.0
1,167,331,0.0
0,2,332,0.0
0,3,332,0.0
0,4,332,0.262
0,5,332,0.0
0,6,332,0.0
0,7,332,0.0
0,8,332,0.0
0,9,332,0.0
0,10,332,0.0
0,11,332,1.367
0,12,332,0.0
0,13,332,1.792
0,14,332,0.0
0,15,332,5.493
0,16,332,0.0
0,17,332,0.0
0,18,332,0.0
0,19,332,1.212
0,20,332,2.182
0,21,332,0.0
0,22,332,3.125
0,23,332,0.0
0,24,332,0.0
0,25,332,1.053
0,26,332,0.0
0,27,332,1.707
0,28,332,0.0
0,29,332,0.0
0,30,332,0.0
0,31,332,4.262
0,32,332,0.0
0,33,332,0.202
0,34,332,0.0
0,35,332,0.0
0,36,332,2.851
0,37,332,1.8
0,38,332,0.0
0,39,332,0.0
0,40,332,1.617
0,41,332,2.219
0,42,332,0.303
0,43,332,0.0
0,44,332,0.0
0,45,332,0.0
0,46,332,1.499
0,47,332,0.0
0,48,332,0.411
0,49,332,0.808
0,50,332,0.0
0,51,332,1.673
0,52,332,0.0
0,53,332,3.312
0,54,332,0.0
0,55,332,3.048
0,56,332,0.0
0,57,332,0.0
0,58,332,0.0
0,59,332,2.164
0,60,332,5.384
0,61,332,0.0
0,62,332,6.088
0,63,332,0.0
0,64,332,0.0
0,65,332,0.0
0,66,332,0.0
0,67,332,1.883
0,68,332,0.0
0,69,332,0.0
0,70,332,0.0
0,71,332,0.0
0,72,332,0.0
0,73,332,1.037
0,74,332,0.069
0,75,332,0.0
0,76,332,0.0
0,77,332,0.0
0,78,332,0.0
0,79,332,6.096
0,80,332,3.431
0,81,332,6.599
0,82,332,0.0
0,83,332,3.339
0,84,332,0.0
0,85,332,0.0
0,86,332,0.0
0,87,332,0.0
0,88,332,9.211
0,89,332,0.0
1,90,332,0.193
1,91,332,0.416
1,92,332,0.0
1,93,332,0.0
1,94,332,0.0
1,95,332,0.0
1,96,332,0.0
1,97,332,0.0
1,98,332,1.768
1,99,332,0.0
1,100,332,0.0
1,101,332,0.0
1,102,332,0.0
1,103,332,0.0
1,104,332,0.0
1,105,332,0.0
1,106,332,0.0
1,107,332,0.0
1,108,332,0.0
1,109,332,0.0
1,110,332,0.0
1,111,332,0.179
1,112,332,0.0
1,113,332,0.201
1,114,332,0.0
1,115,332,0.09
1,116,332,0.0
1,117,332,0.0
1,118,332,1.831
1,119,332,0.0
1,120,332,0.0
1,121,332,0.0
1,122,332,0.0
1,123,332,0.0
1,124,332,0.0
1,125,332,0.0
1,126,332,0.0
1,127,332,0.703
1,128,332,0.0
1,129,332,0.0
1,130,332,0.676
1,131,332,0.0
1,132,332,0.451
1,133,332,0.0
1,134,332,0.0
1,135,332,0.013
1,136,332,0.651
1,137,332,0.0
1,138,332,0.0
1,139,332,5.207
1,140,332,0.0
1,141,332,0.042
1,142,332,0.0
1,143,332,0.0
1,144,332,0.0
1,145,332,0.0
1,146,332,0.0
1,147,332,0.0
1,148,332,0.0
1,149,332,0.0
1,150,332,0.0
1,151,332,0.0
1,152,332,0.0
1,153,332,0.0
1,154,332,3.913
1,155,332,0.132
1,156,332,0.0
1,157,332,0.0
1,158,332,0.0
1,159,332,0.709
1,160,332,0.0
1,161,332,0.35
1,162,332,0.0
1,163,332,0.0
1,164,332,3.023
1,165,332,0.0
1,166,332,1.935
1,167,332,0.22
0,2,333,0.0
0,3,333,0.0
0,4,333,0.0
0,5,333,0.0
0,6,333,0.411
0,7,333,0.0
0,8,333,0.0
0,9,333,0.0
0,10,333,0.0
0,11,333,0.0
0,12,333,0.0
0,13,333,0.0
0,14,333,0.0
0,15,333,5.369
0,16,333,0.0
0,17,333,0.0
0,18,333,0.0
0,19,333,0.0
0,20,333,1.504
0,21,333,0.0
0,22,333,0.0
0,23,333,0.0
0,24,333,0.0
0,25,333,0.0
0,26,333,0.0
0,27,333,0.0
0,28,333,0.0
0,29,333,0.0
0,30,333,0.0
0,31,333,1.63
0,32,333,0.0
0,33,333,0.0
0,34,333,0.0
0,35,333,0.0
0,36,333,3.217
0,37,333,0.0
0,38,333,0.0
0,39,333,0.0
0,40,333,0.0
0,41,333,2.315
0,42,333,0.0
0,43,333,0.0
0,44,333,0.0
0,45,333,0.0
0,46,333,0.0
0,47,333,0.0
0,48,333,0.0
0,49,333,0.0
0,50,333,0.0
0,51,333,0.0
0,52,333,0.0
0,53,333,0.0
0,54,333,0.0
0,55,333,0.0
0,56,333,0.0
0,57,333,0.0
0,58,333,0.0
0,59,333,1.449
0,60,333,1.315
0,61,333,0.0
0,62,333,3.184
0,63,333,0.0
0,64,333,0.0
0,65,333,0.0
0,66,333,0.0
0,67,333,0.872
0,68,333,0.0
0,69,333,0.0
0,70,333,0.0
0,71,333,0.0
0,72,333,0.0
0,73,333,1.017
0,74,333,0.0
0,75,333,0.0
0,76,333,0.0
0,77,333,0.713
0,78,333,0.0
0,79,333,4.737
0,80,333,0.238
0,81,333,0.0
0,82,333,0.852
0,83,333,1.118
0,84,333,0.0
0,85,333,0.0
0,86,333,0.0
0,87,333,0.0
0,88,333,7.664
0,89,333,0.0
1,90,333,0.152
1,91,333,0.0
1,92,333,0.0
1,93,333,0.0
1,94,333,0.0
1,95,333,0.0
1,96,333,0.0
1,97,333,0.0
1,98,333,0.355
1,99,333,0.0
1,100,333,0.0
1,101,333,0.0
1,102,333,0.0
1,103,333,0.0
1,104,333,0.0
1,105,333,0.0
1,106,333,0.0
1,107,333,0.0
1,108,333,0.0
1,109,333,0.0
1,110,333,0.0
1,111,333,0.0
1,112,333,0.0
1,113,333,0.0
1,114,333,0.0
1,115,333,0.0
1,116,333,0.0
1,117,333,0.0
1,118,333,0.535
1,119,333,0.0
1,120,333,0.0
1,121,333,0.0
1,122,333,0.0
1,123,333,0.0
1,124,333,0.0
1,125,333,0.0
1,126,333,0.0
1,127,333,0.116
1,128,333,0.0
1,129,333,0.0
1,130,333,0.0
1,131,333,0.0
1,132,333,0.0
1,133,333,0.0
1,134,333,0.0
1,135,333,0.0
1,136,333,0.0
1,137,333,0.0
1,138,333,0.0
1,139,333,2.293
1,140,333,0.0
1,141,333,0.0
1,142,333,0.0
1,143,333,0.0
1,144,333,0.0
1,145,333,0.0
1,146,333,0.0
1,147,333,0.0
1,148,333,0.0
1,149,333,0.0
1,150,333,0.0
1,151,333,0.0
1,152,333,0.0
1,153,333,0.0
1,154,333,2.146
1,155,333,0.0
1,156,333,0.0
1,157,333,0.0
1,158,333,0.12
1,159,333,0.602
1,160,333,0.0
1,161,333,0.0
1,162,333,0.0
1,163,333,0.0
1,164,333,2.525
1,165,333,0.0
1,166,333,0.0
1,167,333,0.0
0,2,334,0.0
0,3,334,0.0
0,4,334,0.0
0,5,334,0.0
0,6,334,0.0
0,7,334,0.0
0,8,334,0.0
0,9,334,0.283
0,10,334,0.0
0,11,334,1.755
0,12,334,0.0
0,13,334,2.119
0,14,334,0.0
0,15,334,5.189
0,16,334,0.0
0,17,334,0.0
0,18,334,0.0
0,19,334,0.002
0,20,334,0.0
0,21,334,0.0
0,22,334,3.949
0,23,334,0.0
0,24,334,0.0
0,25,334,0.0
0,26,334,0.0
0,27,334,0.0
0,28,334,0.0
0,29,334,0.0
0,30,334,0.0
0,31,334,0.0
0,32,334,0.0
0,33,334,0.0
0,34,334,0.0
0,35,334,1.355
0,36,334,1.893
0,37,334,0.0
0,38,334,0.0
0,39,334,0.0
0,40,334,0.0
0,41,334,2.236
0,42,334,0.0
0,43,334,0.0
0,44,334,0.0
0,45,334,0.0
0,46,334,2.271
0,47,334,0.0
0,48,334,0.0
0,49,334,0.0
0,50,334,0.0
0,51,334,0.0
0,52,334,0.0
0,53,334,0.0
0,54,334,0.0
0,55,334,0.17
0,56,334,0.0
0,57,334,1.151
0,58,334,0.0
0,59,334,0.0
0,60,334,3.95
0,61,334,0.0
0,62,334,3.83
0,63,334,0.0
0,64,334,0.0
0,65,334,0.0
0,66,334,0.0
0,67,334,0.0
0,68,334,0.0
0,69,334,0.0
0,70,334,0.0
0,71,334,0.0
0,72,334,0.0
0,73,334,0.0
0,74,334,0.0
0,75,334,0.0
0,76,334,0.0
0,77,334,0.0
0,78,334,0.0
0,79,334,5.011
0,80,334,2.037
0,81,334,5.366
0,82,334,0.0
0,83,334,1.302
0,84,334,1.69
0,85,334,0.0
0,86,334,0.0
0,87,334,0.0
0,88,334,7.309
0,89,334,0.0
1,90,334,0.305
1,91,334,0.31
1,92,334,0.0
1,93,334,0.0
1,94,334,0.0
1,95,334,0.0
1,96,334,0.0
1,97,334,0.0
1,98,334,0.751
1,99,334,0.0
1,100,334,0.0
1,101,334,0.0
1,102,334,0.0
1,103,334,0.0
1,104,334,0.0
1,105,334,0.0
1,106,334,0.0
1,107,334,0.0
1,108,334,0.0
1,109,334,0.0
1,110,334,0.0
1,111,334,0.0
1,112,334,0.0
1,113,334,0.06
1,114,334,0.105
1,115,334,0.056
1,116,334,0.0
1,117,334,0.0
1,118,334,0.624
1,119,334,0.038
1,120,334,0.0
1,121,334,1.385
1,122,334,0.0
1,123,334,0.0
1,124,334,0.0
1,125,334,0.0
1,126,334,0.0
1,127,334,0.342
1,128,334,0.0
1,129,334,0.242
1,130,334,0.339
1,131,334,0.0
1,132,334,0.379
1,133,334,0.0
1,134,334,0.0
1,135,334,0.0
1,136,334,0.168
1,137,334,0.0
1,138,334,0.0
1,139,334,3.477
1,140,334,0.166
1,141,334,0.193
1,142,334,0.0
1,143,334,0.154
1,144,334,0.0
1,145,334,0.0
1,146,334,0.0
1,147,334,0.0
1,148,334,0.0
1,149,334,0.0
1,150,334,0.0
1,151,334,0.0
1,152,334,0.091
1,153,334,0.0
1,154,334,3.734
1,155,334,0.0
1,156,334,0.0
1,157,334,0.0
1,158,334,0.0
1,159,334,2.692
1,160,334,0.0
1,161,334,0.49
1,162,334,0.0
1,163,334,0.0
1,164,334,2.842
1,165,334,0.0
1,166,334,1.438
1,167,334,0.139
0,2,335,0.0
0,3,335,0.568
0,4,335,0.0
0,5,335,0.0
0,6,335,0.0
0,7,335,0.0
0,8,335,0.0
0,9,335,1.208
0,10,335,0.0
0,11,335,2.054
0,12,335,0.0
0,13,335,2.449
0,14,335,0.0
0,15,335,7.692
0,16,335,1.435
0,17,335,0.0
0,18,335,0.0
0,19,335,0.0
0,20,335,0.0
0,21,335,0.0
0,22,335,1.803
0,23,335,0.0
0,24,335,0.0
0,25,335,2.257
0,26,335,0.0
0,27,335,2.016
0,28,335,0.0
0,29,335,0.0
0,30,335,0.296
0,31,335,0.0
0,32,335,0.0
0,33,335,0.319
0,34,335,0.0
0,35,335,0.0
0,36,335,3.497
0,37,335,2.017
0,38,335,0.0
0,39,335,0.0
0,40,335,0.661
0,41,335,2.329
0,42,335,0.413
0,43,335,0.0
0,44,335,0.0
0,45,335,0.0
0,46,335,1.545
0,47,335,0.0
0,48,335,0.0
0,49,335,0.0
0,50,335,0.0
0,51,335,0.0
0,52,335,0.0
0,53,335,0.0
0,54,335,0.0
0,55,335,0.917
0,56,335,0.0
0,57,335,1.857
0,58,335,0.0
0,59,335,2.669
0,60,335,4.85
0,61,335,0.0
0,62,335,3.333
0,63,335,0.0
0,64,335,0.0
0,65,335,0.0
0,66,335,0.0
0,67,335,0.152
0,68,335,0.0
0,69,335,0.0
0,70,335,1.16
0,71,335,0.0
0,72,335,0.0
0,73,335,0.467
0,74,335,0.0
0,75,335,0.0
0,76,335,0.0
0,77,335,0.0
0,78,335,0.0
0,79,335,4.618
0,80,335,1.644
0,81,335,6.44
0,82,335,0.0
0,83,335,4.467
0,84,335,4.092
0,85,335,0.0
0,86,335,0.0
0,87,335,0.0
0,88,335,8.552
0,89,335,0.0
1,90,335,0.413
1,91,335,0.0
1,92,335,0.0
1,93,335,0.0
1,94,335,0.0
1,95,335,0.0
1,96,335,0.103
1,97,335,0.145
1,98,335,1.88
1,99,335,0.0
1,100,335,0.085
1,101,335,0.0
1,102,335,0.0
1,103,335,0.066
1,104,335,0.0
1,105,335,0.0
1,106,335,0.0
1,107,335,0.095
1,108,335,0.151
1,109,335,1.029
1,110,335,0.0
1,111,335,0.575
1,112,335,0.0
1,113,335,0.307
1,114,335,0.556
1,115,335,0.043
1,116,335,0.0
1,117,335,0.228
1,118,335,0.713
1,119,335,0.093
1,120,335,0.0
1,121,335,0.085
1,122,335,0.0
1,123,335,0.194
1,124,335,0.049
1,125,335,0.0
1,126,335,0.0
1,127,335,0.187
1,128,335,0.0
1,129,335,0.113
1,130,335,0.931
1,131,335,0.19
1,132,335,0.402
1,133,335,0.0
1,134,335,0.0
1,135,335,0.217
1,136,335,0.0
1,137,335,0.536
1,138,335,0.0
1,139,335,3.716
1,140,335,0.056
1,141,335,0.351
1,142,335,0.0
1,143,335,0.569
1,144,335,0.0
1,145,335,0.0
1,146,335,0.296
1,147,335,0.0
1,148,335,0.0
1,149,335,0.221
1,150,335,2.379
1,151,335,0.0
1,152,335,0.149
1,153,335,0.0
1,154,335,3.546
1,155,335,0.028
1,156,335,0.0
1,157,335,0.0
1,158,335,0.0
1,159,335,2.247
1,160,335,0.477
1,161,335,0.889
1,162,335,0.0
1,163,335,0.044
1,164,335,2.526
1,165,335,0.0
1,166,335,0.038
1,167,335,0.24
0,2,336,0.0
0,3,336,0.0
0,4,336,0.0
0,5,336,0.0
0,6,336,0.0
0,7,336,0.0
0,8,336,0.0
0,9,336,0.0
0,10,336,0.0
0,11,336,0.0
0,12,336,0.0
0,13,336,0.054
0,14,336,0.0
0,15,336,5.05
0,16,336,1.015
0,17,336,0.0
0,18,336,0.0
0,19,336,1.248
0,20,336,0.301
0,21,336,0.0
0,22,336,3.462
0,23,336,0.0
0,24,336,0.0
0,25,336,0.589
0,26,336,0.0
0,27,336,0.0
0,28,336,0.0
0,29,336,0.0
0,30,336,0.0
0,31,336,1.575
0,32,336,0.0
0,33,336,1.361
0,34,336,0.0
0,35,336,0.0
0,36,336,2.791
0,37,336,2.027
0,38,336,0.0
0,39,336,0.0
0,40,336,0.0
0,41,336,0.659
0,42,336,0.0
0,43,336,0.0
0,44,336,0.0
0,45,336,0.0
0,46,336,1.964
0,47,336,0.0
0,48,336,0.0
0,49,336,0.0
0,50,336,0.0
0,51,336,0.0
0,52,336,0.0
0,53,336,0.0
0,54,336,0.0
0,55,336,0.0
0,56,336,0.0
0,57,336,0.0
0,58,336,1.394
0,59,336,1.397
0,60,336,4.575
0,61,336,0.0
0,62,336,3.034
0,63,336,0.0
0,64,336,0.0
0,65,336,0.0
0,66,336,0.0
0,67,336,0.178
0,68,336,0.0
0,69,336,0.0
0,70,336,1.195
0,71,336,0.0
0,72,336,0.0
0,73,336,0.0
0,74,336,0.0
0,75,336,0.0
0,76,336,0.0
0,77,336,0.0
0,78,336,0.0
0,79,336,5.841
0,80,336,2.024
0,81,336,5.278
0,82,336,0.0
0,83,336,2.014
0,84,336,1.189
0,85,336,0.0
0,86,336,0.0
0,87,336,0.0
0,88,336,7.959
0,89,336,0.0
1,90,336,0.236
1,91,336,0.0
1,92,336,0.0
1,93,336,0.0
1,94,336,0.0
1,95,336,0.0
1,96,336,0.0
1,97,336,0.0
1,98,336,0.61
1,99,336,0.0
1,100,336,0.0
1,101,336,0.0
1,102,336,0.0
1,103,336,0.0
1,104,336,0.0
1,105,336,0.0
1,106,336,0.0
1,107,336,0.0
1,108,336,0.038
1,109,336,0.533
1,110,336,0.0
1,111,336,0.403
1,112,336,0.0
1,113,336,0.292
1,114,336,0.025
1,115,336,0.185
1,116,336,0.0
1,117,336,0.0
1,118,336,0.035
1,119,336,0.0
1,120,336,0.0
1,121,336,0.309
1,122,336,0.0
1,123,336,0.0
1,124,336,0.0
1,125,336,0.0
1,126,336,0.257
1,127,336,0.134
1,128,336,0.0
1,129,336,0.0
1,130,336,0.902
1,131,336,0.036
1,132,336,0.038
1,133,336,0.0
1,134,336,0.0
1,135,336,0.0
1,136,336,0.119
1,137,336,0.193
1,138,336,0.0
1,139,336,3.232
1,140,336,0.0
1,141,336,0.149
1,142,336,0.0
1,143,336,0.117
1,144,336,0.0
1,145,336,0.0
1,146,336,0.066
1,147,336,0.104
1,148,336,0.0
1,149,336,0.016
1,150,336,0.353
1,151,336,0.0
1,152,336,0.0
1,153,336,0.0
1,154,336,3.335
1,155,336,0.0
1,156,336,0.0
1,157,336,0.0
1,158,336,0.0
1,159,336,1.435
1,160,336,0.0
1,161,336,0.554
1,162,336,0.0
1,163,336,0.0
1,164,336,2.388
1,165,336,0.0
1,166,336,0.692
1,167,336,0.0
0,2,337,0.0
0,3,337,0.726
0,4,337,1.082
0,5,337,0.0
0,6,337,2.089
0,7,337,0.0
0,8,337,0.0
0,9,337,0.0
0,10,337,0.0
0,11,337,0.0
0,12,337,0.0
0,13,337,1.061
0,14,337,0.0
0,15,337,4.592
0,16,337,0.0
0,17,337,0.0
0,18,337,0.0
0,19,337,0.0
0,20,337,0.319
0,21,337,0.0
0,22,337,0.823
0,23,337,0.0
0,24,337,0.0
0,25,337,0.0
0,26,337,0.0
0,27,337,0.151
0,28,337,0.0
0,29,337,0.0
0,30,337,0.0
0,31,337,0.0
0,32,337,0.0
0,33,337,0.323
0,34,337,0.0
0,35,337,2.942
0,36,337,3.431
0,37,337,1.92
0,38,337,0.0
0,39,337,0.0
0,40,337,0.0
0,41,337,0.729
0,42,337,0.0
0,43,337,0.0
0,44,337,0.0
0,45,337,0.0
0,46,337,0.796
0,47,337,0.0
0,48,337,0.0
0,49,337,0.0
0,50,337,1.818
0,51,337,0.0
0,52,337,0.0
0,53,337,0.0
0,54,337,0.0
0,55,337,0.23
0,56,337,0.0
0,57,337,0.0
0,58,337,0.0
0,59,337,0.0
0,60,337,2.463
0,61,337,0.0
0,62,337,3.937
0,63,337,0.0
0,64,337,0.0
0,65,337,0.0
0,66,337,0.0
0,67,337,0.315
0,68,337,0.0
0,69,337,0.0
0,70,337,0.0
0,71,337,0.0
0,72,337,0.0
0,73,337,0.544
0,74,337,1.057
0,75,337,0.0
0,76,337,0.0
0,77,337,0.0
0,78,337,0.0
0,79,337,5.223
0,80,337,1.214
0,81,337,5.83
0,82,337,0.0
0,83,337,1.729
0,84,337,2.431
0,85,337,0.0
0,86,337,0.0
0,87,337,0.0
0,88,337,7.45
0,89,337,0.0
1,90,337,0.403
1,91,337,0.066
1,92,337,0.0
1,93,337,0.003
1,94,337,0.0
1,95,337,0.0
1,96,337,0.0
1,97,337,0.6
1,98,337,0.658
1,99,337,0.0
1,100,337,0.379
1,101,337,0.0
1,102,337,0.0
1,103,337,0.0
1,104,337,0.0
1,105,337,0.847
1,106,337,0.0
1,107,337,0.0
1,108,337,0.0
1,109,337,1.213
1,110,337,0.0
1,111,337,0.064
1,112,337,0.016
1,113,337,0.187
1,114,337,0.026
1,115,337,0.238
1,116,337,0.0
1,117,337,0.0
1,118,337,0.0
1,119,337,0.0
1,120,337,0.0
1,121,337,1.442
1,122,337,0.0
1,123,337,0.006
1,124,337,0.0
1,125,337,0.0
1,126,337,0.0
1,127,337,0.364
1,128,337,0.151
1,129,337,0.0
1,130,337,0.218
1,131,337,0.166
1,132,337,0.568
1,133,337,0.0
1,134,337,0.0
1,135,337,0.124
1,136,337,0.0
1,137,337,0.152
1,138,337,0.0
1,139,337,2.77
1,140,337,0.0
1,141,337,0.058
1,142,337,0.0
1,143,337,0.447
1,144,337,0.009
1,145,337,0.0
1,146,337,0.0
1,147,337,0.0
1,148,337,0.0
1,149,337,0.157
1,150,337,0.376
1,151,337,0.0
1,152,337,0.069
1,153,337,0.0
1,154,337,3.549
1,155,337,0.198
1,156,337,0.0
1,157,337,0.075
1,158,337,0.087
1,159,337,3.54
1,160,337,0.09
1,161,337,0.0
1,162,337,0.0
1,163,337,0.0
1,164,337,2.583
1,165,337,0.0
1,166,337,0.676
1,167,337,0.131
0,2,338,0.0
0,3,338,0.0
0,4,338,0.0
0,5,338,0.0
0,6,338,0.0
0,7,338,0.0
0,8,338,0.0
0,9,338,0.0
0,10,338,0.0
0,11,338,0.0
0,12,338,0.0
0,13,338,0.0
0,14,338,0.0
0,15,338,0.0
0,16,338,0.0
0,17,338,0.0
0,18,338,0.0
0,19,338,0.0
0,20,338,0.0
0,21,338,0.0
0,22,338,0.0
0,23,338,0.0
0,24,338,0.0
0,25,338,0.0
0,26,338,0.0
0,27,338,0.0
0,28,338,0.0
0,29,338,0.0
0,30,338,0.0
0,31,338,0.0
0,32,338,0.0
0,33,338,0.0
0,34,338,0.0
0,35,338,0.0
0,36,338,0.0
0,37,338,0.0
0,38,338,0.0
0,39,338,0.0
0,40,338,0.0
0,41,338,0.0
0,42,338,0.0
0,43,338,0.0
0,44,338,0.0
0,45,338,0.0
0,46,338,0.0
0,47,338,0.0
0,48,338,0.0
0,49,338,0.0
0,50,338,0.0
0,51,338,0.0
0,52,338,0.0
0,53,338,0.0
0,54,338,0.0
0,55,338,0.0
0,56,338,0.0
0,57,338,0.0
0,58,338,0.0
0,59,338,0.0
0,60,338,0.0
0,61,338,0.0
0,62,338,0.0
0,63,338,0.0
0,64,338,0.0
0,65,338,0.0
0,66,338,0.0
0,67,338,0.0
0,68,338,0.0
0,69,338,0.0
0,70,338,0.0
0,71,338,0.0
0,72,338,0.0
0,73,338,0.0
0,74,338,0.0
0,75,338,0.0
0,76,338,0.0
0,77,338,0.0
0,78,338,0.0
0,79,338,0.0
0,80,338,0.0
0,81,338,0.0
0,82,338,0.0
0,83,338,0.0
0,84,338,0.0
0,85,338,0.0
0,86,338,0.0
0,87,338,0.0
0,88,338,0.0
0,89,338,0.0
1,90,338,0.112
1,91,338,0.0
1,92,338,0.0
1,93,338,0.0
1,94,338,0.0
1,95,338,0.0
1,96,338,0.0
1,97,338,0.0
1,98,338,0.296
1,99,338,0.0
1,100,338,0.0
1,101,338,0.151
1,102,338,0.0
1,103,338,0.0
1,104,338,0.0
1,105,338,1.654
1,106,338,0.0
1,107,338,0.04
1,108,338,0.162
1,109,338,0.117
1,110,338,0.0
1,111,338,0.0
1,112,338,0.0
1,113,338,0.181
1,114,338,0.0
1,115,338,0.207
1,116,338,0.0
1,117,338,0.0
1,118,338,0.0
1,119,338,0.0
1,120,338,0.0
1,121,338,0.0
1,122,338,0.0
1,123,338,0.0
1,124,338,0.026
1,125,338,0.0
1,126,338,0.0
1,127,338,0.072
1,128,338,0.178
1,129,338,0.0
1,130,338,0.018
1,131,338,0.077
1,132,338,0.0
1,133,338,0.0
1,134,338,0.0
1,135,338,0.034
1,136,338,0.246
1,137,338,0.133
1,138,338,0.0
1,139,338,1.951
1,140,338,0.0
1,141,338,0.0
1,142,338,0.0
1,143,338,0.085
1,144,338,0.0
1,145,338,0.041
1,146,338,0.0
1,147,338,0.0
1,148,338,0.0
1,149,338,8.88e-16
1,150,338,0.01
1,151,338,0.0
1,152,338,0.106
1,153,338,0.0
1,154,338,3.126
1,155,338,0.077
1,156,338,0.0
1,157,338,0.0
1,158,338,0.0
1,159,338,0.61
1,160,338,0.0
1,161,338,0.0
1,162,338,0.0
1,163,338,0.0
1,164,338,0.0
1,165,338,0.0
1,166,338,0.552
1,167,338,0.104
0,2,339,0.0
0,3,339,0.0
0,4,339,0.0
0,5,339,0.0
0,6,339,3.075
0,7,339,0.0
0,8,339,0.0
0,9,339,0.0
0,10,339,0.0
0,11,339,1.594
0,12,339,0.0
0,13,339,1.932
0,14,339,0.0
0,15,339,6.217
0,16,339,3.364
0,17,339,0.105
0,18,339,0.0
0,19,339,1.824
0,20,339,0.0
0,21,339,0.0
0,22,339,3.147
0,23,339,0.0
0,24,339,0.0
0,25,339,2.519
0,26,339,0.0
0,27,339,1.272
0,28,339,0.0
0,29,339,0.0
0,30,339,0.458
0,31,339,0.0
0,32,339,0.0
0,33,339,1.118
0,34,339,0.0
0,35,339,0.0
0,36,339,1.901
0,37,339,1.128
0,38,339,0.0
0,39,339,0.0
0,40,339,0.0
0,41,339,0.0
0,42,339,0.0
0,43,339,0.0
0,44,339,0.0
0,45,339,0.0
0,46,339,0.0
0,47,339,0.0
0,48,339,0.0
0,49,339,0.687
0,50,339,0.0
0,51,339,0.0
0,52,339,0.0
0,53,339,0.0
0,54,339,1.736
0,55,339,0.0
0,56,339,0.195
0,57,339,1.558
0,58,339,1.18
0,59,339,2.291
0,60,339,3.911
0,61,339,0.0
0,62,339,2.866
0,63,339,0.0
0,64,339,0.0
0,65,339,0.0
0,66,339,0.0
0,67,339,2.184
0,68,339,0.645
0,69,339,0.0
0,70,339,0.862
0,71,339,0.0
0,72,339,0.0
0,73,339,1.115
0,74,339,1.329
0,75,339,0.0
0,76,339,0.0
0,77,339,0.0
0,78,339,0.0
0,79,339,5.082
0,80,339,1.554
0,81,339,6.544
0,82,339,0.0
0,83,339,4.164
0,84,339,1.547
0,85,339,0.0
0,86,339,0.0
0,87,339,0.0
0,88,339,8.437
0,89,339,0.0
1,90,339,0.212
1,91,339,0.068
1,92,339,0.0
1,93,339,0.0
1,94,339,0.0
1,95,339,0.0
1,96,339,0.0
1,97,339,0.0
1,98,339,1.429
1,99,339,0.0
1,100,339,0.0
1,101,339,0.0
1,102,339,0.0
1,103,339,0.0
1,104,339,0.0
1,105,339,0.0
1,106,339,0.0
1,107,339,0.0
1,108,339,0.0
1,109,339,0.726
1,110,339,0.0
1,111,339,0.174
1,112,339,0.0
1,113,339,0.0
1,114,339,0.447
1,115,339,0.0
1,116,339,0.0
1,117,339,0.0
1,118,339,0.931
1,119,339,0.0
1,120,339,0.0
1,121,339,0.0
1,122,339,0.0
1,123,339,0.063
1,124,339,0.0
1,125,339,0.0
1,126,339,0.247
1,127,339,0.273
1,128,339,0.0
1,129,339,0.0
1,130,339,0.932
1,131,339,0.0
1,132,339,0.0
1,133,339,0.0
1,134,339,0.0
1,135,339,0.0
1,136,339,0.026
1,137,339,1.464
1,138,339,0.0
1,139,339,2.692
1,140,339,0.0
1,141,339,0.0
1,142,339,0.0
1,143,339,0.0
1,144,339,0.0
1,145,339,0.0
1,146,339,2.096
1,147,339,0.0
1,148,339,0.0
1,149,339,0.041
1,150,339,1.106
1,151,339,0.0
1,152,339,0.0
1,153,339,0.0
1,154,339,3.702
1,155,339,0.0
1,156,339,0.0
1,157,339,0.0
1,158,339,0.0
1,159,339,2.877
1,160,339,0.0
1,161,339,0.0
1,162,339,0.0
1,163,339,0.0
1,164,339,3.614
1,165,339,0.0
1,166,339,0.0
1,167,339,0.0
0,2,340,0.0
0,3,340,0.001
0,4,340,0.0
0,5,340,0.0
0,6,340,0.67
0,7,340,0.0
0,8,340,0.0
0,9,340,0.835
0,10,340,0.0
0,11,340,0.314
0,12,340,0.0
0,13,340,2.424
0,14,340,0.0
0,15,340,5.008
0,16,340,2.685
0,17,340,0.0
0,18,340,1.064
0,19,340,0.0
0,20,340,0.0
0,21,340,0.0
0,22,340,4.242
0,23,340,0.0
0,24,340,0.0
0,25,340,0.0
0,26,340,0.0
0,27,340,0.094
0,28,340,0.0
0,29,340,0.0
0,30,340,0.0
0,31,340,0.0
0,32,340,0.0
0,33,340,0.901
0,34,340,0.0
0,35,340,0.0
0,36,340,2.559
0,37,340,2.413
0,38,340,0.0
0,39,340,0.0
0,40,340,0.0
0,41,340,3.936
0,42,340,0.0
0,43,340,0.0
0,44,340,0.0
0,45,340,1.199
0,46,340,3.58
0,47,340,0.0
0,48,340,0.0
0,49,340,0.0
0,50,340,0.0
0,51,340,0.0
0,52,340,0.0
0,53,340,0.146
0,54,340,1.854
0,55,340,2.229
0,56,340,0.0
0,57,340,0.2
0,58,340,0.992
0,59,340,1.984
0,60,340,4.469
0,61,340,0.0
0,62,340,5.183
0,63,340,0.0
0,64,340,0.0
0,65,340,0.0
0,66,340,0.0
0,67,340,1.571
0,68,340,0.0
0,69,340,0.0
0,70,340,1.605
0,71,340,0.0
0,72,340,0.0
0,73,340,2.133
0,74,340,0.407
0,75,340,0.0
0,76,340,0.0
0,77,340,0.0
0,78,340,0.0
0,79,340,5.551
0,80,340,2.14
0,81,340,7.003
0,82,340,0.0
0,83,340,2.589
0,84,340,2.429
0,85,340,0.0
0,86,340,0.0
0,87,340,0.0
0,88,340,8.078
0,89,340,0.0
1,90,340,0.225
1,91,340,0.0
1,92,340,0.0
1,93,340,0.0
1,94,340,0.0
1,95,340,0.0
1,96,340,0.0
1,97,340,0.07
1,98,340,0.78
1,99,340,0.0
1,100,340,0.0
1,101,340,0.0
1,102,340,0.0
1,103,340,0.0
1,104,340,0.0
1,105,340,0.0
1,106,340,0.0
1,107,340,0.0
1,108,340,0.0
1,109,340,0.159
1,110,340,0.0
1,111,340,0.418
1,112,340,0.0
1,113,340,0.0
1,114,340,0.106
1,115,340,0.0
1,116,340,0.0
1,117,340,0.0
1,118,340,0.875
1,119,340,0.0
1,120,340,0.0
1,121,340,0.0
1,122,340,0.0
1,123,340,0.0
1,124,340,0.0
1,125,340,0.0
1,126,340,0.0
1,127,340,0.253
1,128,340,0.0
1,129,340,0.0
1,130,340,0.063
1,131,340,0.0
1,132,340,0.147
1,133,340,0.0
1,134,340,0.0
1,135,340,0.088
1,136,340,0.191
1,137,340,0.0
1,138,340,0.0
1,139,340,3.523
1,140,340,0.0
1,141,340,0.0
1,142,340,0.0
1,143,340,0.0
1,144,340,0.0
1,145,340,0.0
1,146,340,0.168
1,147,340,0.0
1,148,340,0.0
1,149,340,0.0
1,150,340,0.207
1,151,340,0.0
1,152,340,0.0
1,153,340,0.0
1,154,340,3.345
1,155,340,0.0
1,156,340,0.0
1,157,340,0.0
1,158,340,0.0
1,159,340,0.349
1,160,340,0.0
1,161,340,0.0
1,162,340,0.0
1,163,340,0.0
1,164,340,2.506
1,165,340,0.0
1,166,340,0.0
1,167,340,0.0
0,2,341,0.0
0,3,341,0.0
0,4,341,0.0
0,5,341,0.0
0,6,341,1.387
0,7,341,0.0
0,8,341,0.0
0,9,341,0.0
0,10,341,0.0
0,11,341,0.0
0,12,341,0.0
0,13,341,2.692
0,14,341,0.0
0,15,341,4.966
0,16,341,0.0
0,17,341,0.0
0,18,341,0.0
0,19,341,0.0
0,20,341,0.0
0,21,341,0.0
0,22,341,3.084
0,23,341,0.0
0,24,341,0.0
0,25,341,0.0
0,26,341,0.0
0,27,341,0.0
0,28,341,0.0
0,29,341,0.0
0,30,341,0.0
0,31,341,0.0
0,32,341,0.0
0,33,341,0.0
0,34,341,0.0
0,35,341,0.0
0,36,341,2.3
0,37,341,1.385
0,38,341,0.329
0,39,341,0.0
0,40,341,0.0
0,41,341,0.0
0,42,341,0.0
0,43,341,0.0
0,44,341,0.0
0,45,341,0.0
0,46,341,0.0
0,47,341,0.0
0,48,341,0.0
0,49,341,0.0
0,50,341,0.0
0,51,341,0.0
0,52,341,0.0
0,53,341,0.0
0,54,341,0.0
0,55,341,0.656
0,56,341,0.0
0,57,341,0.0
0,58,341,2.337
0,59,341,1.599
0,60,341,1.707
0,61,341,0.0
0,62,341,3.877
0,63,341,0.0
0,64,341,0.0
0,65,341,0.0
0,66,341,0.0
0,67,341,0.055
0,68,341,0.0
0,69,341,0.0
0,70,341,0.0
0,71,341,0.0
0,72,341,0.0
0,73,341,0.0
0,74,341,0.0
0,75,341,0.0
0,76,341,0.0
0,77,341,0.0
0,78,341,0.0
0,79,341,6.248
0,80,341,0.0
0,81,341,3.417
0,82,341,0.0
0,83,341,3.317
0,84,341,1.313
0,85,341,0.0
0,86,341,0.0
0,87,341,0.0
0,88,341,7.607
0,89,341,0.0
1,90,341,0.242
1,91,341,0.0
1,92,341,0.0
1,93,341,0.0
1,94,341,0.0
1,95,341,0.0
1,96,341,0.04
1,97,341,0.0
1,98,341,0.985
1,99,341,0.0
1,100,341,0.0
1,101,341,0.201
1,102,341,0.0
1,103,341,0.0
1,104,341,0.0
1,105,341,5.488
1,106,341,0.0
1,107,341,0.0
1,108,341,0.22
1,109,341,0.0
1,110,341,0.0
1,111,341,0.032
1,112,341,0.0
1,113,341,0.138
1,114,341,0.224
1,115,341,0.204
1,116,341,0.0
1,117,341,0.0
1,118,341,0.976
1,119,341,0.0
1,120,341,0.0
1,121,341,0.022
1,122,341,0.0
1,123,341,0.123
1,124,341,0.0
1,125,341,0.0
1,126,341,0.019
1,127,341,0.389
1,128,341,0.0
1,129,341,0.0
1,130,341,0.115
1,131,341,0.049
1,132,341,0.563
1,133,341,0.0
1,134,341,0.0
1,135,341,0.068
1,136,341,0.0
1,137,341,0.01
1,138,341,0.0
1,139,341,5.304
1,140,341,0.0
1,141,341,0.519
1,142,341,0.0
1,143,341,0.0
1,144,341,0.0
1,145,341,0.0
1,146,341,0.0
1,147,341,0.0
1,148,341,0.0
1,149,341,0.02
1,150,341,0.141
1,151,341,0.0
1,152,341,0.0
1,153,341,0.0
1,154,341,3.972
1,155,341,0.123
1,156,341,0.0
1,157,341,0.0
1,158,341,0.219
1,159,341,1.214
1,160,341,0.0
1,161,341,1.058
1,162,341,0.0
1,163,341,0.0
1,164,341,1.225
1,165,341,0.0
1,166,341,0.028
1,167,341,0.16
0,2,342,0.0
0,3,342,0.0
0,4,342,0.0
0,5,342,0.0
0,6,342,0.84
0,7,342,0.0
0,8,342,0.0
0,9,342,0.0
0,10,342,0.0
0,11,342,0.277
0,12,342,0.0
0,13,342,3.18
0,14,342,0.232
0,15,342,5.986
0,16,342,1.987
0,17,342,0.0
0,18,342,0.0
0,19,342,0.203
0,20,342,0.9
0,21,342,0.0
0,22,342,3.433
0,23,342,0.0
0,24,342,0.0
0,25,342,0.0
0,26,342,0.0
0,27,342,0.0
0,28,342,0.0
0,29,342,0.0
0,30,342,0.0
0,31,342,2.402
0,32,342,0.0
0,33,342,0.0
0,34,342,0.0
0,35,342,0.0
0,36,342,2.191
0,37,342,1.593
0,38,342,0.0
0,39,342,0.0
0,40,342,0.0
0,41,342,1.697
0,42,342,0.0
0,43,342,0.0
0,44,342,0.0
0,45,342,0.449
0,46,342,1.697
0,47,342,0.0
0,48,342,0.0
0,49,342,0.0
0,50,342,0.0
0,51,342,0.0
0,52,342,0.0
0,53,342,0.753
0,54,342,0.934
0,55,342,2.391
0,56,342,0.0
0,57,342,1.409
0,58,342,0.0
0,59,342,2.357
0,60,342,4.811
0,61,342,0.0
0,62,342,3.63
0,63,342,0.0
0,64,342,0.0
0,65,342,0.0
0,66,342,0.0
0,67,342,0.263
0,68,342,0.0
0,69,342,0.0
0,70,342,2.263
0,71,342,0.0
0,72,342,0.0
0,73,342,0.811
0,74,342,0.0
0,75,342,0.0
0,76,342,0.0
0,77,342,0.0
0,78,342,0.0
0,79,342,6.254
0,80,342,3.226
0,81,342,6.663
0,82,342,0.0
0,83,342,3.435
0,84,342,0.0
0,85,342,0.0
0,86,342,0.0
0,87,342,0.0
0,88,342,8.215
0,89,342,0.0
1,90,342,0.239
1,91,342,0.0
1,92,342,0.0
1,93,342,0.0
1,94,342,0.0
1,95,342,0.0
1,96,342,0.0
1,97,342,0.0
1,98,342,0.862
1,99,342,0.0
1,100,342,0.0
1,101,342,0.0
1,102,342,0.0
1,103,342,0.0
1,104,342,0.0
1,105,342,0.0
1,106,342,0.0
1,107,342,0.0
1,108,342,0.119
1,109,342,0.177
1,110,342,0.0
1,111,342,0.267
1,112,342,0.0
1,113,342,0.148
1,114,342,0.0
1,115,342,0.061
1,116,342,0.0
1,117,342,0.0
1,118,342,0.0
1,119,342,0.0
1,120,342,0.0
1,121,342,0.162
1,122,342,0.0
1,123,342,0.0
1,124,342,0.0
1,125,342,0.0
1,126,342,0.0
1,127,342,0.051
1,128,342,0.0
1,129,342,0.0
1,130,342,0.673
1,131,342,0.029
1,132,342,0.21
1,133,342,0.0
1,134,342,0.0
1,135,342,0.0
1,136,342,0.0
1,137,342,0.231
1,138,342,0.0
1,139,342,3.082
1,140,342,0.0
1,141,342,0.278
1,142,342,0.0
1,143,342,0.154
1,144,342,0.107
1,145,342,0.0
1,146,342,0.0
1,147,342,0.0
1,148,342,0.0
1,149,342,0.002
1,150,342,0.033
1,151,342,0.0
1,152,342,0.0
1,153,342,0.0
1,154,342,2.832
1,155,342,0.0
1,156,342,0.0
1,157,342,0.0
1,158,342,0.0
1,159,342,1.341
1,160,342,0.0
1,161,342,0.006
1,162,342,0.0
1,163,342,0.0
1,164,342,2.848
1,165,342,0.0
1,166,342,0.0
1,167,342,0.082
0,2,343,0.0
0,3,343,0.0
0,4,343,1.564
0,5,343,0.0
0,6,343,2.602
0,7,343,0.0
0,8,343,0.0
0,9,343,0.648
0,10,343,0.0
0,11,343,0.0
0,12,343,0.0
0,13,343,0.0
0,14,343,0.0
0,15,343,6.447
0,16,343,2.867
0,17,343,0.0
0,18,343,0.0
0,19,343,0.0
0,20,343,0.0
0,21,343,0.0
0,22,343,2.567
0,23,343,0.0
0,24,343,0.0
0,25,343,0.0
0,26,343,0.0
0,27,343,0.0
0,28,343,0.0
0,29,343,0.0
0,30,343,0.846
0,31,343,5.062
0,32,343,0.0
0,33,343,0.0
0,34,343,0.0
0,35,343,0.0
0,36,343,3.335
0,37,343,0.372
0,38,343,0.0
0,39,343,0.0
0,40,343,0.0
0,41,343,0.0
0,42,343,0.0
0,43,343,0.0
0,44,343,0.0
0,45,343,0.0
0,46,343,0.0
0,47,343,0.0
0,48,343,0.0
0,49,343,0.0
0,50,343,0.0
0,51,343,1.269
0,52,343,0.0
0,53,343,2.202
0,54,343,0.0
0,55,343,1.369
0,56,343,0.0
0,57,343,0.0
0,58,343,0.0
0,59,343,2.723
0,60,343,1.582
0,61,343,0.0
0,62,343,2.146
0,63,343,0.0
0,64,343,0.0
0,65,343,0.0
0,66,343,0.0
0,67,343,0.0
0,68,343,0.0
0,69,343,0.0
0,70,343,0.0
0,71,343,0.0
0,72,343,0.0
0,73,343,0.0
0,74,343,0.0
0,75,343,0.0
0,76,343,0.0
0,77,343,0.0
0,78,343,0.0
0,79,343,4.627
0,80,343,2.041
0,81,343,5.639
0,82,343,0.0
0,83,343,4.241
0,84,343,0.0
0,85,343,0.0
0,86,343,0.0
0,87,343,0.0
0,88,343,8.017
0,89,343,0.0
1,90,343,0.195
1,91,343,0.0
1,92,343,0.0
1,93,343,0.0
1,94,343,0.0
1,95,343,0.0
1,96,343,0.0
1,97,343,0.0
1,98,343,1.323
1,99,343,0.0
1,100,343,0.0
1,101,343,0.0
1,102,343,0.0
1,103,343,0.0
1,104,343,0.0
1,105,343,0.0
1,106,343,0.0
1,107,343,0.0
1,108,343,0.0
1,109,343,0.058
1,110,343,0.0
1,111,343,0.499
1,112,343,0.0
1,113,343,0.09
1,114,343,0.0
1,115,343,0.0
1,116,343,0.0
1,117,343,0.0
1,118,343,0.816
1,119,343,0.0
1,120,343,0.0
1,121,343,0.0
1,122,343,0.0
1,123,343,0.0
1,124,343,0.0
1,125,343,0.0
1,126,343,0.0
1,127,343,0.0
1,128,343,0.0
1,129,343,0.0
1,130,343,0.0
1,131,343,0.0
1,132,343,0.248
1,133,343,0.0
1,134,343,0.0
1,135,343,0.0
1,136,343,0.34
1,137,343,0.668
1,138,343,0.0
1,139,343,3.851
1,140,343,0.076
1,141,343,0.054
1,142,343,0.0
1,143,343,0.0
1,144,343,0.0
1,145,343,0.0
1,146,343,2.031
1,147,343,0.0
1,148,343,0.0
1,149,343,0.0
1,150,343,0.994
1,151,343,0.0
1,152,343,0.0
1,153,343,0.0
1,154,343,2.648
1,155,343,0.0
1,156,343,0.0
1,157,343,0.0
1,158,343,0.0
1,159,343,1.913
1,160,343,0.0
1,161,343,0.42
1,162,343,0.0
1,163,343,0.0
1,164,343,1.676
1,165,343,0.0
1,166,343,0.0
1,167,343,0.001
0,2,344,0.0
0,3,344,0.0
0,4,344,0.0
0,5,344,0.0
0,6,344,1.503
0,7,344,0.0
0,8,344,0.0
0,9,344,0.0
0,10,344,0.0
0,11,344,0.365
0,12,344,0.0
0,13,344,0.0
0,14,344,0.0
0,15,344,5.896
0,16,344,0.0
0,17,344,0.0
0,18,344,0.0
0,19,344,0.0
0,20,344,0.0
0,21,344,0.0
0,22,344,1.75
0,23,344,0.0
0,24,344,0.0
0,25,344,0.0
0,26,344,0.0
0,27,344,0.799
0,28,344,0.0
0,29,344,0.0
0,30,344,0.0
0,31,344,2.795
0,32,344,0.0
0,33,344,0.503
0,34,344,0.0
0,35,344,0.0
0,36,344,0.762
0,37,344,3.667
0,38,344,0.0
0,39,344,0.0
0,40,344,0.0
0,41,344,2.057
0,42,344,0.0
0,43,344,0.0
0,44,344,0.0
0,45,344,0.0
0,46,344,1.767
0,47,344,0.0
0,48,344,0.512
0,49,344,0.096
0,50,344,0.0
0,51,344,0.0
0,52,344,0.0
0,53,344,0.0
0,54,344,1.341
0,55,344,0.194
0,56,344,0.534
0,57,344,0.0
0,58,344,1.355
0,59,344,2.323
0,60,344,2.521
0,61,344,0.0
0,62,344,3.123
0,63,344,0.0
0,64,344,0.0
0,65,344,0.0
0,66,344,0.0
0,67,344,1.413
0,68,344,0.0
0,69,344,0.0
0,70,344,2.034
0,71,344,0.0
0,72,344,0.0
0,73,344,1.098
0,74,344,0.0
0,75,344,0.0
0,76,344,0.0
0,77,344,0.0
0,78,344,0.012
0,79,344,5.628
0,80,344,2.55
0,81,344,5.197
0,82,344,0.0
0,83,344,3.446
0,84,344,0.0
0,85,344,0.0
0,86,344,0.0
0,87,344,0.0
0,88,344,8.264
0,89,344,0.0
1,90,344,0.333
1,91,344,0.0
1,92,344,0.0
1,93,344,0.0
1,94,344,0.0
1,95,344,0.0
1,96,344,0.0
1,97,344,0.249
1,98,344,0.669
1,99,344,0.038
1,100,344,0.123
1,101,344,0.023
1,102,344,0.0
1,103,344,0.0
1,104,344,0.0
1,105,344,0.0
1,106,344,0.0
1,107,344,0.031
1,108,344,0.187
1,109,344,0.166
1,110,344,0.0
1,111,344,0.413
1,112,344,0.0
1,113,344,0.598
1,114,344,0.253
1,115,344,0.074
1,116,344,0.0
1,117,344,0.104
1,118,344,0.19
1,119,344,0.217
1,120,344,0.0
1,121,344,0.0
1,122,344,0.0
1,123,344,0.0
1,124,344,0.0
1,125,344,0.0
1,126,344,0.071
1,127,344,0.088
1,128,344,0.0
1,129,344,0.0
1,130,344,0.504
1,131,344,0.067
1,132,344,0.311
1,133,344,0.0
1,134,344,0.0
1,135,344,0.0
1,136,344,0.0
1,137,344,0.59
1,138,344,0.0
1,139,344,4.21
1,140,344,0.522
1,141,344,0.111
1,142,344,0.0
1,143,344,0.296
1,144,344,0.0
1,145,344,0.006
1,146,344,0.081
1,147,344,0.079
1,148,344,0.0
1,149,344,0.072
1,150,344,0.439
1,151,344,0.0
1,152,344,0.0
1,153,344,0.0
1,154,344,3.053
1,155,344,0.0
1,156,344,0.0
1,157,344,0.0
1,158,344,0.0
1,159,344,1.254
1,160,344,0.0
1,161,344,0.433
1,162,344,0.0
1,163,344,0.0
1,164,344,1.239
1,165,344,0.0
1,166,344,0.0
1,167,344,0.04
0,2,345,0.0
0,3,345,0.0
0,4,345,0.0
0,5,345,0.0
0,6,345,0.0
0,7,345,0.0
0,8,345,0.0
0,9,345,0.0
0,10,345,0.0
0,11,345,0.0
0,12,345,0.0
0,13,345,0.841
0,14,345,0.0
0,15,345,6.413
0,16,345,2.342
0,17,345,0.0
0,18,345,0.0
0,19,345,0.0
0,20,345,0.0
0,21,345,0.0
0,22,345,0.926
0,23,345,0.0
0,24,345,0.0
0,25,345,0.0
0,26,345,0.0
0,27,345,0.0
0,28,345,0.0
0,29,345,0.0
0,30,345,1.087
0,31,345,1.117
0,32,345,0.0
0,33,345,0.0
0,34,345,0.0
0,35,345,0.0
0,36,345,0.0
0,37,345,0.0
0,38,345,0.0
0,39,345,0.0
0,40,345,0.0
0,41,345,0.0
0,42,345,0.0
0,43,345,0.0
0,44,345,0.0
0,45,345,0.0
0,46,345,1.942
0,47,345,0.0
0,48,345,0.0
0,49,345,0.0
0,50,345,0.0
0,51,345,0.0
0,52,345,0.0
0,53,345,0.0
0,54,345,0.0
0,55,345,0.0
0,56,345,0.0
0,57,345,0.0
0,58,345,0.0
0,59,345,0.0
0,60,345,1.625
0,61,345,0.0
0,62,345,0.0
0,63,345,0.0
0,64,345,0.0
0,65,345,0.0
0,66,345,0.0
0,67,345,0.0
0,68,345,0.0
0,69,345,0.0
0,70,345,1.558
0,71,345,0.0
0,72,345,0.0
0,73,345,0.0
0,74,345,0.597
0,75,345,0.0
0,76,345,0.0
0,77,345,0.0
0,78,345,0.0
0,79,345,3.59
0,80,345,0.0
0,81,345,3.333
0,82,345,0.0
0,83,345,0.179
0,84,345,0.0
0,85,345,0.0
0,86,345,0.0
0,87,345,0.0
0,88,345,6.679
0,89,345,0.0
1,90,345,0.268
1,91,345,0.0
1,92,345,0.0
1,93,345,0.0
1,94,345,0.0
1,95,345,0.0
1,96,345,0.0
1,97,345,0.0
1,98,345,0.937
1,99,345,0.0
1,100,345,0.0
1,101,345,0.0
1,102,345,0.0
1,103,345,0.0
1,104,345,0.0
1,105,345,0.0
1,106,345,0.171
1,107,345,0.0
1,108,345,0.0
1,109,345,0.0
1,110,345,0.0
1,111,345,0.0
1,112,345,0.0
1,113,345,0.261
1,114,345,0.178
1,115,345,0.141
1,116,345,0.0
1,117,345,0.0
1,118,345,0.122
1,119,345,0.0
1,120,345,0.0
1,121,345,0.0
1,122,345,0.0
1,123,345,0.0
1,124,345,0.0
1,125,345,0.0
1,126,345,0.0
1,127,345,0.0
1,128,345,0.104
1,129,345,0.0
1,130,345,0.872
1,131,345,0.0
1,132,345,0.0
1,133,345,0.0
1,134,345,0.099
1,135,345,0.0
1,136,345,0.0
1,137,345,0.0
1,138,345,0.0
1,139,345,2.328
1,140,345,0.0
1,141,345,0.131
1,142,345,0.0
1,143,345,0.0
1,144,345,0.0
1,145,345,0.0
1,146,345,0.0
1,147,345,0.0
1,148,345,0.0
1,149,345,0.0
1,150,345,0.437
1,151,345,0.0
1,152,345,0.0
1,153,345,0.0
1,154,345,2.292
1,155,345,0.0
1,156,345,0.0
1,157,345,0.0
1,158,345,0.0
1,159,345,0.55
1,160,345,0.0
1,161,345,0.281
1,162,345,0.0
1,163,345,0.0
1,164,345,2.088
1,165,345,0.0
1,166,345,0.0
1,167,345,0.0
0,2,346,0.0
0,3,346,0.0
0,4,346,0.0
0,5,346,0.0
0,6,346,3.096
0,7,346,0.0
0,8,346,0.0
0,9,346,1.427
0,10,346,0.0
0,11,346,0.0
0,12,346,0.0
0,13,346,0.0
0,14,346,0.0
0,15,346,7.179
0,16,346,4.145
0,17,346,0.0
0,18,346,0.0
0,19,346,0.0
0,20,346,0.0
0,21,346,0.0
0,22,346,2.194
0,23,346,0.0
0,24,346,0.0
0,25,346,0.0
0,26,346,0.0
0,27,346,0.207
0,28,346,0.0
0,29,346,0.0
0,30,346,1.201
0,31,346,0.0
0,32,346,0.0
0,33,346,0.0
0,34,346,0.0
0,35,346,0.0
0,36,346,1.169
0,37,346,0.0
0,38,346,0.0
0,39,346,0.0
0,40,346,2.286
0,41,346,4.018
0,42,346,0.0
0,43,346,0.0
0,44,346,0.0
0,45,346,0.0
0,46,346,0.878
0,47,346,0.0
0,48,346,0.0
0,49,346,1.255
0,50,346,0.0
0,51,346,0.892
0,52,346,0.0
0,53,346,0.0
0,54,346,0.46
0,55,346,0.802
0,56,346,1.443
0,57,346,0.0
0,58,346,0.0
0,59,346,1.722
0,60,346,3.099
0,61,346,0.0
0,62,346,1.004
0,63,346,0.0
0,64,346,0.0
0,65,346,0.0
0,66,346,0.0
0,67,346,0.746
0,68,346,0.835
0,69,346,0.0
0,70,346,0.849
0,71,346,0.0
0,72,346,0.0
0,73,346,0.0
0,74,346,0.0
0,75,346,0.0
0,76,346,0.0
0,77,346,0.629
0,78,346,0.0
0,79,346,5.097
0,80,346,1.198
0,81,346,5.534
0,82,346,0.0
0,83,346,1.16
0,84,346,0.806
0,85,346,0.0
0,86,346,1.123
0,87,346,0.0
0,88,346,8.011
0,89,346,0.0
1,90,346,0.272
1,91,346,0.041
1,92,346,0.0
1,93,346,0.0
1,94,346,0.0
1,95,346,0.0
1,96,346,0.0
1,97,346,0.08
1,98,346,1.312
1,99,346,0.112
1,100,346,0.0
1,101,346,0.0
1,102,346,0.0
1,103,346,0.0
1,104,346,0.0
1,105,346,0.0
1,106,346,0.0
1,107,346,0.0
1,108,346,0.0
1,109,346,0.375
1,110,346,0.0
1,111,346,0.0
1,112,346,0.0
1,113,346,0.63
1,114,346,0.548
1,115,346,0.203
1,116,346,0.0
1,117,346,0.0
1,118,346,0.857
1,119,346,0.0
1,120,346,0.0
1,121,346,0.0
1,122,346,0.0
1,123,346,0.0
1,124,346,0.0
1,125,346,0.0
1,126,346,0.024
1,127,346,0.164
1,128,346,0.0
1,129,346,0.0
1,130,346,1.19
1,131,346,0.0
1,132,346,0.337
1,133,346,0.0
1,134,346,0.0
1,135,346,0.126
1,136,346,0.281
1,137,346,0.889
1,138,346,0.0
1,139,346,2.061
1,140,346,0.335
1,141,346,0.0
1,142,346,0.0
1,143,346,0.406
1,144,346,0.0
1,145,346,0.0
1,146,346,0.155
1,147,346,0.0
1,148,346,0.328
1,149,346,0.116
1,150,346,0.292
1,151,346,0.0
1,152,346,0.0
1,153,346,0.0
1,154,346,3.004
1,155,346,0.0
1,156,346,0.0
1,157,346,0.0
1,158,346,0.0
1,159,346,1.456
1,160,346,0.0
1,161,346,0.238
1,162,346,0.0
1,163,346,0.0
1,164,346,3.07
1,165,346,0.0
1,166,346,0.434
1,167,346,0.236
0,2,347,0.0
0,3,347,0.0
0,4,347,0.0
0,5,347,0.0
0,6,347,0.0
0,7,347,0.0
0,8,347,0.0
0,9,347,1.671
0,10,347,0.0
0,11,347,0.0
0,12,347,0.0
0,13,347,0.95
0,14,347,0.0
0,15,347,5.053
0,16,347,2.107
0,17,347,0.0
0,18,347,0.0
0,19,347,0.0
0,20,347,0.204
0,21,347,0.0
0,22,347,3.858
0,23,347,0.0
0,24,347,0.0
0,25,347,0.0
0,26,347,0.0
0,27,347,0.0
0,28,347,0.0
0,29,347,0.0
0,30,347,0.0
0,31,347,1.271
0,32,347,0.0
0,33,347,0.872
0,34,347,0.0
0,35,347,0.0
0,36,347,2.665
0,37,347,0.0
0,38,347,0.833
0,39,347,0.0
0,40,347,0.0
0,41,347,3.033
0,42,347,0.0
0,43,347,0.0
0,44,347,0.0
0,45,347,0.0
0,46,347,1.848
0,47,347,0.0
0,48,347,0.0
0,49,347,0.0
0,50,347,0.0
0,51,347,0.0
0,52,347,0.0
0,53,347,0.0
0,54,347,0.0
0,55,347,1.073
0,56,347,0.0
0,57,347,0.0
0,58,347,0.0
0,59,347,0.0
0,60,347,1.885
0,61,347,0.0
0,62,347,1.333
0,63,347,0.0
0,64,347,0.0
0,65,347,0.0
0,66,347,0.0
0,67,347,0.391
0,68,347,0.0
0,69,347,0.0
0,70,347,2.296
0,71,347,0.0
0,72,347,0.0
0,73,347,1.516
0,74,347,0.0
0,75,347,0.0
0,76,347,0.0
0,77,347,0.0
0,78,347,0.0
0,79,347,4.975
0,80,347,3.017
0,81,347,5.936
0,82,347,0.0
0,83,347,2.187
0,84,347,0.0
0,85,347,0.0
0,86,347,0.0
0,87,347,0.0
0,88,347,7.334
0,89,347,0.0
1,90,347,0.0
1,91,347,0.023
1,92,347,0.0
1,93,347,0.0
1,94,347,0.0
1,95,347,0.0
1,96,347,0.0
1,97,347,0.0
1,98,347,0.588
1,99,347,0.0
1,100,347,0.0
1,101,347,0.0
1,102,347,0.0
1,103,347,0.0
1,104,347,0.0
1,105,347,0.0
1,106,347,0.0
1,107,347,0.0
1,108,347,0.0
1,109,347,0.0
1,110,347,0.0
1,111,347,0.0
1,112,347,0.0
1,113,347,0.055
1,114,347,0.0
1,115,347,0.0
1,116,347,0.0
1,117,347,0.0
1,118,347,0.129
1,119,347,0.0
1,120,347,0.0
1,121,347,0.0
1,122,347,0.0
1,123,347,0.0
1,124,347,0.0
1,125,347,0.0
1,126,347,0.432
1,127,347,0.0
1,128,347,0.0
1,129,347,0.0
1,130,347,0.0
1,131,347,0.0
1,132,347,0.0
1,133,347,0.0
1,134,347,0.0
1,135,347,0.0
1,136,347,0.141
1,137,347,0.0
1,138,347,0.0
1,139,347,0.0
1,140,347,0.0
1,141,347,0.0
1,142,347,0.0
1,143,347,0.153
1,144,347,0.0
1,145,347,0.0
1,146,347,0.0
1,147,347,0.0
1,148,347,0.0
1,149,347,0.0
1,150,347,0.138
1,151,347,0.0
1,152,347,0.0
1,153,347,0.0
1,154,347,0.0
1,155,347,0.0
1,156,347,0.0
1,157,347,0.0
1,158,347,0.0
1,159,347,0.116
1,160,347,0.0
1,161,347,0.0
1,162,347,0.0
1,163,347,0.0
1,164,347,2.088
1,165,347,0.0
1,166,347,0.0
1,167,347,0.091
0,2,348,0.0
0,3,348,0.0
0,4,348,0.0
0,5,348,0.0
0,6,348,0.0
0,7,348,0.0
0,8,348,0.0
0,9,348,0.0
0,10,348,0.0
0,11,348,0.0
0,12,348,0.0
0,13,348,0.0
0,14,348,0.0
0,15,348,4.558
0,16,348,0.0
0,17,348,0.0
0,18,348,0.0
0,19,348,0.823
0,20,348,0.0
0,21,348,0.0
0,22,348,0.0
0,23,348,0.0
0,24,348,0.0
0,25,348,0.0
0,26,348,0.0
0,27,348,0.0
0,28,348,0.0
0,29,348,0.0
0,30,348,0.0
0,31,348,0.0
0,32,348,0.0
0,33,348,0.0
0,34,348,0.0
0,35,348,0.0
0,36,348,0.251
0,37,348,0.0
0,38,348,0.0
0,39,348,0.0
0,40,348,0.0
0,41,348,0.0
0,42,348,0.0
0,43,348,0.0
0,44,348,0.0
0,45,348,0.0
0,46,348,0.0
0,47,348,0.0
0,48,348,0.0
0,49,348,0.0
0,50,348,1.053
0,51,348,0.0
0,52,348,0.0
0,53,348,0.0
0,54,348,0.0
0,55,348,0.0
0,56,348,0.0
0,57,348,0.0
0,58,348,0.0
0,59,348,0.713
0,60,348,0.0
0,61,348,0.0
0,62,348,2.638
0,63,348,0.0
0,64,348,0.0
0,65,348,0.0
0,66,348,0.0
0,67,348,0.783
0,68,348,0.0
0,69,348,0.0
0,70,348,0.0
0,71,348,0.0
0,72,348,0.0
0,73,348,0.0
0,74,348,1.519
0,75,348,0.0
0,76,348,0.0
0,77,348,0.0
0,78,348,0.0
0,79,348,4.24
0,80,348,1.856
0,81,348,1.913
0,82,348,0.0
0,83,348,2.4
0,84,348,0.0
0,85,348,0.0
0,86,348,0.0
0,87,348,0.0
0,88,348,6.611
0,89,348,0.0
1,90,348,0.0
1,91,348,0.0
1,92,348,0.0
1,93,348,0.0
1,94,348,0.0
1,95,348,0.0
1,96,348,0.0
1,97,348,0.0
1,98,348,1.284
1,99,348,0.0
1,100,348,0.0
1,101,348,0.0
1,102,348,0.0
1,103,348,0.0
1,104,348,0.0
1,105,348,0.0
1,106,348,0.0
1,107,348,0.0
1,108,348,0.0
1,109,348,0.0
1,110,348,0.0
1,111,348,0.0
1,112,348,0.0
1,113,348,0.0
1,114,348,0.0
1,115,348,0.0
1,116,348,0.0
1,117,348,0.0
1,118,348,1.74
1,119,348,0.0
1,120,348,0.887
1,121,348,0.0
1,122,348,0.0
1,123,348,0.0
1,124,348,0.0
1,125,348,0.0
1,126,348,0.134
1,127,348,0.203
1,128,348,0.0
1,129,348,0.0
1,130,348,0.0
1,131,348,0.0
1,132,348,0.0
1,133,348,0.0
1,134,348,0.0
1,135,348,0.097
1,136,348,0.013
1,137,348,0.0
1,138,348,0.0
1,139,348,3.031
1,140,348,0.0
1,141,348,0.0
1,142,348,0.0
1,143,348,0.0
1,144,348,0.0
1,145,348,0.0
1,146,348,0.281
1,147,348,0.0
1,148,348,0.0
1,149,348,0.0
1,150,348,0.842
1,151,348,0.0
1,152,348,0.0
1,153,348,0.0
1,154,348,2.858
1,155,348,0.0
1,156,348,0.0
1,157,348,0.0
1,158,348,0.0
1,159,348,2.005
1,160,348,0.0
1,161,348,0.366
1,162,348,0.0
1,163,348,0.0
1,164,348,1.414
1,165,348,0.0
1,166,348,0.403
1,167,348,0.0
0,2,349,0.0
0,3,349,1.313
0,4,349,0.0
0,5,349,0.0
0,6,349,0.585
0,7,349,0.0
0,8,349,0.0
0,9,349,0.0
0,10,349,0.0
0,11,349,0.0
0,12,349,0.0
0,13,349,0.762
0,14,349,0.0
0,15,349,5.327
0,16,349,0.0
0,17,349,0.0
0,18,349,0.0
0,19,349,1.204
0,20,349,0.0
0,21,349,0.0
0,22,349,3.806
0,23,349,0.0
0,24,349,0.0
0,25,349,0.0
0,26,349,0.0
0,27,349,0.0
0,28,349,0.0
0,29,349,0.0
0,30,349,0.0
0,31,349,1.641
0,32,349,0.922
0,33,349,1.297
0,34,349,0.0
0,35,349,3.122
0,36,349,3.932
0,37,349,2.291
0,38,349,0.0
0,39,349,0.0
0,40,349,0.0
0,41,349,1.01
0,42,349,0.0
0,43,349,0.0
0,44,349,0.0
0,45,349,0.666
0,46,349,1.712
0,47,349,0.0
0,48,349,0.0
0,49,349,0.0
0,50,349,0.0
0,51,349,0.0
0,52,349,0.0
0,53,349,0.0
0,54,349,0.478
0,55,349,0.627
0,56,349,0.0
0,57,349,0.0
0,58,349,0.0
0,59,349,1.494
0,60,349,4.338
0,61,349,0.0
0,62,349,3.397
0,63,349,0.0
0,64,349,0.0
0,65,349,0.0
0,66,349,0.0
0,67,349,0.153
0,68,349,0.0
0,69,349,0.0
0,70,349,0.494
0,71,349,0.0
0,72,349,0.0
0,73,349,0.0
0,74,349,0.0
0,75,349,0.0
0,76,349,0.0
0,77,349,0.0
0,78,349,0.0
0,79,349,5.912
0,80,349,0.215
0,81,349,4.582
0,82,349,0.0
0,83,349,0.0
0,84,349,1.716
0,85,349,0.0
0,86,349,0.0
0,87,349,0.0
0,88,349,7.969
0,89,349,0.0
1,90,349,0.113
1,91,349,0.044
1,92,349,0.0
1,93,349,0.01
1,94,349,0.0
1,95,349,0.0
1,96,349,0.0
1,97,349,0.0
1,98,349,0.738
1,99,349,0.0
1,100,349,0.0
1,101,349,0.0
1,102,349,0.0
1,103,349,0.0
1,104,349,0.0
1,105,349,0.0
1,106,349,0.0
1,107,349,0.0
1,108,349,0.077
1,109,349,0.081
1,110,349,0.0
1,111,349,0.23
1,112,349,0.0
1,113,349,0.06
1,114,349,0.0
1,115,349,0.262
1,116,349,0.0
1,117,349,0.037
1,118,349,0.0
1,119,349,0.0
1,120,349,0.0
1,121,349,2.234
1,122,349,0.0
1,123,349,0.329
1,124,349,0.0
1,125,349,0.0
1,126,349,0.0
1,127,349,0.283
1,128,349,0.0
1,129,349,0.0
1,130,349,0.445
1,131,349,0.08
1,132,349,0.338
1,133,349,0.0
1,134,349,0.0
1,135,349,0.043
1,136,349,0.525
1,137,349,0.185
1,138,349,0.0
1,139,349,3.204
1,140,349,0.0
1,141,349,0.255
1,142,349,0.0
1,143,349,0.0
1,144,349,0.0
1,145,349,0.0
1,146,349,0.583
1,147,349,0.0
1,148,349,0.0
1,149,349,0.0
1,150,349,0.551
1,151,349,0.0
1,152,349,0.0
1,153,349,0.0
1,154,349,3.434
1,155,349,0.127
1,156,349,0.0
1,157,349,0.0
1,158,349,0.0
1,159,349,1.352
1,160,349,0.0
1,161,349,0.35
1,162,349,0.0
1,163,349,0.0
1,164,349,2.593
1,165,349,0.0
1,166,349,1.78
1,167,349,0.004
0,2,350,0.0
0,3,350,0.0
0,4,350,0.946
0,5,350,0.0
0,6,350,1.882
0,7,350,0.0
0,8,350,0.0
0,9,350,0.0
0,10,350,0.0
0,11,350,0.0
0,12,350,0.0
0,13,350,2.3
0,14,350,0.0
0,15,350,6.675
0,16,350,2.351
0,17,350,0.0
0,18,350,0.0
0,19,350,0.0
0,20,350,0.0
0,21,350,0.0
0,22,350,1.564
0,23,350,0.0
0,24,350,0.0
0,25,350,0.0
0,26,350,0.0
0,27,350,0.0
0,28,350,0.0
0,29,350,0.0
0,30,350,0.469
0,31,350,1.094
0,32,350,0.0
0,33,350,0.0
0,34,350,0.0
0,35,350,1.947
0,36,350,3.46
0,37,350,3.361
0,38,350,1.467
0,39,350,0.0
0,40,350,0.0
0,41,350,2.24
0,42,350,0.0
0,43,350,0.0
0,44,350,0.0
0,45,350,0.0
0,46,350,0.122
0,47,350,0.0
0,48,350,0.243
0,49,350,0.0
0,50,350,0.0
0,51,350,0.0
0,52,350,0.711
0,53,350,0.0
0,54,350,0.0
0,55,350,1.128
0,56,350,0.0
0,57,350,0.0
0,58,350,0.0
0,59,350,3.017
0,60,350,4.962
0,61,350,0.0
0,62,350,2.849
0,63,350,0.0
0,64,350,0.0
0,65,350,1.517
0,66,350,0.0
0,67,350,2.442
0,68,350,0.0
0,69,350,0.0
0,70,350,2.22
0,71,350,0.0
0,72,350,0.0
0,73,350,0.302
0,74,350,0.0
0,75,350,0.0
0,76,350,0.0
0,77,350,0.0
0,78,350,0.0
0,79,350,6.351
0,80,350,2.29
0,81,350,6.663
0,82,350,0.0
0,83,350,4.015
0,84,350,3.347
0,85,350,0.0
0,86,350,0.0
0,87,350,0.0
0,88,350,8.916
0,89,350,0.0
1,90,350,0.541
1,91,350,0.048
1,92,350,0.0
1,93,350,0.0
1,94,350,0.0
1,95,350,0.0
1,96,350,0.0
1,97,350,0.114
1,98,350,1.611
1,99,350,0.0
1,100,350,0.0
1,101,350,0.12
1,102,350,0.0
1,103,350,0.0
1,104,350,0.0
1,105,350,0.0
1,106,350,0.0
1,107,350,0.0
1,108,350,0.0
1,109,350,1.742
1,110,350,0.0
1,111,350,0.192
1,112,350,0.0
1,113,350,0.002
1,114,350,0.132
1,115,350,0.0
1,116,350,0.0
1,117,350,0.0
1,118,350,0.793
1,119,350,0.0
1,120,350,0.0
1,121,350,0.085
1,122,350,0.0
1,123,350,0.0
1,124,350,0.0
1,125,350,0.0
1,126,350,0.0
1,127,350,0.408
1,128,350,0.0
1,129,350,0.0
1,130,350,0.314
1,131,350,1.735
1,132,350,0.462
1,133,350,0.0
1,134,350,0.0
1,135,350,0.0
1,136,350,0.082
1,137,350,1.14
1,138,350,0.0
1,139,350,4.256
1,140,350,0.0
1,141,350,0.086
1,142,350,0.0
1,143,350,0.0
1,144,350,0.019
1,145,350,0.0
1,146,350,0.422
1,147,350,0.0
1,148,350,0.0
1,149,350,0.178
1,150,350,1.458
1,151,350,0.0
1,152,350,0.0
1,153,350,0.0
1,154,350,3.997
1,155,350,0.093
1,156,350,0.0
1,157,350,0.0
1,158,350,0.0
1,159,350,1.613
1,160,350,0.0
1,161,350,0.62
1,162,350,0.0
1,163,350,0.0
1,164,350,1.909
1,165,350,0.0
1,166,350,0.0
1,167,350,0.0
0,2,351,0.0
0,3,351,0.0
0,4,351,0.0
0,5,351,0.0
0,6,351,1.978
0,7,351,0.0
0,8,351,0.0
0,9,351,0.0
0,10,351,0.0
0,11,351,0.0
0,12,351,0.0
0,13,351,0.0
0,14,351,0.0
0,15,351,6.634
0,16,351,4.843
0,17,351,0.0
0,18,351,0.0
0,19,351,0.841
0,20,351,0.0
0,21,351,0.0
0,22,351,2.901
0,23,351,0.0
0,24,351,0.0
0,25,351,0.0
0,26,351,0.0
0,27,351,0.0
0,28,351,0.0
0,29,351,0.0
0,30,351,0.0
0,31,351,0.0
0,32,351,0.0
0,33,351,0.0
0,34,351,0.0
0,35,351,3.454
0,36,351,2.718
0,37,351,0.668
0,38,351,0.0
0,39,351,0.0
0,40,351,1.816
0,41,351,0.584
0,42,351,0.0
0,43,351,0.0
0,44,351,0.0
0,45,351,0.0
0,46,351,0.743
0,47,351,0.0
0,48,351,0.0
0,49,351,0.0
0,50,351,0.0
0,51,351,1.254
0,52,351,0.0
0,53,351,0.0
0,54,351,0.0
0,55,351,0.0
0,56,351,0.0
0,57,351,0.0
0,58,351,0.0
0,59,351,1.45
0,60,351,3.613
0,61,351,0.0
0,62,351,2.303
0,63,351,0.0
0,64,351,0.0
0,65,351,0.0
0,66,351,0.0
0,67,351,0.0
0,68,351,0.0
0,69,351,0.0
0,70,351,0.0
0,71,351,0.0
0,72,351,0.0
0,73,351,0.0
0,74,351,0.0
0,75,351,0.0
0,76,351,0.0
0,77,351,0.136
0,78,351,0.0
0,79,351,5.577
0,80,351,1.462
0,81,351,5.619
0,82,351,0.0
0,83,351,2.202
0,84,351,1.888
0,85,351,0.0
0,86,351,0.0
0,87,351,0.0
0,88,351,8.196
0,89,351,0.0
1,90,351,0.054
1,91,351,0.0
1,92,351,0.0
1,93,351,0.0
1,94,351,0.0
1,95,351,0.0
1,96,351,0.0
1,97,351,0.0
1,98,351,1.657
1,99,351,0.0
1,100,351,0.022
1,101,351,0.0
1,102,351,0.0
1,103,351,0.0
1,104,351,0.228
1,105,351,0.0
1,106,351,0.0
1,107,351,0.0
1,108,351,0.0
1,109,351,0.0
1,110,351,0.0
1,111,351,0.0
1,112,351,0.0
1,113,351,0.211
1,114,351,0.413
1,115,351,0.0
1,116,351,0.0
1,117,351,0.0
1,118,351,0.471
1,119,351,0.0
1,120,351,0.0
1,121,351,0.125
1,122,351,0.0
1,123,351,0.043
1,124,351,0.0
1,125,351,0.0
1,126,351,0.0
1,127,351,0.179
1,128,351,0.0
1,129,351,0.0
1,130,351,0.0
1,131,351,0.0
1,132,351,0.259
1,133,351,0.0
1,134,351,0.0
1,135,351,0.0
1,136,351,0.297
1,137,351,0.369
1,138,351,0.0
1,139,351,3.739
1,140,351,0.0
1,141,351,0.0
1,142,351,0.0
1,143,351,0.136
1,144,351,0.0
1,145,351,0.0
1,146,351,0.0
1,147,351,0.0
1,148,351,0.0
1,149,351,0.0
1,150,351,1.236
1,151,351,0.0
1,152,351,0.0
1,153,351,0.0
1,154,351,3.482
1,155,351,0.0
1,156,351,0.0
1,157,351,0.0
1,158,351,0.0
1,159,351,0.823
1,160,351,0.0
1,161,351,0.265
1,162,351,0.0
1,163,351,0.0
1,164,351,2.708
1,165,351,0.0
1,166,351,0.0
1,167,351,0.065
0,2,352,0.0
0,3,352,0.782
0,4,352,0.0
0,5,352,0.0
0,6,352,0.463
0,7,352,0.0
0,8,352,0.0
0,9,352,0.0
0,10,352,0.0
0,11,352,0.0
0,12,352,0.0
0,13,352,2.791
0,14,352,1.307
0,15,352,2.545
0,16,352,0.947
0,17,352,0.0
0,18,352,0.0
0,19,352,0.0
0,20,352,0.106
0,21,352,0.0
0,22,352,4.004
0,23,352,0.0
0,24,352,0.0
0,25,352,0.0
0,26,352,0.0
0,27,352,0.0
0,28,352,0.0
0,29,352,0.0
0,30,352,0.0
0,31,352,0.0
0,32,352,0.0
0,33,352,0.495
0,34,352,0.0
0,35,352,0.0
0,36,352,3.27
0,37,352,3.2
0,38,352,0.0
0,39,352,0.0
0,40,352,0.0
0,41,352,1.861
0,42,352,0.0
0,43,352,0.0
0,44,352,0.0
0,45,352,0.0
0,46,352,3.204
0,47,352,0.0
0,48,352,0.0
0,49,352,0.0
0,50,352,0.0
0,51,352,0.0
0,52,352,0.0
0,53,352,0.0
0,54,352,1.17
0,55,352,0.0
0,56,352,0.0
0,57,352,0.0
0,58,352,0.769
0,59,352,0.004
0,60,352,3.205
0,61,352,0.0
0,62,352,3.871
0,63,352,0.0
0,64,352,0.0
0,65,352,0.0
0,66,352,0.0
0,67,352,2.052
0,68,352,0.0
0,69,352,0.0
0,70,352,0.0
0,71,352,0.0
0,72,352,0.0
0,73,352,0.0
0,74,352,0.0
0,75,352,0.0
0,76,352,0.0
0,77,352,0.0
0,78,352,0.0
0,79,352,5.601
0,80,352,1.825
0,81,352,5.924
0,82,352,0.0
0,83,352,3.643
0,84,352,0.301
0,85,352,0.0
0,86,352,0.0
0,87,352,0.0
0,88,352,7.719
0,89,352,0.0
1,90,352,0.19
1,91,352,0.185
1,92,352,0.0
1,93,352,0.0
1,94,352,0.0
1,95,352,0.0
1,96,352,0.0
1,97,352,0.0
1,98,352,0.789
1,99,352,0.0
1,100,352,0.0
1,101,352,0.0
1,102,352,0.0
1,103,352,0.0
1,104,352,0.148
1,105,352,0.0
1,106,352,0.0
1,107,352,0.0
1,108,352,0.0
1,109,352,0.0
1,110,352,0.0
1,111,352,0.493
1,112,352,0.0
1,113,352,0.289
1,114,352,0.0
1,115,352,0.0
1,116,352,0.0
1,117,352,0.0
1,118,352,0.0
1,119,352,0.0
1,120,352,0.0
1,121,352,0.108
1,122,352,0.0
1,123,352,0.018
1,124,352,0.0
1,125,352,0.0
1,126,352,0.0
1,127,352,0.374
1,128,352,0.0
1,129,352,0.0
1,130,352,0.93
1,131,352,0.0
1,132,352,0.306
1,133,352,0.0
1,134,352,0.0
1,135,352,0.0
1,136,352,0.0
1,137,352,0.0
1,138,352,0.0
1,139,352,4.324
1,140,352,0.0
1,141,352,0.0
1,142,352,0.0
1,143,352,0.378
1,144,352,0.0
1,145,352,0.0
1,146,352,0.0
1,147,352,0.0
1,148,352,0.543
1,149,352,0.0
1,150,352,0.0
1,151,352,0.0
1,152,352,0.0
1,153,352,0.0
1,154,352,3.96
1,155,352,0.09
1,156,352,0.0
1,157,352,0.0
1,158,352,0.0
1,159,352,1.543
1,160,352,0.0
1,161,352,0.0
1,162,352,0.0
1,163,352,0.0
1,164,352,2.521
1,165,352,0.0
1,166,352,0.0
1,167,352,0.142
0,2,353,0.0
0,3,353,0.0
0,4,353,0.0
0,5,353,0.0
0,6,353,0.0
0,7,353,0.0
0,8,353,0.0
0,9,353,0.0
0,10,353,0.0
0,11,353,0.0
0,12,353,0.0
0,13,353,0.0
0,14,353,0.0
0,15,353,4.688
0,16,353,0.0
0,17,353,0.0
0,18,353,0.0
0,19,353,0.0
0,20,353,0.328
0,21,353,0.0
0,22,353,1.779
0,23,353,0.0
0,24,353,0.0
0,25,353,0.433
0,26,353,0.0
0,27,353,0.0
0,28,353,0.0
0,29,353,0.0
0,30,353,0.0
0,31,353,3.214
0,32,353,0.0
0,33,353,0.0
0,34,353,0.0
0,35,353,0.0
0,36,353,1.927
0,37,353,0.0
0,38,353,0.0
0,39,353,0.0
0,40,353,0.0
0,41,353,0.0
0,42,353,0.0
0,43,353,0.0
0,44,353,0.0
0,45,353,0.0
0,46,353,0.0
0,47,353,0.0
0,48,353,0.0
0,49,353,0.0
0,50,353,0.0
0,51,353,0.0
0,52,353,0.0
0,53,353,0.869
0,54,353,0.413
0,55,353,0.408
0,56,353,0.0
0,57,353,0.0
0,58,353,0.0
0,59,353,0.0
0,60,353,4.48
0,61,353,0.0
0,62,353,2.438
0,63,353,0.0
0,64,353,0.0
0,65,353,0.0
0,66,353,0.0
0,67,353,0.697
0,68,353,0.0
0,69,353,0.0
0,70,353,0.0
0,71,353,0.0
0,72,353,0.0
0,73,353,0.0
0,74,353,0.0
0,75,353,0.0
0,76,353,0.0
0,77,353,0.0
0,78,353,0.0
0,79,353,5.051
0,80,353,1.485
0,81,353,0.0
0,82,353,0.0
0,83,353,3.213
0,84,353,0.0
0,85,353,0.0
0,86,353,0.0
0,87,353,0.0
0,88,353,7.507
0,89,353,0.0
1,90,353,0.0
1,91,353,0.0
1,92,353,0.0
1,93,353,0.0
1,94,353,0.0
1,95,353,0.0
1,96,353,0.0
1,97,353,0.0
1,98,353,0.868
1,99,353,0.0
1,100,353,0.0
1,101,353,0.0
1,102,353,0.0
1,103,353,0.0
1,104,353,0.052
1,105,353,0.0
1,106,353,0.121
1,107,353,0.0
1,108,353,0.0
1,109,353,0.0
1,110,353,0.0
1,111,353,0.0
1,112,353,0.0
1,113,353,0.067
1,114,353,0.0
1,115,353,0.0
1,116,353,0.0
1,117,353,0.0
1,118,353,0.737
1,119,353,0.0
1,120,353,0.0
1,121,353,0.0
1,122,353,0.0
1,123,353,0.0
1,124,353,0.0
1,125,353,0.0
1,126,353,0.0
1,127,353,0.0
1,128,353,0.0
1,129,353,0.0
1,130,353,0.0
1,131,353,0.001
1,132,353,0.034
1,133,353,0.0
1,134,353,0.0
1,135,353,0.0
1,136,353,0.0
1,137,353,0.0
1,138,353,0.0
1,139,353,3.096
1,140,353,0.0
1,141,353,0.399
1,142,353,0.0
1,143,353,0.09
1,144,353,0.0
1,145,353,0.0
1,146,353,0.0
1,147,353,0.0
1,148,353,0.0
1,149,353,0.0
1,150,353,0.0
1,151,353,0.0
1,152,353,0.0
1,153,353,0.0
1,154,353,2.855
1,155,353,0.0
1,156,353,0.0
1,157,353,0.0
1,158,353,0.0
1,159,353,0.106
1,160,353,0.033
1,161,353,0.513
1,162,353,0.0
1,163,353,0.0
1,164,353,1.566
1,165,353,0.0
1,166,353,0.262
1,167,353,0.0
0,2,354,0.0
0,3,354,0.0
0,4,354,1.867
0,5,354,0.0
0,6,354,0.865
0,7,354,0.0
0,8,354,0.0
0,9,354,0.0
0,10,354,0.0
0,11,354,0.0
0,12,354,0.0
0,13,354,2.328
0,14,354,0.129
0,15,354,5.361
0,16,354,0.0
0,17,354,0.0
0,18,354,0.0
0,19,354,0.0
0,20,354,1.525
0,21,354,0.0
0,22,354,2.948
0,23,354,0.0
0,24,354,0.0
0,25,354,0.729
0,26,354,0.0
0,27,354,0.287
0,28,354,0.0
0,29,354,0.0
0,30,354,0.0
0,31,354,3.062
0,32,354,0.0
0,33,354,0.334
0,34,354,0.0
0,35,354,0.735
0,36,354,4.328
0,37,354,1.737
0,38,354,2.14
0,39,354,0.0
0,40,354,2.282
0,41,354,2.209
0,42,354,0.0
0,43,354,0.0
0,44,354,0.0
0,45,354,0.0
0,46,354,3.684
0,47,354,0.0
0,48,354,0.0
0,49,354,0.0
0,50,354,0.0
0,51,354,1.709
0,52,354,0.0
0,53,354,2.841
0,54,354,0.0
0,55,354,0.0
0,56,354,0.0
0,57,354,0.0
0,58,354,0.0
0,59,354,2.305
0,60,354,2.544
0,61,354,0.0
0,62,354,3.417
0,63,354,0.0
0,64,354,0.0
0,65,354,0.0
0,66,354,0.0
0,67,354,0.067
0,68,354,0.0
0,69,354,0.0
0,70,354,0.517
0,71,354,0.0
0,72,354,0.0
0,73,354,1.37
0,74,354,0.0
0,75,354,0.0
0,76,354,0.0
0,77,354,0.0
0,78,354,0.0
0,79,354,6.197
0,80,354,3.554
0,81,354,6.809
0,82,354,0.0
0,83,354,4.096
0,84,354,0.0
0,85,354,0.0
0,86,354,0.0
0,87,354,0.0
0,88,354,8.202
0,89,354,0.0
1,90,354,0.157
1,91,354,0.217
1,92,354,0.0
1,93,354,0.0
1,94,354,0.0
1,95,354,0.0
1,96,354,0.0
1,97,354,0.0
1,98,354,1.212
1,99,354,0.0
1,100,354,0.0
1,101,354,0.0
1,102,354,0.0
1,103,354,0.0
1,104,354,0.0
1,105,354,0.0
1,106,354,0.0
1,107,354,0.0
1,108,354,0.174
1,109,354,1.358
1,110,354,0.0
1,111,354,0.132
1,112,354,0.0
1,113,354,0.196
1,114,354,0.0
1,115,354,0.0
1,116,354,0.0
1,117,354,0.0
1,118,354,0.092
1,119,354,0.0
1,120,354,0.0
1,121,354,0.649
1,122,354,0.0
1,123,354,0.232
1,124,354,0.0
1,125,354,0.0
1,126,354,0.393
1,127,354,0.406
1,128,354,0.0
1,129,354,0.0
1,130,354,0.663
1,131,354,0.0
1,132,354,0.506
1,133,354,0.0
1,134,354,0.0
1,135,354,0.0
1,136,354,0.765
1,137,354,0.0
1,138,354,0.0
1,139,354,4.569
1,140,354,0.095
1,141,354,0.118
1,142,354,0.0
1,143,354,0.089
1,144,354,0.0
1,145,354,0.0
1,146,354,0.266
1,147,354,0.0
1,148,354,0.0
1,149,354,0.07
1,150,354,1.477
1,151,354,0.0
1,152,354,0.0
1,153,354,0.0
1,154,354,4.376
1,155,354,0.0
1,156,354,0.0
1,157,354,0.0
1,158,354,0.0
1,159,354,1.676
1,160,354,0.0
1,161,354,0.016
1,162,354,0.012
1,163,354,0.0
1,164,354,3.571
1,165,354,0.0
1,166,354,0.104
1,167,354,0.0
0,2,355,0.0
0,3,355,0.0
0,4,355,0.625
0,5,355,0.0
0,6,355,1.479
0,7,355,0.0
0,8,355,0.0
0,9,355,0.0
0,10,355,0.0
0,11,355,2.42
0,12,355,0.0
0,13,355,0.552
0,14,355,0.0
0,15,355,3.828
0,16,355,0.83
0,17,355,0.0
0,18,355,0.0
0,19,355,0.0
0,20,355,0.468
0,21,355,0.0
0,22,355,2.708
0,23,355,0.0
0,24,355,0.0
0,25,355,0.0
0,26,355,0.0
0,27,355,0.0
0,28,355,0.0
0,29,355,0.0
0,30,355,0.0
0,31,355,0.0
0,32,355,0.0
0,33,355,0.0
0,34,355,0.0
0,35,355,0.0
0,36,355,2.438
0,37,355,0.0
0,38,355,0.0
0,39,355,0.0
0,40,355,0.0
0,41,355,2.086
0,42,355,0.0
0,43,355,0.0
0,44,355,0.0
0,45,355,0.0
0,46,355,0.0
0,47,355,0.0
0,48,355,0.0
0,49,355,0.0
0,50,355,0.0
0,51,355,0.0
0,52,355,0.0
0,53,355,0.0
0,54,355,0.0
0,55,355,0.0
0,56,355,0.0
0,57,355,0.0
0,58,355,0.0
0,59,355,1.312
0,60,355,3.256
0,61,355,0.0
0,62,355,1.612
0,63,355,0.0
0,64,355,0.0
0,65,355,1.145
0,66,355,0.0
0,67,355,0.474
0,68,355,0.0
0,69,355,0.0
0,70,355,0.0
0,71,355,0.0
0,72,355,0.0
0,73,355,0.0
0,74,355,0.0
0,75,355,0.0
0,76,355,0.0
0,77,355,0.0
0,78,355,0.0
0,79,355,4.035
0,80,355,0.0
0,81,355,3.734
0,82,355,0.0
0,83,355,1.12
0,84,355,2.729
0,85,355,0.0
0,86,355,0.0
0,87,355,0.0
0,88,355,7.349
0,89,355,0.0
1,90,355,0.072
1,91,355,0.0
1,92,355,0.0
1,93,355,0.0
1,94,355,0.0
1,95,355,0.0
1,96,355,0.0
1,97,355,0.0
1,98,355,0.611
1,99,355,0.0
1,100,355,0.0
1,101,355,0.0
1,102,355,0.0
1,103,355,0.0
1,104,355,0.0
1,105,355,0.0
1,106,355,0.0
1,107,355,0.0
1,108,355,0.0
1,109,355,0.0
1,110,355,0.0
1,111,355,0.0
1,112,355,0.0
1,113,355,0.315
1,114,355,0.238
1,115,355,0.0
1,116,355,0.0
1,117,355,0.0
1,118,355,1.042
1,119,355,0.0
1,120,355,0.0
1,121,355,0.0
1,122,355,0.0
1,123,355,0.0
1,124,355,0.0
1,125,355,0.0
1,126,355,0.226
1,127,355,0.858
1,128,355,0.0
1,129,355,0.0
1,130,355,0.136
1,131,355,0.0
1,132,355,0.415
1,133,355,0.0
1,134,355,0.0
1,135,355,0.0
1,136,355,0.0
1,137,355,0.449
1,138,355,0.0
1,139,355,4.035
1,140,355,0.0
1,141,355,0.0
1,142,355,0.0
1,143,355,0.0
1,144,355,0.016
1,145,355,0.0
1,146,355,0.892
1,147,355,0.0
1,148,355,0.0
1,149,355,0.0
1,150,355,0.057
1,151,355,0.0
1,152,355,0.0
1,153,355,0.0
1,154,355,3.446
1,155,355,0.0
1,156,355,0.0
1,157,355,0.0
1,158,355,0.0
1,159,355,1.141
1,160,355,0.0
1,161,355,0.254
1,162,355,0.0
1,163,355,0.0
1,164,355,2.135
1,165,355,0.0
1,166,355,0.0
1,167,355,0.034
0,2,356,0.0
0,3,356,0.0
0,4,356,0.0
0,5,356,0.0
0,6,356,2.423
0,7,356,0.0
0,8,356,0.0
0,9,356,0.0
0,10,356,0.0
0,11,356,0.0
0,12,356,0.0
0,13,356,1.059
0,14,356,0.0
0,15,356,6.658
0,16,356,4.891
0,17,356,0.0
0,18,356,0.0
0,19,356,0.792
0,20,356,0.0
0,21,356,0.0
0,22,356,3.162
0,23,356,0.0
0,24,356,0.0
0,25,356,0.0
0,26,356,0.0
0,27,356,0.0
0,28,356,0.0
0,29,356,0.0
0,30,356,0.516
0,31,356,0.0
0,32,356,0.0
0,33,356,0.0
0,34,356,0.0
0,35,356,0.0
0,36,356,1.59
0,37,356,1.574
0,38,356,0.0
0,39,356,0.0
0,40,356,0.724
0,41,356,0.0
0,42,356,0.0
0,43,356,0.0
0,44,356,0.0
0,45,356,0.0
0,46,356,0.659
0,47,356,0.0
0,48,356,0.0
0,49,356,0.0
0,50,356,0.0
0,51,356,0.222
0,52,356,0.0
0,53,356,0.0
0,54,356,0.0
0,55,356,0.0
0,56,356,1.069
0,57,356,0.425
0,58,356,0.0
0,59,356,2.896
0,60,356,3.323
0,61,356,0.0
0,62,356,3.137
0,63,356,0.0
0,64,356,0.0
0,65,356,0.0
0,66,356,0.0
0,67,356,0.119
0,68,356,0.0
0,69,356,0.0
0,70,356,0.0
0,71,356,0.0
0,72,356,0.0
0,73,356,0.425
0,74,356,0.0
0,75,356,0.0
0,76,356,0.0
0,77,356,0.0
0,78,356,0.0
0,79,356,5.312
0,80,356,3.268
0,81,356,3.53
0,82,356,0.0
0,83,356,3.81
0,84,356,3.5
0,85,356,0.0
0,86,356,0.0
0,87,356,0.0
0,88,356,7.984
0,89,356,0.0
1,90,356,0.236
1,91,356,0.0
1,92,356,0.0
1,93,356,0.0
1,94,356,0.0
1,95,356,0.0
1,96,356,0.0
1,97,356,0.0
1,98,356,1.568
1,99,356,0.0
1,100,356,0.0
1,101,356,0.0
1,102,356,0.0
1,103,356,0.0
1,104,356,0.0
1,105,356,0.0
1,106,356,0.0
1,107,356,0.0
1,108,356,0.0
1,109,356,0.014
1,110,356,0.0
1,111,356,0.0
1,112,356,0.0
1,113,356,0.114
1,114,356,0.597
1,115,356,0.0
1,116,356,0.0
1,117,356,0.0
1,118,356,1.348
1,119,356,0.0
1,120,356,0.0
1,121,356,1.951
1,122,356,0.0
1,123,356,0.108
1,124,356,0.0
1,125,356,0.0
1,126,356,0.0
1,127,356,0.234
1,128,356,0.0
1,129,356,0.0
1,130,356,1.125
1,131,356,0.0
1,132,356,0.569
1,133,356,0.0
1,134,356,0.0
1,135,356,0.0
1,136,356,0.22
1,137,356,0.235
1,138,356,0.0
1,139,356,4.064
1,140,356,0.0
1,141,356,0.0
1,142,356,0.0
1,143,356,0.0
1,144,356,0.0
1,145,356,0.0
1,146,356,1.304
1,147,356,0.0
1,148,356,0.0
1,149,356,0.097
1,150,356,1.902
1,151,356,0.0
1,152,356,0.0
1,153,356,0.0
1,154,356,3.478
1,155,356,0.0
1,156,356,0.0
1,157,356,0.0
1,158,356,0.0
1,159,356,0.998
1,160,356,0.0
1,161,356,0.82
1,162,356,0.0
1,163,356,0.0
1,164,356,2.051
1,165,356,0.0
1,166,356,1.493
1,167,356,0.227
0,2,357,0.0
0,3,357,0.018
0,4,357,1.442
0,5,357,0.0
0,6,357,2.817
0,7,357,0.0
0,8,357,0.0
0,9,357,2.511
0,10,357,0.0
0,11,357,0.0
0,12,357,0.0
0,13,357,0.0
0,14,357,0.0
0,15,357,6.09
0,16,357,4.041
0,17,357,0.0
0,18,357,0.0
0,19,357,0.0
0,20,357,0.323
0,21,357,0.0
0,22,357,0.914
0,23,357,0.0
0,24,357,0.0
0,25,357,0.0
0,26,357,0.0
0,27,357,0.0
0,28,357,0.0
0,29,357,0.0
0,30,357,0.0
0,31,357,0.0
0,32,357,0.0
0,33,357,0.0
0,34,357,0.0
0,35,357,0.0
0,36,357,1.724
0,37,357,1.127
0,38,357,0.0
0,39,357,0.0
0,40,357,0.0
0,41,357,1.792
0,42,357,0.0
0,43,357,0.0
0,44,357,0.0
0,45,357,0.0
0,46,357,0.0
0,47,357,0.03
0,48,357,0.0
0,49,357,0.0
0,50,357,0.0
0,51,357,0.0
0,52,357,0.0
0,53,357,0.0
0,54,357,0.0
0,55,357,0.0
0,56,357,0.0
0,57,357,0.93
0,58,357,0.0
0,59,357,0.585
0,60,357,3.054
0,61,357,0.0
0,62,357,2.401
0,63,357,0.0
0,64,357,0.0
0,65,357,0.0
0,66,357,0.0
0,67,357,0.0
0,68,357,0.0
0,69,357,0.0
0,70,357,0.0
0,71,357,0.0
0,72,357,0.0
0,73,357,1.129
0,74,357,0.0
0,75,357,0.0
0,76,357,0.0
0,77,357,0.0
0,78,357,0.0
0,79,357,5.406
0,80,357,0.0
0,81,357,4.362
0,82,357,0.0
0,83,357,2.213
0,84,357,0.671
0,85,357,0.0
0,86,357,0.0
0,87,357,0.0
0,88,357,8.145
0,89,357,0.0
1,90,357,0.0
1,91,357,0.0
1,92,357,0.0
1,93,357,0.0
1,94,357,0.0
1,95,357,0.0
1,96,357,0.0
1,97,357,0.014
1,98,357,1.239
1,99,357,0.0
1,100,357,0.0
1,101,357,0.0
1,102,357,0.0
1,103,357,0.0
1,104,357,0.0
1,105,357,0.0
1,106,357,0.0
1,107,357,0.0
1,108,357,0.088
1,109,357,0.512
1,110,357,0.0
1,111,357,0.0
1,112,357,0.0
1,113,357,0.077
1,114,357,0.212
1,115,357,0.0
1,116,357,0.0
1,117,357,0.0
1,118,357,0.0
1,119,357,0.0
1,120,357,0.0
1,121,357,0.0
1,122,357,0.0
1,123,357,0.0
1,124,357,0.0
1,125,357,0.0
1,126,357,0.0
1,127,357,0.349
1,128,357,0.0
1,129,357,0.0
1,130,357,0.076
1,131,357,0.0
1,132,357,0.051
1,133,357,0.0
1,134,357,0.0
1,135,357,0.013
1,136,357,0.0
1,137,357,0.668
1,138,357,0.0
1,139,357,2.496
1,140,357,0.0
1,141,357,0.03
1,142,357,0.0
1,143,357,0.025
1,144,357,0.0
1,145,357,0.0
1,146,357,0.0
1,147,357,0.0
1,148,357,0.0
1,149,357,0.0
1,150,357,0.453
1,151,357,0.0
1,152,357,0.0
1,153,357,0.0
1,154,357,3.47
1,155,357,0.0
1,156,357,0.0
1,157,357,0.0
1,158,357,0.0
1,159,357,0.351
1,160,357,0.0
1,161,357,0.0
1,162,357,0.0
1,163,357,0.0
1,164,357,2.967
1,165,357,0.0
1,166,357,0.0
1,167,357,0.0
0,2,358,0.0
0,3,358,0.0
0,4,358,0.0
0,5,358,0.0
0,6,358,0.0
0,7,358,0.0
0,8,358,0.0
0,9,358,0.0
0,10,358,0.0
0,11,358,0.0
0,12,358,0.0
0,13,358,1.62
0,14,358,0.0
0,15,358,5.604
0,16,358,0.0
0,17,358,0.069
0,18,358,0.0
0,19,358,0.0
0,20,358,0.371
0,21,358,0.0
0,22,358,1.501
0,23,358,0.0
0,24,358,0.0
0,25,358,0.0
0,26,358,0.0
0,27,358,0.0
0,28,358,0.0
0,29,358,0.0
0,30,358,0.652
0,31,358,3.276
0,32,358,0.0
0,33,358,0.0
0,34,358,0.0
0,35,358,0.0
0,36,358,2.357
0,37,358,0.0
0,38,358,0.0
0,39,358,0.0
0,40,358,0.0
0,41,358,1.61
0,42,358,0.0
0,43,358,0.0
0,44,358,0.0
0,45,358,1.107
0,46,358,0.0
0,47,358,0.0
0,48,358,0.347
0,49,358,0.271
0,50,358,0.0
0,51,358,1.491
0,52,358,0.0
0,53,358,3.623
0,54,358,0.511
0,55,358,2.479
0,56,358,0.0
0,57,358,0.278
0,58,358,0.0
0,59,358,2.382
0,60,358,2.841
0,61,358,0.0
0,62,358,4.689
0,63,358,0.0
0,64,358,0.0
0,65,358,0.0
0,66,358,0.0
0,67,358,1.757
0,68,358,0.0
0,69,358,0.0
0,70,358,0.368
0,71,358,0.0
0,72,358,0.0
0,73,358,0.317
0,74,358,0.0
0,75,358,0.0
0,76,358,0.0
0,77,358,0.026
0,78,358,0.0
0,79,358,5.086
0,80,358,1.791
0,81,358,4.463
0,82,358,0.0
0,83,358,5.161
0,84,358,0.0
0,85,358,0.0
0,86,358,0.0
0,87,358,0.0
0,88,358,7.63
0,89,358,0.0
1,90,358,0.213
1,91,358,0.0
1,92,358,0.0
1,93,358,0.0
1,94,358,0.0
1,95,358,0.0
1,96,358,0.0
1,97,358,0.0
1,98,358,0.389
1,99,358,0.0
1,100,358,0.0
1,101,358,0.262
1,102,358,0.0
1,103,358,0.0
1,104,358,0.0
1,105,358,4.878
1,106,358,0.0
1,107,358,0.0
1,108,358,0.0
1,109,358,0.0
1,110,358,0.0
1,111,358,0.0
1,112,358,0.0
1,113,358,0.0
1,114,358,0.0
1,115,358,0.0
1,116,358,0.0
1,117,358,0.0
1,118,358,0.218
1,119,358,0.0
1,120,358,0.0
1,121,358,0.0
1,122,358,0.0
1,123,358,0.0
1,124,358,0.0
1,125,358,0.0
1,126,358,0.901
1,127,358,0.608
1,128,358,0.0
1,129,358,0.0
1,130,358,0.0
1,131,358,0.0
1,132,358,0.0
1,133,358,0.0
1,134,358,0.0
1,135,358,0.0
1,136,358,0.01
1,137,358,0.343
1,138,358,0.0
1,139,358,2.598
1,140,358,0.0
1,141,358,0.0
1,142,358,0.0
1,143,358,0.0
1,144,358,0.0
1,145,358,0.0
1,146,358,0.0
1,147,358,0.0
1,148,358,0.0
1,149,358,0.0
1,150,358,0.455
1,151,358,0.0
1,152,358,0.0
1,153,358,0.0
1,154,358,2.749
1,155,358,0.008
1,156,358,0.0
1,157,358,0.0
1,158,358,0.0
1,159,358,0.0
1,160,358,0.0
1,161,358,0.0
1,162,358,0.0
1,163,358,0.0
1,164,358,1.025
1,165,358,0.0
1,166,358,0.0
1,167,358,0.077
0,2,359,0.0
0,3,359,0.0
0,4,359,0.0
0,5,359,0.0
0,6,359,1.49
0,7,359,0.0
0,8,359,0.0
0,9,359,0.0
0,10,359,0.0
0,11,359,0.0
0,12,359,0.0
0,13,359,0.0
0,14,359,0.0
0,15,359,4.547
0,16,359,1.377
0,17,359,0.0
0,18,359,0.0
0,19,359,0.0
0,20,359,0.0
0,21,359,0.0
0,22,359,2.641
0,23,359,0.0
0,24,359,0.0
0,25,359,0.0
0,26,359,0.0
0,27,359,0.0
0,28,359,0.0
0,29,359,0.0
0,30,359,0.0
0,31,359,0.0
0,32,359,0.0
0,33,359,0.0
0,34,359,0.0
0,35,359,1.12
0,36,359,3.374
0,37,359,1.7
0,38,359,1.605
0,39,359,0.0
0,40,359,0.0
0,41,359,1.555
0,42,359,0.0
0,43,359,0.0
0,44,359,0.0
0,45,359,0.0
0,46,359,0.848
0,47,359,0.0
0,48,359,0.316
0,49,359,0.107
0,50,359,0.0
0,51,359,0.0
0,52,359,0.0
0,53,359,0.0
0,54,359,1.192
0,55,359,0.0
0,56,359,0.0
0,57,359,0.0
0,58,359,0.21
0,59,359,3.139
0,60,359,2.687
0,61,359,0.0
0,62,359,2.335
0,63,359,0.0
0,64,359,0.0
0,65,359,0.0
0,66,359,0.0
0,67,359,0.161
0,68,359,0.0
0,69,359,0.0
0,70,359,0.0
0,71,359,0.0
0,72,359,0.0
0,73,359,0.0
0,74,359,0.656
0,75,359,0.0
0,76,359,0.0
0,77,359,0.0
0,78,359,0.0
0,79,359,5.6
0,80,359,1.896
0,81,359,2.445
0,82,359,0.0
0,83,359,3.144
0,84,359,0.0
0,85,359,0.0
0,86,359,0.0
0,87,359,0.0
0,88,359,7.085
0,89,359,0.0
1,90,359,0.14
1,91,359,0.099
1,92,359,0.0
1,93,359,0.0
1,94,359,0.0
1,95,359,0.0
1,96,359,0.0
1,97,359,0.0
1,98,359,0.781
1,99,359,0.0
1,100,359,0.0
1,101,359,0.0
1,102,359,0.0
1,103,359,0.0
1,104,359,0.0
1,105,359,0.0
1,106,359,0.0
1,107,359,0.0
1,108,359,0.0
1,109,359,0.0
1,110,359,0.0
1,111,359,0.0
1,112,359,0.0
1,113,359,0.08
1,114,359,0.0
1,115,359,0.0
1,116,359,0.0
1,117,359,0.0
1,118,359,0.977
1,119,359,0.0
1,120,359,0.048
1,121,359,0.0
1,122,359,0.0
1,123,359,0.232
1,124,359,0.0
1,125,359,0.0
1,126,359,0.0
1,127,359,0.692
1,128,359,0.0
1,129,359,0.0
1,130,359,0.028
1,131,359,0.0
1,132,359,0.0
1,133,359,0.0
1,134,359,0.0
1,135,359,0.0
1,136,359,0.058
1,137,359,0.0
1,138,359,0.0
1,139,359,5.52
1,140,359,0.0
1,141,359,0.0
1,142,359,0.0
1,143,359,0.0
1,144,359,0.0
1,145,359,0.0
1,146,359,2.786
1,147,359,0.0
1,148,359,0.0
1,149,359,0.0
1,150,359,2.243
1,151,359,0.0
1,152,359,0.0
1,153,359,0.0
1,154,359,4.56
1,155,359,0.0
1,156,359,0.0
1,157,359,0.0
1,158,359,0.0
1,159,359,1.119
1,160,359,0.0
1,161,359,0.436
1,162,359,0.0
1,163,359,0.0
1,164,359,1.872
1,165,359,0.0
1,166,359,0.056
1,167,359,0.0
0,2,360,0.0
0,3,360,0.381
0,4,360,0.0
0,5,360,0.0
0,6,360,2.526
0,7,360,0.0
0,8,360,0.0
0,9,360,0.0
0,10,360,0.0
0,11,360,0.0
0,12,360,0.0
0,13,360,1.063
0,14,360,0.0
0,15,360,4.454
0,16,360,2.7
0,17,360,0.0
0,18,360,0.0
0,19,360,0.0
0,20,360,0.0
0,21,360,0.0
0,22,360,4.105
0,23,360,0.0
0,24,360,0.0
0,25,360,0.0
0,26,360,0.0
0,27,360,0.0
0,28,360,0.0
0,29,360,0.0
0,30,360,0.0
0,31,360,0.0
0,32,360,0.0
0,33,360,0.0
0,34,360,0.0
0,35,360,0.796
0,36,360,2.31
0,37,360,2.432
0,38,360,0.899
0,39,360,0.0
0,40,360,0.0
0,41,360,0.0
0,42,360,0.0
0,43,360,0.0
0,44,360,0.0
0,45,360,0.0
0,46,360,2.976
0,47,360,0.0
0,48,360,0.0
0,49,360,0.142
0,50,360,0.0
0,51,360,0.0
0,52,360,0.0
0,53,360,0.0
0,54,360,0.0
0,55,360,0.557
0,56,360,0.194
0,57,360,0.0
0,58,360,0.0
0,59,360,2.551
0,60,360,3.37
0,61,360,0.0
0,62,360,1.177
0,63,360,0.0
0,64,360,0.0
0,65,360,1.557
0,66,360,0.297
0,67,360,0.0
0,68,360,0.0
0,69,360,0.0
0,70,360,0.0
0,71,360,0.0
0,72,360,0.0
0,73,360,0.687
0,74,360,0.0
0,75,360,0.0
0,76,360,0.0
0,77,360,0.798
0,78,360,0.0
0,79,360,5.028
0,80,360,1.579
0,81,360,5.527
0,82,360,0.0
0,83,360,4.442
0,84,360,3.789
0,85,360,0.0
0,86,360,0.0
0,87,360,0.0
0,88,360,7.697
0,89,360,0.0
1,90,360,0.0
1,91,360,0.386
1,92,360,0.0
1,93,360,0.0
1,94,360,0.0
1,95,360,0.0
1,96,360,0.0
1,97,360,0.0
1,98,360,0.337
1,99,360,0.0
1,100,360,0.0
1,101,360,0.0
1,102,360,0.0
1,103,360,0.0
1,104,360,0.0
1,105,360,0.0
1,106,360,0.0
1,107,360,0.0
1,108,360,0.0
1,109,360,0.0
1,110,360,0.0
1,111,360,0.0
1,112,360,0.0
1,113,360,0.035
1,114,360,0.0
1,115,360,0.0
1,116,360,0.0
1,117,360,0.0
1,118,360,0.0
1,119,360,0.0
1,120,360,0.0
1,121,360,0.509
1,122,360,0.0
1,123,360,0.0
1,124,360,0.0
1,125,360,0.0
1,126,360,0.0
1,127,360,0.0
1,128,360,0.0
1,129,360,0.0
1,130,360,0.595
1,131,360,0.0
1,132,360,0.0
1,133,360,0.0
1,134,360,0.0
1,135,360,0.0
1,136,360,0.0
1,137,360,0.004
1,138,360,0.0
1,139,360,0.0
1,140,360,0.0
1,141,360,0.0
1,142,360,0.0
1,143,360,0.0
1,144,360,0.0
1,145,360,0.0
1,146,360,0.691
1,147,360,0.0
1,148,360,0.0
1,149,360,0.0
1,150,360,0.279
1,151,360,0.0
1,152,360,0.0
1,153,360,0.0
1,154,360,0.314
1,155,360,0.0
1,156,360,0.0
1,157,360,0.0
1,158,360,0.0
1,159,360,1.533
1,160,360,0.0
1,161,360,0.0
1,162,360,0.0
1,163,360,0.0
1,164,360,0.912
1,165,360,0.0
1,166,360,0.0
1,167,360,0.0
0,2,361,0.0
0,3,361,0.0
0,4,361,1.177
0,5,361,0.0
0,6,361,1.275
0,7,361,0.067
0,8,361,0.0
0,9,361,0.0
0,10,361,0.0
0,11,361,0.074
0,12,361,0.0
0,13,361,1.775
0,14,361,0.0
0,15,361,3.614
0,16,361,1.431
0,17,361,0.0
0,18,361,0.0
0,19,361,0.928
0,20,361,1.118
0,21,361,0.0
0,22,361,2.752
0,23,361,0.0
0,24,361,0.0
0,25,361,0.0
0,26,361,0.0
0,27,361,0.0
0,28,361,0.0
0,29,361,0.0
0,30,361,0.0
0,31,361,0.0
0,32,361,0.0
0,33,361,1.435
0,34,361,0.0
0,35,361,0.0
0,36,361,4.11
0,37,361,1.051
0,38,361,0.923
0,39,361,0.0
0,40,361,2.199
0,41,361,2.353
0,42,361,0.0
0,43,361,0.0
0,44,361,0.0
0,45,361,1.353
0,46,361,2.071
0,47,361,0.0
0,48,361,0.0
0,49,361,0.1
0,50,361,0.0
0,51,361,0.336
0,52,361,0.0
0,53,361,0.0
0,54,361,0.685
0,55,361,2.264
0,56,361,0.855
0,57,361,0.9
0,58,361,0.0
0,59,361,0.741
0,60,361,4.391
0,61,361,0.0
0,62,361,2.657
0,63,361,0.0
0,64,361,0.0
0,65,361,0.0
0,66,361,0.0
0,67,361,0.339
0,68,361,0.0
0,69,361,0.0
0,70,361,0.0
0,71,361,0.0
0,72,361,0.0
0,73,361,0.278
0,74,361,0.0
0,75,361,0.0
0,76,361,0.0
0,77,361,0.0
0,78,361,0.0
0,79,361,5.851
0,80,361,1.745
0,81,361,5.581
0,82,361,0.0
0,83,361,1.511
0,84,361,2.747
0,85,361,0.0
0,86,361,0.0
0,87,361,0.0
0,88,361,7.359
0,89,361,0.0
1,90,361,0.251
1,91,361,0.0
1,92,361,0.0
1,93,361,0.0
1,94,361,0.0
1,95,361,0.0
1,96,361,0.0
1,97,361,0.0
1,98,361,0.084
1,99,361,0.0
1,100,361,0.0
1,101,361,0.0
1,102,361,0.0
1,103,361,0.0
1,104,361,0.0
1,105,361,0.0
1,106,361,0.0
1,107,361,0.0
1,108,361,0.0
1,109,361,0.294
1,110,361,0.0
1,111,361,0.534
1,112,361,0.0
1,113,361,0.24
1,114,361,0.011
1,115,361,0.0
1,116,361,0.0
1,117,361,0.0
1,118,361,0.0
1,119,361,0.0
1,120,361,0.0
1,121,361,0.251
1,122,361,0.0
1,123,361,0.0
1,124,361,0.0
1,125,361,0.0
1,126,361,0.0
1,127,361,0.193
1,128,361,0.0
1,129,361,0.0
1,130,361,0.0
1,131,361,0.0
1,132,361,0.393
1,133,361,0.0
1,134,361,0.0
1,135,361,0.0
1,136,361,0.03
1,137,361,0.0
1,138,361,0.0
1,139,361,2.572
1,140,361,0.0
1,141,361,0.0
1,142,361,0.0
1,143,361,0.0
1,144,361,0.0
1,145,361,0.0
1,146,361,0.0
1,147,361,0.0
1,148,361,0.0
1,149,361,0.0
1,150,361,0.007
1,151,361,0.0
1,152,361,0.0
1,153,361,0.0
1,154,361,3.438
1,155,361,0.0
1,156,361,0.0
1,157,361,0.0
1,158,361,0.0
1,159,361,1.39
1,160,361,0.0
1,161,361,0.123
1,162,361,0.0
1,163,361,0.0
1,164,361,2.916
1,165,361,0.0
1,166,361,0.0
1,167,361,0.128
0,2,362,0.0
0,3,362,0.0
0,4,362,0.0
0,5,362,0.0
0,6,362,2.393
0,7,362,0.0
0,8,362,0.0
0,9,362,0.0
0,10,362,0.0
0,11,362,0.0
0,12,362,0.0
0,13,362,1.866
0,14,362,0.0
0,15,362,4.302
0,16,362,2.572
0,17,362,0.0
0,18,362,0.0
0,19,362,0.0
0,20,362,0.0
0,21,362,0.0
0,22,362,4.664
0,23,362,0.0
0,24,362,0.0
0,25,362,0.0
0,26,362,0.0
0,27,362,0.0
0,28,362,0.0
0,29,362,0.0
0,30,362,0.0
0,31,362,0.0
0,32,362,0.0
0,33,362,1.508
0,34,362,0.0
0,35,362,3.412
0,36,362,3.376
0,37,362,2.912
0,38,362,0.0
0,39,362,0.0
0,40,362,0.0
0,41,362,2.447
0,42,362,0.0
0,43,362,0.0
0,44,362,0.0
0,45,362,0.0
0,46,362,0.0
0,47,362,0.0
0,48,362,0.0
0,49,362,0.207
0,50,362,0.0
0,51,362,0.0
0,52,362,0.0
0,53,362,0.0
0,54,362,0.407
0,55,362,0.0
0,56,362,0.0
0,57,362,0.0
0,58,362,0.0
0,59,362,1.754
0,60,362,4.389
0,61,362,0.0
0,62,362,4.801
0,63,362,0.0
0,64,362,0.0
0,65,362,0.0
0,66,362,0.0
0,67,362,0.0
0,68,362,0.0
0,69,362,0.0
0,70,362,0.0
0,71,362,0.0
0,72,362,0.0
0,73,362,0.411
0,74,362,0.0
0,75,362,0.0
0,76,362,0.0
0,77,362,0.223
0,78,362,0.0
0,79,362,5.95
0,80,362,1.576
0,81,362,7.091
0,82,362,0.0
0,83,362,1.837
0,84,362,3.145
0,85,362,0.0
0,86,362,0.0
0,87,362,0.0
0,88,362,8.229
0,89,362,0.0
1,90,362,0.046
1,91,362,0.463
1,92,362,0.0
1,93,362,0.0
1,94,362,0.0
1,95,362,0.0
1,96,362,0.0
1,97,362,0.0
1,98,362,0.468
1,99,362,0.0
1,100,362,0.0
1,101,362,0.0
1,102,362,0.0
1,103,362,0.0
1,104,362,0.0
1,105,362,0.0
1,106,362,0.0
1,107,362,0.0
1,108,362,0.0
1,109,362,0.168
1,110,362,0.0
1,111,362,0.469
1,112,362,0.0
1,113,362,0.203
1,114,362,0.0
1,115,362,0.0
1,116,362,0.0
1,117,362,0.0
1,118,362,0.0
1,119,362,0.0
1,120,362,0.0
1,121,362,1.549
1,122,362,0.0
1,123,362,0.0
1,124,362,0.0
1,125,362,0.0
1,126,362,0.004
1,127,362,0.274
1,128,362,0.0
1,129,362,0.0
1,130,362,0.887
1,131,362,0.0
1,132,362,0.675
1,133,362,0.0
1,134,362,0.0
1,135,362,0.0
1,136,362,0.0
1,137,362,0.0
1,138,362,0.0
1,139,362,4.18
1,140,362,0.0
1,141,362,0.118
1,142,362,0.0
1,143,362,0.356
1,144,362,0.0
1,145,362,0.0
1,146,362,0.0
1,147,362,0.0
1,148,362,2.612
1,149,362,0.0
1,150,362,0.733
1,151,362,0.0
1,152,362,0.0
1,153,362,0.0
1,154,362,4.131
1,155,362,0.149
1,156,362,0.0
1,157,362,0.0
1,158,362,0.0
1,159,362,3.651
1,160,362,0.0
1,161,362,0.243
1,162,362,0.0
1,163,362,0.0
1,164,362,1.3
1,165,362,0.0
1,166,362,0.202
1,167,362,0.0
0,2,363,0.0
0,3,363,0.0
0,4,363,1.05
0,5,363,0.0
0,6,363,3.576
0,7,363,0.531
0,8,363,0.0
0,9,363,0.0
0,10,363,0.0
0,11,363,0.0
0,12,363,0.0
0,13,363,1.824
0,14,363,0.0
0,15,363,6.278
0,16,363,0.0
0,17,363,0.0
0,18,363,0.0
0,19,363,0.0
0,20,363,0.0
0,21,363,0.0
0,22,363,1.5
0,23,363,0.0
0,24,363,0.0
0,25,363,0.0
0,26,363,0.0
0,27,363,0.409
0,28,363,0.0
0,29,363,0.0
0,30,363,0.375
0,31,363,0.0
0,32,363,0.0
0,33,363,0.0
0,34,363,0.0
0,35,363,0.0
0,36,363,4.01
0,37,363,0.0
0,38,363,0.0
0,39,363,0.0
0,40,363,0.0
0,41,363,0.0
0,42,363,0.0
0,43,363,0.0
0,44,363,0.0
0,45,363,1.087
0,46,363,0.0
0,47,363,0.0
0,48,363,0.0
0,49,363,0.0
0,50,363,0.0
0,51,363,0.0
0,52,363,0.0
0,53,363,0.0
0,54,363,0.768
0,55,363,0.964
0,56,363,0.0
0,57,363,0.0
0,58,363,1.504
0,59,363,1.764
0,60,363,3.444
0,61,363,0.0
0,62,363,2.094
0,63,363,0.0
0,64,363,0.0
0,65,363,0.0
0,66,363,0.0
0,67,363,0.243
0,68,363,0.0
0,69,363,0.0
0,70,363,0.0
0,71,363,0.0
0,72,363,0.0
0,73,363,0.0
0,74,363,0.0
0,75,363,0.0
0,76,363,0.0
0,77,363,0.325
0,78,363,0.0
0,79,363,5.273
0,80,363,0.848
0,81,363,2.73
0,82,363,0.0
0,83,363,3.803
0,84,363,0.0
0,85,363,0.0
0,86,363,0.628
0,87,363,0.0
0,88,363,7.863
0,89,363,0.0
1,90,363,0.315
1,91,363,0.0
1,92,363,0.0
1,93,363,0.0
1,94,363,0.0
1,95,363,0.0
1,96,363,0.0
1,97,363,0.0
1,98,363,1.268
1,99,363,0.0
1,100,363,0.0
1,101,363,0.465
1,102,363,0.0
1,103,363,0.0
1,104,363,0.216
1,105,363,3.168
1,106,363,0.0
1,107,363,0.0
1,108,363,0.0
1,109,363,0.965
1,110,363,0.0
1,111,363,0.355
1,112,363,0.0
1,113,363,0.099
1,114,363,0.438
1,115,363,0.0
1,116,363,0.0
1,117,363,0.0
1,118,363,0.132
1,119,363,0.0
1,120,363,0.0
1,121,363,0.081
1,122,363,0.0
1,123,363,0.0
1,124,363,0.0
1,125,363,0.0
1,126,363,1.424
1,127,363,0.817
1,128,363,0.0
1,129,363,0.0
1,130,363,0.0
1,131,363,0.0
1,132,363,0.317
1,133,363,0.0
1,134,363,0.0
1,135,363,0.084
1,136,363,0.0
1,137,363,0.405
1,138,363,0.0
1,139,363,3.404
1,140,363,0.308
1,141,363,0.0
1,142,363,0.0
1,143,363,0.0
1,144,363,0.116
1,145,363,0.0
1,146,363,0.0
1,147,363,0.069
1,148,363,0.0
1,149,363,0.032
1,150,363,1.627
1,151,363,0.0
1,152,363,0.0
1,153,363,0.0
1,154,363,3.098
1,155,363,0.159
1,156,363,0.0
1,157,363,0.0
1,158,363,0.0
1,159,363,0.737
1,160,363,0.0
1,161,363,1.007
1,162,363,0.0
1,163,363,0.0
1,164,363,2.42
1,165,363,0.116
1,166,363,0.273
1,167,363,0.24
0,2,364,0.0
0,3,364,0.0
0,4,364,0.0
0,5,364,0.0
0,6,364,0.984
0,7,364,0.0
0,8,364,0.0
0,9,364,0.0
0,10,364,0.0
0,11,364,0.0
0,12,364,0.0
0,13,364,1.635
0,14,364,0.0
0,15,364,6.244
0,16,364,0.0
0,17,364,0.0
0,18,364,0.0
0,19,364,0.693
0,20,364,0.0
0,21,364,0.0
0,22,364,3.009
0,23,364,0.0
0,24,364,0.0
0,25,364,0.0
0,26,364,0.0
0,27,364,0.0
0,28,364,0.0
0,29,364,0.0
0,30,364,0.0
0,31,364,0.0
0,32,364,0.0
0,33,364,0.0
0,34,364,0.0
0,35,364,2.475
0,36,364,3.583
0,37,364,2.012
0,38,364,0.0
0,39,364,0.0
0,40,364,0.0
0,41,364,1.589
0,42,364,0.0
0,43,364,0.0
0,44,364,0.0
0,45,364,0.0
0,46,364,0.0
0,47,364,0.0
0,48,364,0.0
0,49,364,0.0
0,50,364,0.0
0,51,364,0.0
0,52,364,1.212
0,53,364,0.0
0,54,364,1.834
0,55,364,0.0
0,56,364,0.445
0,57,364,0.0
0,58,364,0.0
0,59,364,2.766
0,60,364,3.484
0,61,364,0.0
0,62,364,3.495
0,63,364,0.0
0,64,364,0.0
0,65,364,0.0
0,66,364,0.0
0,67,364,1.363
0,68,364,0.0
0,69,364,0.0
0,70,364,0.0
0,71,364,0.0
0,72,364,0.0
0,73,364,0.0
0,74,364,0.0
0,75,364,0.0
0,76,364,0.0
0,77,364,0.156
0,78,364,0.0
0,79,364,5.859
0,80,364,1.611
0,81,364,2.651
0,82,364,0.0
0,83,364,4.596
0,84,364,0.0
0,85,364,0.0
0,86,364,0.501
0,87,364,0.0
0,88,364,8.279
0,89,364,0.089
1,90,364,0.056
1,91,364,0.0
1,92,364,0.0
1,93,364,0.0
1,94,364,0.0
1,95,364,0.0
1,96,364,0.0
1,97,364,0.0
1,98,364,0.795
1,99,364,0.0
1,100,364,0.0
1,101,364,0.0
1,102,364,0.0
1,103,364,0.0
1,104,364,0.0
1,105,364,0.0
1,106,364,0.0
1,107,364,0.0
1,108,364,0.0
1,109,364,0.0
1,110,364,0.0
1,111,364,0.396
1,112,364,0.0
1,113,364,0.124
1,114,364,0.041
1,115,364,0.0
1,116,364,0.0
1,117,364,0.0
1,118,364,0.743
1,119,364,0.0
1,120,364,0.0
1,121,364,0.138
1,122,364,0.0
1,123,364,0.0
1,124,364,0.0
1,125,364,0.0
1,126,364,1.212
1,127,364,0.396
1,128,364,0.0
1,129,364,0.0
1,130,364,0.0
1,131,364,0.0
1,132,364,0.075
1,133,364,0.0
1,134,364,0.0
1,135,364,0.0
1,136,364,0.068
1,137,364,0.042
1,138,364,0.0
1,139,364,5.136
1,140,364,0.0
1,141,364,0.0
1,142,364,0.0
1,143,364,0.0
1,144,364,0.0
1,145,364,0.0
1,146,364,0.885
1,147,364,0.0
1,148,364,0.0
1,149,364,0.0
1,150,364,0.575
1,151,364,0.0
1,152,364,0.0
1,153,364,0.0
1,154,364,4.193
1,155,364,0.0
1,156,364,0.0
1,157,364,0.0
1,158,364,0.0
1,159,364,1.269
1,160,364,0.0
1,161,364,0.286
1,162,364,0.0
1,163,364,0.0
1,164,364,3.01
1,165,364,0.0
1,166,364,0.0
1,167,364,0.0
0,2,365,0.0
0,3,365,0.0
0,4,365,0.0
0,5,365,0.0
0,6,365,0.0
0,7,365,0.0
0,8,365,0.0
0,9,365,0.0
0,10,365,0.0
0,11,365,0.0
0,12,365,0.0
0,13,365,0.0
0,14,365,0.0
0,15,365,0.0
0,16,365,0.0
0,17,365,0.0
0,18,365,0.0
0,19,365,0.0
0,20,365,0.0
0,21,365,0.0
0,22,365,0.0
0,23,365,0.0
0,24,365,0.0
0,25,365,0.0
0,26,365,0.0
0,27,365,0.0
0,28,365,0.0
0,29,365,0.0
0,30,365,0.0
0,31,365,0.0
0,32,365,0.0
0,33,365,0.0
0,34,365,0.0
0,35,365,0.0
0,36,365,0.0
0,37,365,0.0
0,38,365,0.0
0,39,365,0.0
0,40,365,0.0
0,41,365,0.0
0,42,365,0.0
0,43,365,0.0
0,44,365,0.0
0,45,365,0.0
0,46,365,0.0
0,47,365,0.0
0,48,365,0.0
0,49,365,0.0
0,50,365,0.0
0,51,365,0.0
0,52,365,0.0
0,53,365,0.0
0,54,365,0.0
0,55,365,0.0
0,56,365,0.0
0,57,365,0.0
0,58,365,0.0
0,59,365,0.0
0,60,365,0.0
0,61,365,0.0
0,62,365,0.0
0,63,365,0.0
0,64,365,0.0
0,65,365,0.0
0,66,365,0.0
0,67,365,0.0
0,68,365,0.0
0,69,365,0.0
0,70,365,0.0
0,71,365,0.0
0,72,365,0.0
0,73,365,0.0
0,74,365,0.0
0,75,365,0.0
0,76,365,0.0
0,77,365,0.0
0,78,365,0.0
0,79,365,0.0
0,80,365,0.0
0,81,365,0.198
0,82,365,0.0
0,83,365,0.0
0,84,365,0.0
0,85,365,0.0
0,86,365,0.0
0,87,365,0.0
0,88,365,0.0
0,89,365,0.0
1,90,365,0.0
1,91,365,0.0
1,92,365,0.0
1,93,365,0.0
1,94,365,0.0
1,95,365,0.0
1,96,365,0.0
1,97,365,0.0
1,98,365,0.0
1,99,365,0.0
1,100,365,0.0
1,101,365,0.0
1,102,365,0.0
1,103,365,0.0
1,104,365,0.0
1,105,365,0.0
1,106,365,0.0
1,107,365,0.0
1,108,365,0.0
1,109,365,0.0
1,110,365,0.0
1,111,365,0.0
1,112,365,0.0
1,113,365,0.0
1,114,365,0.0
1,115,365,0.0
1,116,365,0.0
1,117,365,0.0
1,118,365,0.0
1,119,365,0.0
1,120,365,0.0
1,121,365,0.0
1,122,365,0.0
1,123,365,0.0
1,124,365,0.0
1,125,365,0.0
1,126,365,0.0
1,127,365,0.0
1,128,365,0.0
1,129,365,0.0
1,130,365,0.0
1,131,365,0.0
1,132,365,0.0
1,133,365,0.0
1,134,365,0.0
1,135,365,0.0
1,136,365,0.0
1,137,365,0.0
1,138,365,0.0
1,139,365,0.0
1,140,365,0.0
1,141,365,0.0
1,142,365,0.0
1,143,365,0.0
1,144,365,0.0
1,145,365,0.0
1,146,365,0.0
1,147,365,0.0
1,148,365,0.0
1,149,365,0.0
1,150,365,0.0
1,151,365,0.0
1,152,365,0.0
1,153,365,0.0
1,154,365,0.0
1,155,365,0.0
1,156,365,0.0
1,157,365,0.0
1,158,365,0.0
1,159,365,0.0
1,160,365,0.0
1,161,365,0.0
1,162,365,0.0
1,163,365,0.0
1,164,365,0.217
1,165,365,0.0
1,166,365,0.0
1,167,365,0.0
0,2,366,0.0
0,3,366,0.0
0,4,366,0.0
0,5,366,0.0
0,6,366,0.0
0,7,366,0.0
0,8,366,0.0
0,9,366,0.0
0,10,366,0.0
0,11,366,0.0
0,12,366,0.0
0,13,366,0.0
0,14,366,0.0
0,15,366,0.0
0,16,366,0.0
0,17,366,0.0
0,18,366,0.0
0,19,366,0.0
0,20,366,0.0
0,21,366,0.0
0,22,366,0.0
0,23,366,0.0
0,24,366,0.0
0,25,366,0.0
0,26,366,0.0
0,27,366,0.0
0,28,366,0.0
0,29,366,0.0
0,30,366,0.0
0,31,366,0.0
0,32,366,0.0
0,33,366,0.0
0,34,366,0.0
0,35,366,0.0
0,36,366,0.0
0,37,366,0.0
0,38,366,0.0
0,39,366,0.0
0,40,366,0.0
0,41,366,0.0
0,42,366,0.0
0,43,366,0.0
0,44,366,0.0
0,45,366,0.0
0,46,366,0.0
0,47,366,0.0
0,48,366,0.0
0,49,366,0.0
0,50,366,0.0
0,51,366,0.0
0,52,366,0.0
0,53,366,0.0
0,54,366,0.0
0,55,366,0.0
0,56,366,0.0
0,57,366,0.0
0,58,366,0.0
0,59,366,0.0
0,60,366,0.0
0,61,366,0.0
0,62,366,0.0
0,63,366,0.0
0,64,366,0.0
0,65,366,0.0
0,66,366,0.0
0,67,366,0.0
0,68,366,0.0
0,69,366,0.0
0,70,366,0.0
0,71,366,0.0
0,72,366,0.0
0,73,366,0.0
0,74,366,0.0
0,75,366,0.0
0,76,366,0.0
0,77,366,0.0
0,78,366,0.0
0,79,366,0.0
0,80,366,0.0
0,81,366,0.0
0,82,366,0.0
0,83,366,0.0
0,84,366,0.0
0,85,366,0.0
0,86,366,0.0
0,87,366,0.0
0,88,366,0.0
0,89,366,0.0
1,90,366,0.0
1,91,366,0.0
1,92,366,0.0
1,93,366,0.0
1,94,366,0.0
1,95,366,0.0
1,96,366,0.0
1,97,366,0.063
1,98,366,0.0
1,99,366,0.0
1,100,366,0.0
1,101,366,0.0
1,102,366,0.0
1,103,366,0.0
1,104,366,0.0
1,105,366,0.0
1,106,366,0.0
1,107,366,0.0
1,108,366,0.0
1,109,366,0.0
1,110,366,0.0
1,111,366,0.0
1,112,366,0.0
1,113,366,0.0
1,114,366,0.0
1,115,366,0.0
1,116,366,0.0
1,117,366,0.0
1,118,366,0.0
1,119,366,0.0
1,120,366,0.0
1,121,366,0.0
1,122,366,0.0
1,123,366,0.0
1,124,366,0.0
1,125,366,0.0
1,126,366,0.0
1,127,366,0.0
1,128,366,0.0
1,129,366,0.0
1,130,366,0.0
1,131,366,0.0
1,132,366,0.0
1,133,366,0.0
1,134,366,0.0
1,135,366,0.0
1,136,366,0.0
1,137,366,0.0
1,138,366,0.0
1,139,366,0.0
1,140,366,0.0
1,141,366,0.0
1,142,366,0.0
1,143,366,0.0
1,144,366,0.0
1,145,366,0.0
1,146,366,0.0
1,147,366,0.0
1,148,366,0.0
1,149,366,0.0
1,150,366,0.0
1,151,366,0.0
1,152,366,0.0
1,153,366,0.0
1,154,366,0.0
1,155,366,0.0
1,156,366,0.0
1,157,366,0.0
1,158,366,0.0
1,159,366,0.0
1,160,366,0.0
1,161,366,0.0
1,162,366,0.0
1,163,366,0.0
1,164,366,0.33
1,165,366,0.0
1,166,366,0.0
1,167,366,0.0
0,2,367,0.0
0,3,367,0.0
0,4,367,2.245
0,5,367,0.0
0,6,367,0.65
0,7,367,0.0
0,8,367,0.0
0,9,367,0.0
0,10,367,0.0
0,11,367,0.0
0,12,367,0.0
0,13,367,1.331
0,14,367,0.0
0,15,367,7.247
0,16,367,5.016
0,17,367,0.0
0,18,367,0.0
0,19,367,0.576
0,20,367,0.0
0,21,367,0.0
0,22,367,2.947
0,23,367,0.0
0,24,367,0.0
0,25,367,0.0
0,26,367,0.0
0,27,367,0.0
0,28,367,0.0
0,29,367,0.0
0,30,367,0.225
0,31,367,3.439
0,32,367,0.0
0,33,367,0.0
0,34,367,0.0
0,35,367,0.0
0,36,367,2.426
0,37,367,2.168
0,38,367,0.0
0,39,367,0.0
0,40,367,0.0
0,41,367,2.993
0,42,367,0.0
0,43,367,0.0
0,44,367,0.0
0,45,367,1.868
0,46,367,1.831
0,47,367,0.0
0,48,367,0.0
0,49,367,0.798
0,50,367,0.0
0,51,367,0.699
0,52,367,0.0
0,53,367,2.73
0,54,367,0.67
0,55,367,1.423
0,56,367,0.894
0,57,367,0.0
0,58,367,1.551
0,59,367,0.644
0,60,367,3.397
0,61,367,0.0
0,62,367,1.197
0,63,367,0.0
0,64,367,0.0
0,65,367,0.0
0,66,367,0.0
0,67,367,0.0
0,68,367,0.0
0,69,367,0.0
0,70,367,0.0
0,71,367,0.0
0,72,367,0.0
0,73,367,0.0
0,74,367,0.643
0,75,367,0.0
0,76,367,0.0
0,77,367,0.309
0,78,367,0.263
0,79,367,5.777
0,80,367,2.836
0,81,367,6.506
0,82,367,0.0
0,83,367,2.748
0,84,367,0.0
0,85,367,0.0
0,86,367,0.0
0,87,367,0.0
0,88,367,8.429
0,89,367,0.0
1,90,367,0.133
1,91,367,0.0
1,92,367,0.0
1,93,367,0.0
1,94,367,0.0
1,95,367,0.0
1,96,367,0.0
1,97,367,0.0
1,98,367,1.755
1,99,367,0.0
1,100,367,0.0
1,101,367,0.0
1,102,367,0.0
1,103,367,0.0
1,104,367,0.0
1,105,367,0.0
1,106,367,0.0
1,107,367,0.0
1,108,367,0.0
1,109,367,1.144
1,110,367,0.0
1,111,367,0.608
1,112,367,0.0
1,113,367,0.047
1,114,367,0.539
1,115,367,0.0
1,116,367,0.0
1,117,367,0.0
1,118,367,0.0
1,119,367,0.0
1,120,367,0.0
1,121,367,0.0
1,122,367,0.0
1,123,367,0.076
1,124,367,0.0
1,125,367,0.0
1,126,367,0.378
1,127,367,0.0
1,128,367,0.0
1,129,367,0.0
1,130,367,0.036
1,131,367,0.0
1,132,367,0.0
1,133,367,0.0
1,134,367,0.0
1,135,367,0.0
1,136,367,0.02
1,137,367,1.187
1,138,367,0.0
1,139,367,0.0
1,140,367,0.0
1,141,367,0.0
1,142,367,0.0
1,143,367,0.0
1,144,367,0.0
1,145,367,0.0
1,146,367,0.07
1,147,367,0.0
1,148,367,0.0
1,149,367,0.0
1,150,367,1.248
1,151,367,0.0
1,152,367,0.0
1,153,367,0.0
1,154,367,0.0
1,155,367,0.0
1,156,367,0.0
1,157,367,0.0
1,158,367,0.0
1,159,367,2.299
1,160,367,0.0
1,161,367,0.215
1,162,367,0.0
1,163,367,0.0
1,164,367,2.847
1,165,367,0.0
1,166,367,0.0
1,167,367,0.0
0,2,368,0.0
0,3,368,0.0
0,4,368,0.0
0,5,368,0.0
0,6,368,0.0
0,7,368,0.0
0,8,368,0.0
0,9,368,0.0
0,10,368,0.0
0,11,368,0.0
0,12,368,0.0
0,13,368,0.0
0,14,368,0.0
0,15,368,0.0
0,16,368,0.0
0,17,368,0.0
0,18,368,0.0
0,19,368,0.0
0,20,368,0.0
0,21,368,0.0
0,22,368,0.0
0,23,368,0.0
0,24,368,0.0
0,25,368,0.0
0,26,368,0.0
0,27,368,0.0
0,28,368,0.0
0,29,368,0.0
0,30,368,0.0
0,31,368,0.0
0,32,368,0.0
0,33,368,0.0
0,34,368,0.0
0,35,368,0.0
0,36,368,0.0
0,37,368,0.0
0,38,368,0.0
0,39,368,0.0
0,40,368,0.0
0,41,368,0.0
0,42,368,0.0
0,43,368,0.0
0,44,368,0.0
0,45,368,0.0
0,46,368,0.0
0,47,368,0.0
0,48,368,0.0
0,49,368,0.0
0,50,368,0.0
0,51,368,0.0
0,52,368,0.0
0,53,368,0.0
0,54,368,0.0
0,55,368,0.0
0,56,368,0.0
0,57,368,0.0
0,58,368,0.0
0,59,368,0.0
0,60,368,0.0
0,61,368,0.0
0,62,368,0.0
0,63,368,0.0
0,64,368,0.0
0,65,368,0.0
0,66,368,0.0
0,67,368,0.0
0,68,368,0.0
0,69,368,0.0
0,70,368,0.0
0,71,368,0.0
0,72,368,0.0
0,73,368,0.0
0,74,368,0.0
0,75,368,0.0
0,76,368,0.0
0,77,368,0.0
0,78,368,0.0
0,79,368,0.0
0,80,368,0.0
0,81,368,0.0
0,82,368,0.0
0,83,368,0.0
0,84,368,0.0
0,85,368,0.0
0,86,368,0.0
0,87,368,0.0
0,88,368,0.0
0,89,368,0.0
1,90,368,0.0
1,91,368,0.0
1,92,368,0.0
1,93,368,0.0
1,94,368,0.0
1,95,368,0.0
1,96,368,0.0
1,97,368,0.0
1,98,368,0.0
1,99,368,0.0
1,100,368,0.0
1,101,368,0.0
1,102,368,0.0
1,103,368,0.0
1,104,368,0.0
1,105,368,0.0
1,106,368,0.0
1,107,368,0.0
1,108,368,0.0
1,109,368,0.0
1,110,368,0.0
1,111,368,0.0
1,112,368,0.0
1,113,368,0.0
1,114,368,0.0
1,115,368,0.0
1,116,368,0.0
1,117,368,0.0
1,118,368,0.0
1,119,368,0.0
1,120,368,0.0
1,121,368,0.0
1,122,368,0.0
1,123,368,0.0
1,124,368,0.0
1,125,368,0.0
1,126,368,0.0
1,127,368,0.0
1,128,368,0.0
1,129,368,0.0
1,130,368,0.0
1,131,368,0.0
1,132,368,0.0
1,133,368,0.0
1,134,368,0.0
1,135,368,0.0
1,136,368,0.0
1,137,368,0.0
1,138,368,0.0
1,139,368,0.0
1,140,368,0.0
1,141,368,0.0
1,142,368,0.0
1,143,368,0.0
1,144,368,0.0
1,145,368,0.0
1,146,368,0.0
1,147,368,0.0
1,148,368,0.0
1,149,368,0.0
1,150,368,0.0
1,151,368,0.0
1,152,368,0.0
1,153,368,0.0
1,154,368,0.0
1,155,368,0.0
1,156,368,0.0
1,157,368,0.0
1,158,368,0.0
1,159,368,0.0
1,160,368,0.0
1,161,368,0.0
1,162,368,0.0
1,163,368,0.0
1,164,368,0.064
1,165,368,0.0
1,166,368,0.0
1,167,368,0.0
0,2,369,0.0
0,3,369,0.0
0,4,369,1.07
0,5,369,0.0
0,6,369,2.124
0,7,369,0.0
0,8,369,0.0
0,9,369,0.0
0,10,369,0.0
0,11,369,0.0
0,12,369,0.0
0,13,369,3.402
0,14,369,0.0
0,15,369,2.82
0,16,369,0.0
0,17,369,0.0
0,18,369,0.0
0,19,369,0.573
0,20,369,3.514
0,21,369,0.0
0,22,369,3.582
0,23,369,0.0
0,24,369,0.0
0,25,369,0.893
0,26,369,0.0
0,27,369,1.621
0,28,369,0.0
0,29,369,0.0
0,30,369,0.0
0,31,369,4.795
0,32,369,0.0
0,33,369,0.48
0,34,369,0.0
0,35,369,1.081
0,36,369,4.096
0,37,369,2.133
0,38,369,0.0
0,39,369,0.0
0,40,369,0.0
0,41,369,3.791
0,42,369,0.497
0,43,369,0.0
0,44,369,0.0
0,45,369,0.0
0,46,369,3.344
0,47,369,0.0
0,48,369,0.0
0,49,369,0.0
0,50,369,0.0
0,51,369,2.339
0,52,369,0.0
0,53,369,4.878
0,54,369,2.707
0,55,369,2.365
0,56,369,0.0
0,57,369,0.417
0,58,369,0.0
0,59,369,2.904
0,60,369,3.311
0,61,369,0.0
0,62,369,6.156
0,63,369,0.0
0,64,369,0.0
0,65,369,0.0
0,66,369,0.0
0,67,369,1.578
0,68,369,0.0
0,69,369,0.0
0,70,369,1.194
0,71,369,0.0
0,72,369,0.0
0,73,369,0.0
0,74,369,1.429
0,75,369,0.0
0,76,369,0.0
0,77,369,0.725
0,78,369,0.0
0,79,369,6.209
0,80,369,3.121
0,81,369,7.289
0,82,369,0.0
0,83,369,1.249
0,84,369,1.627
0,85,369,0.0
0,86,369,0.0
0,87,369,0.0
0,88,369,8.219
0,89,369,0.0
1,90,369,0.413
1,91,369,0.495
1,92,369,0.007
1,93,369,0.0
1,94,369,0.0
1,95,369,0.0
1,96,369,0.0
1,97,369,0.0
1,98,369,0.723
1,99,369,0.0
1,100,369,0.0
1,101,369,0.0
1,102,369,0.0
1,103,369,0.0
1,104,369,0.0
1,105,369,0.0
1,106,369,0.0
1,107,369,0.0
1,108,369,0.0
1,109,369,0.0
1,110,369,0.0
1,111,369,0.0
1,112,369,0.0
1,113,369,0.23
1,114,369,0.0
1,115,369,0.0
1,116,369,0.0
1,117,369,0.0
1,118,369,0.275
1,119,369,0.0
1,120,369,0.0
1,121,369,3.338
1,122,369,0.0
1,123,369,0.0
1,124,369,0.0
1,125,369,0.0
1,126,369,0.251
1,127,369,0.108
1,128,369,0.0
1,129,369,0.0
1,130,369,1.301
1,131,369,0.025
1,132,369,0.432
1,133,369,0.0
1,134,369,0.0
1,135,369,0.0
1,136,369,0.653
1,137,369,0.0
1,138,369,0.0
1,139,369,4.615
1,140,369,0.0
1,141,369,0.0
1,142,369,0.0
1,143,369,0.0
1,144,369,0.0
1,145,369,0.0
1,146,369,0.0
1,147,369,0.0
1,148,369,0.0
1,149,369,0.0
1,150,369,0.0
1,151,369,0.0
1,152,369,0.0
1,153,369,0.0
1,154,369,4.302
1,155,369,0.074
1,156,369,0.0
1,157,369,0.0
1,158,369,0.04
1,159,369,0.527
1,160,369,0.0
1,161,369,0.725
1,162,369,0.0
1,163,369,0.0
1,164,369,4.218
1,165,369,0.0
1,166,369,0.718
1,167,369,0.0
0,2,370,0.0
0,3,370,0.0
0,4,370,0.0
0,5,370,0.0
0,6,370,0.0
0,7,370,0.0
0,8,370,0.0
0,9,370,0.0
0,10,370,0.0
0,11,370,0.0
0,12,370,0.0
0,13,370,0.0
0,14,370,0.0
0,15,370,0.0
0,16,370,0.0
0,17,370,0.0
0,18,370,0.0
0,19,370,0.0
0,20,370,0.0
0,21,370,0.0
0,22,370,0.0
0,23,370,0.0
0,24,370,0.0
0,25,370,0.0
0,26,370,0.0
0,27,370,0.0
0,28,370,0.0
0,29,370,0.0
0,30,370,0.0
0,31,370,0.0
0,32,370,0.0
0,33,370,0.0
0,34,370,0.0
0,35,370,0.0
0,36,370,0.0
0,37,370,0.0
0,38,370,0.0
0,39,370,0.0
0,40,370,0.0
0,41,370,0.0
0,42,370,0.0
0,43,370,0.0
0,44,370,0.0
0,45,370,0.0
0,46,370,0.0
0,47,370,0.0
0,48,370,0.0
0,49,370,0.0
0,50,370,0.0
0,51,370,0.0
0,52,370,0.0
0,53,370,0.0
0,54,370,0.0
0,55,370,0.0
0,56,370,0.0
0,57,370,0.0
0,58,370,0.0
0,59,370,0.0
0,60,370,0.0
0,61,370,0.0
0,62,370,0.0
0,63,370,0.0
0,64,370,0.0
0,65,370,0.0
0,66,370,0.0
0,67,370,0.0
0,68,370,0.0
0,69,370,0.0
0,70,370,0.0
0,71,370,0.0
0,72,370,0.0
0,73,370,0.0
0,74,370,0.0
0,75,370,0.0
0,76,370,0.0
0,77,370,0.0
0,78,370,0.0
0,79,370,0.0
0,80,370,0.0
0,81,370,0.0
0,82,370,0.0
0,83,370,0.0
0,84,370,0.0
0,85,370,0.0
0,86,370,0.0
0,87,370,0.0
0,88,370,0.0
0,89,370,0.0
1,90,370,0.02
1,91,370,0.0
1,92,370,0.0
1,93,370,0.0
1,94,370,0.0
1,95,370,0.0
1,96,370,0.0
1,97,370,0.0
1,98,370,0.0
1,99,370,0.0
1,100,370,0.0
1,101,370,0.0
1,102,370,0.0
1,103,370,0.0
1,104,370,0.068
1,105,370,0.0
1,106,370,0.0
1,107,370,0.0
1,108,370,0.083
1,109,370,0.0
1,110,370,0.0
1,111,370,0.0
1,112,370,0.0
1,113,370,0.0
1,114,370,0.105
1,115,370,0.0
1,116,370,0.0
1,117,370,0.0
1,118,370,0.0
1,119,370,0.0
1,120,370,0.0
1,121,370,0.004
1,122,370,0.0
1,123,370,0.0
1,124,370,0.0
1,125,370,0.0
1,126,370,0.0
1,127,370,0.0
1,128,370,0.0
1,129,370,0.0
1,130,370,0.0
1,131,370,0.0
1,132,370,0.0
1,133,370,0.0
1,134,370,0.0
1,135,370,0.0
1,136,370,0.182
1,137,370,0.0
1,138,370,0.0
1,139,370,0.0
1,140,370,0.0
1,141,370,0.0
1,142,370,0.0
1,143,370,0.0
1,144,370,0.0
1,145,370,0.0
1,146,370,0.0
1,147,370,0.0
1,148,370,0.0
1,149,370,0.0
1,150,370,0.0
1,151,370,0.0
1,152,370,0.018
1,153,370,0.0
1,154,370,0.0
1,155,370,0.0
1,156,370,0.0
1,157,370,0.0
1,158,370,0.0
1,159,370,0.0
1,160,370,0.0
1,161,370,0.0
1,162,370,0.0
1,163,370,0.0
1,164,370,0.02
1,165,370,0.0
1,166,370,0.0
1,167,370,0.0
0,2,371,0.0
0,3,371,0.0
0,4,371,2.818
0,5,371,0.0
0,6,371,3.283
0,7,371,0.0
0,8,371,0.0
0,9,371,0.0
0,10,371,0.0
0,11,371,0.0
0,12,371,0.0
0,13,371,0.287
0,14,371,0.0
0,15,371,6.835
0,16,371,4.319
0,17,371,0.144
0,18,371,0.0
0,19,371,1.267
0,20,371,0.0
0,21,371,0.0
0,22,371,2.486
0,23,371,0.0
0,24,371,0.0
0,25,371,0.0
0,26,371,0.0
0,27,371,0.0
0,28,371,0.0
0,29,371,0.0
0,30,371,0.892
0,31,371,3.931
0,32,371,0.0
0,33,371,0.0
0,34,371,0.0
0,35,371,0.151
0,36,371,5.657
0,37,371,0.0
0,38,371,0.0
0,39,371,0.0
0,40,371,0.0
0,41,371,5.193
0,42,371,0.0
0,43,371,0.0
0,44,371,0.0
0,45,371,0.0
0,46,371,0.0
0,47,371,0.0
0,48,371,0.0
0,49,371,0.0
0,50,371,0.0
0,51,371,2.16
0,52,371,0.0
0,53,371,2.29
0,54,371,0.0
0,55,371,0.0
0,56,371,0.0
0,57,371,0.0
0,58,371,0.0
0,59,371,2.104
0,60,371,0.874
0,61,371,0.0
0,62,371,4.115
0,63,371,0.0
0,64,371,0.0
0,65,371,0.0
0,66,371,0.0
0,67,371,0.0
0,68,371,0.0
0,69,371,0.0
0,70,371,0.0
0,71,371,0.0
0,72,371,0.0
0,73,371,0.0
0,74,371,1.327
0,75,371,0.0
0,76,371,0.0
0,77,371,1.396
0,78,371,0.0
0,79,371,5.245
0,80,371,2.822
0,81,371,4.002
0,82,371,0.0
0,83,371,3.146
0,84,371,0.0
0,85,371,0.0
0,86,371,0.0
0,87,371,0.0
0,88,371,8.392
0,89,371,0.0
1,90,371,0.179
1,91,371,0.0
1,92,371,0.0
1,93,371,0.0
1,94,371,0.0
1,95,371,0.0
1,96,371,0.0
1,97,371,0.0
1,98,371,1.748
1,99,371,0.0
1,100,371,0.0
1,101,371,0.66
1,102,371,0.0
1,103,371,0.0
1,104,371,0.0
1,105,371,0.218
1,106,371,0.0
1,107,371,0.0
1,108,371,0.0
1,109,371,0.218
1,110,371,0.0
1,111,371,5.591
1,112,371,0.0
1,113,371,0.0
1,114,371,0.649
1,115,371,0.0
1,116,371,0.0
1,117,371,0.0
1,118,371,0.878
1,119,371,0.0
1,120,371,0.0
1,121,371,0.0
1,122,371,0.0
1,123,371,0.0
1,124,371,0.0
1,125,371,0.0
1,126,371,0.0
1,127,371,0.491
1,128,371,0.0
1,129,371,0.0
1,130,371,0.0
1,131,371,0.0
1,132,371,0.657
1,133,371,0.0
1,134,371,0.0
1,135,371,0.0
1,136,371,0.193
1,137,371,0.987
1,138,371,0.0
1,139,371,5.629
1,140,371,0.0
1,141,371,0.0
1,142,371,0.0
1,143,371,0.0
1,144,371,0.0
1,145,371,0.0
1,146,371,0.0
1,147,371,0.0
1,148,371,0.0
1,149,371,0.0
1,150,371,0.564
1,151,371,0.0
1,152,371,0.0
1,153,371,0.0
1,154,371,4.812
1,155,371,0.0
1,156,371,0.0
1,157,371,0.0
1,158,371,0.0
1,159,371,1.642
1,160,371,0.0
1,161,371,1.22
1,162,371,0.528
1,163,371,0.0
1,164,371,2.112
1,165,371,0.0
1,166,371,0.852
1,167,371,0.0
0,2,372,0.0
0,3,372,0.0
0,4,372,0.0
0,5,372,0.0
0,6,372,0.977
0,7,372,0.031
0,8,372,0.0
0,9,372,0.0
0,10,372,0.0
0,11,372,0.0
0,12,372,0.0
0,13,372,0.0
0,14,372,0.0
0,15,372,7.404
0,16,372,0.0
0,17,372,0.0
0,18,372,0.0
0,19,372,0.156
0,20,372,0.0
0,21,372,0.0
0,22,372,0.0
0,23,372,0.0
0,24,372,0.0
0,25,372,0.0
0,26,372,0.0
0,27,372,1.089
0,28,372,0.0
0,29,372,0.0
0,30,372,0.0
0,31,372,0.0
0,32,372,0.0
0,33,372,0.0
0,34,372,0.0
0,35,372,0.0
0,36,372,3.731
0,37,372,0.202
0,38,372,0.0
0,39,372,0.0
0,40,372,0.0
0,41,372,0.0
0,42,372,0.0
0,43,372,0.0
0,44,372,0.0
0,45,372,0.0
0,46,372,0.0
0,47,372,0.0
0,48,372,0.0
0,49,372,0.781
0,50,372,0.0
0,51,372,0.0
0,52,372,0.0
0,53,372,0.0
0,54,372,0.0
0,55,372,0.0
0,56,372,0.0
0,57,372,0.0
0,58,372,0.0
0,59,372,2.401
0,60,372,0.979
0,61,372,0.0
0,62,372,1.789
0,63,372,0.0
0,64,372,0.0
0,65,372,0.0
0,66,372,0.0
0,67,372,0.0
0,68,372,0.0
0,69,372,0.0
0,70,372,0.847
0,71,372,0.0
0,72,372,0.0
0,73,372,0.0
0,74,372,0.0
0,75,372,0.0
0,76,372,0.0
0,77,372,0.0
0,78,372,0.0
0,79,372,3.422
0,80,372,0.447
0,81,372,0.0
0,82,372,0.0
0,83,372,2.535
0,84,372,0.0
0,85,372,0.0
0,86,372,0.0
0,87,372,0.0
0,88,372,8.086
0,89,372,0.0
1,90,372,0.0
1,91,372,0.0
1,92,372,0.0
1,93,372,0.0
1,94,372,0.0
1,95,372,0.0
1,96,372,0.0
1,97,372,0.0
1,98,372,1.22
1,99,372,0.0
1,100,372,0.0
1,101,372,0.0
1,102,372,0.0
1,103,372,0.0
1,104,372,0.0
1,105,372,0.0
1,106,372,0.0
1,107,372,0.0
1,108,372,0.0
1,109,372,0.0
1,110,372,0.0
1,111,372,0.0
1,112,372,0.0
1,113,372,0.0
1,114,372,0.0
1,115,372,0.0
1,116,372,0.0
1,117,372,0.0
1,118,372,0.472
1,119,372,0.0
1,120,372,0.19
1,121,372,0.0
1,122,372,0.0
1,123,372,0.0
1,124,372,0.0
1,125,372,0.0
1,126,372,0.0
1,127,372,0.0
1,128,372,0.0
1,129,372,0.0
1,130,372,0.0
1,131,372,0.0
1,132,372,0.0
1,133,372,0.0
1,134,372,0.0
1,135,372,0.0
1,136,372,0.339
1,137,372,0.0
1,138,372,0.0
1,139,372,2.216
1,140,372,0.0
1,141,372,0.0
1,142,372,0.0
1,143,372,0.0
1,144,372,0.0
1,145,372,0.0
1,146,372,0.0
1,147,372,0.0
1,148,372,0.0
1,149,372,0.0
1,150,372,0.0
1,151,372,0.0
1,152,372,0.0
1,153,372,0.0
1,154,372,2.373
1,155,372,0.0
1,156,372,0.0
1,157,372,0.0
1,158,372,0.0
1,159,372,0.105
1,160,372,0.0
1,161,372,0.0
1,162,372,0.0
1,163,372,0.0
1,164,372,2.912
1,165,372,0.0
1,166,372,0.0
1,167,372,0.0
0,2,373,0.0
0,3,373,0.0
0,4,373,0.0
0,5,373,0.0
0,6,373,0.0
0,7,373,0.0
0,8,373,0.0
0,9,373,0.0
0,10,373,0.0
0,11,373,0.0
0,12,373,0.0
0,13,373,0.0
0,14,373,0.0
0,15,373,0.0
0,16,373,0.0
0,17,373,0.0
0,18,373,0.0
0,19,373,0.0
0,20,373,0.0
0,21,373,0.0
0,22,373,0.0
0,23,373,0.0
0,24,373,0.0
0,25,373,0.0
0,26,373,0.0
0,27,373,0.0
0,28,373,0.0
0,29,373,0.0
0,30,373,0.0
0,31,373,0.0
0,32,373,0.0
0,33,373,0.0
0,34,373,0.0
0,35,373,0.0
0,36,373,0.0
0,37,373,0.0
0,38,373,0.0
0,39,373,0.0
0,40,373,0.0
0,41,373,0.0
0,42,373,0.0
0,43,373,0.0
0,44,373,0.0
0,45,373,0.0
0,46,373,0.0
0,47,373,0.0
0,48,373,0.0
0,49,373,0.0
0,50,373,0.0
0,51,373,0.0
0,52,373,0.0
0,53,373,0.0
0,54,373,0.0
0,55,373,0.0
0,56,373,0.0
0,57,373,0.0
0,58,373,0.0
0,59,373,0.0
0,60,373,0.0
0,61,373,0.0
0,62,373,0.0
0,63,373,0.0
0,64,373,0.0
0,65,373,0.0
0,66,373,0.0
0,67,373,0.0
0,68,373,0.0
0,69,373,0.0
0,70,373,0.0
0,71,373,0.0
0,72,373,0.0
0,73,373,0.0
0,74,373,0.0
0,75,373,0.0
0,76,373,0.0
0,77,373,0.0
0,78,373,0.0
0,79,373,0.0
0,80,373,0.0
0,81,373,1.722
0,82,373,0.0
0,83,373,0.0
0,84,373,0.0
0,85,373,0.0
0,86,373,0.0
0,87,373,0.0
0,88,373,0.0
0,89,373,0.0
1,90,373,0.0
1,91,373,0.0
1,92,373,0.0
1,93,373,0.0
1,94,373,0.0
1,95,373,0.0
1,96,373,0.0
1,97,373,0.0
1,98,373,0.0
1,99,373,0.0
1,100,373,0.0
1,101,373,0.0
1,102,373,0.0
1,103,373,0.0
1,104,373,0.0
1,105,373,0.0
1,106,373,0.0
1,107,373,0.0
1,108,373,0.0
1,109,373,0.0
1,110,373,0.0
1,111,373,0.0
1,112,373,0.0
1,113,373,0.0
1,114,373,0.0
1,115,373,0.0
1,116,373,0.0
1,117,373,0.0
1,118,373,0.0
1,119,373,0.0
1,120,373,0.0
1,121,373,0.0
1,122,373,0.0
1,123,373,0.0
1,124,373,0.0
1,125,373,0.0
1,126,373,0.0
1,127,373,0.0
1,128,373,0.0
1,129,373,0.0
1,130,373,0.0
1,131,373,0.0
1,132,373,0.0
1,133,373,0.0
1,134,373,0.0
1,135,373,0.0
1,136,373,0.0
1,137,373,0.0
1,138,373,0.0
1,139,373,0.0
1,140,373,0.0
1,141,373,0.0
1,142,373,0.0
1,143,373,0.0
1,144,373,0.0
1,145,373,0.0
1,146,373,0.0
1,147,373,0.0
1,148,373,0.0
1,149,373,0.0
1,150,373,0.0
1,151,373,0.0
1,152,373,0.0
1,153,373,0.0
1,154,373,0.0
1,155,373,0.0
1,156,373,0.0
1,157,373,0.0
1,158,373,0.0
1,159,373,0.0
1,160,373,0.0
1,161,373,0.0
1,162,373,0.0
1,163,373,0.0
1,164,373,0.0
1,165,373,0.0
1,166,373,0.0
1,167,373,0.0
0,2,374,0.0
0,3,374,0.0
0,4,374,0.0
0,5,374,0.0
0,6,374,1.253
0,7,374,0.0
0,8,374,0.0
0,9,374,0.0
0,10,374,0.0
0,11,374,0.0
0,12,374,0.0
0,13,374,2.326
0,14,374,0.0
0,15,374,5.513
0,16,374,1.694
0,17,374,0.0
0,18,374,0.0
0,19,374,0.0
0,20,374,0.0
0,21,374,0.0
0,22,374,2.847
0,23,374,0.0
0,24,374,0.0
0,25,374,1.162
0,26,374,0.0
0,27,374,0.0
0,28,374,0.0
0,29,374,0.0
0,30,374,0.0
0,31,374,1.836
0,32,374,0.0
0,33,374,0.0
0,34,374,0.0
0,35,374,2.098
0,36,374,2.503
0,37,374,0.491
0,38,374,0.0
0,39,374,0.0
0,40,374,0.0
0,41,374,2.336
0,42,374,0.0
0,43,374,0.0
0,44,374,0.0
0,45,374,0.97
0,46,374,1.362
0,47,374,0.0
0,48,374,0.0
0,49,374,0.617
0,50,374,0.0
0,51,374,0.0
0,52,374,0.0
0,53,374,0.0
0,54,374,0.0
0,55,374,0.595
0,56,374,0.0
0,57,374,0.0
0,58,374,0.0
0,59,374,0.0
0,60,374,2.362
0,61,374,0.0
0,62,374,3.295
0,63,374,0.0
0,64,374,0.0
0,65,374,0.0
0,66,374,0.151
0,67,374,0.0
0,68,374,0.0
0,69,374,0.0
0,70,374,0.0
0,71,374,0.0
0,72,374,0.0
0,73,374,0.0
0,74,374,0.0
0,75,374,0.0
0,76,374,0.0
0,77,374,0.82
0,78,374,0.0
0,79,374,6.001
0,80,374,1.995
0,81,374,6.071
0,82,374,0.0
0,83,374,3.095
0,84,374,3.648
0,85,374,0.0
0,86,374,0.0
0,87,374,0.0
0,88,374,7.489
0,89,374,0.0
1,90,374,0.0
1,91,374,0.0
1,92,374,0.0
1,93,374,0.0
1,94,374,0.0
1,95,374,0.0
1,96,374,0.0
1,97,374,0.042
1,98,374,0.389
1,99,374,0.0
1,100,374,0.0
1,101,374,0.0
1,102,374,0.0
1,103,374,0.0
1,104,374,0.0
1,105,374,0.0
1,106,374,0.0
1,107,374,0.0
1,108,374,0.0
1,109,374,0.378
1,110,374,0.0
1,111,374,0.168
1,112,374,0.0
1,113,374,0.249
1,114,374,0.016
1,115,374,0.0
1,116,374,0.0
1,117,374,0.0
1,118,374,0.0
1,119,374,0.0
1,120,374,0.0
1,121,374,0.139
1,122,374,0.0
1,123,374,0.0
1,124,374,0.0
1,125,374,0.0
1,126,374,0.0
1,127,374,0.0
1,128,374,0.0
1,129,374,0.0
1,130,374,0.0
1,131,374,0.0
1,132,374,0.186
1,133,374,0.0
1,134,374,0.0
1,135,374,0.0
1,136,374,0.0
1,137,374,0.095
1,138,374,0.0
1,139,374,3.141
1,140,374,0.0
1,141,374,0.0
1,142,374,0.0
1,143,374,0.0
1,144,374,0.0
1,145,374,0.0
1,146,374,0.0
1,147,374,0.0
1,148,374,0.0
1,149,374,0.0
1,150,374,0.527
1,151,374,0.0
1,152,374,0.0
1,153,374,0.0
1,154,374,3.745
1,155,374,0.0
1,156,374,0.0
1,157,374,0.0
1,158,374,0.0
1,159,374,2.438
1,160,374,0.0
1,161,374,0.0
1,162,374,0.0
1,163,374,0.0
1,164,374,3.055
1,165,374,0.0
1,166,374,0.0
1,167,374,0.0
0,2,375,0.0
0,3,375,0.0
0,4,375,0.0
0,5,375,0.0
0,6,375,0.0
0,7,375,0.0
0,8,375,0.0
0,9,375,0.0
0,10,375,0.0
0,11,375,0.0
0,12,375,0.0
0,13,375,0.0
0,14,375,0.0
0,15,375,0.0
0,16,375,0.0
0,17,375,0.0
0,18,375,0.0
0,19,375,0.0
0,20,375,0.0
0,21,375,0.0
0,22,375,0.0
0,23,375,0.0
0,24,375,0.0
0,25,375,0.0
0,26,375,0.0
0,27,375,0.0
0,28,375,0.0
0,29,375,0.0
0,30,375,0.0
0,31,375,0.0
0,32,375,0.0
0,33,375,0.0
0,34,375,0.0
0,35,375,0.0
0,36,375,0.0
0,37,375,0.0
0,38,375,0.0
0,39,375,0.0
0,40,375,0.0
0,41,375,0.0
0,42,375,0.0
0,43,375,0.0
0,44,375,0.0
0,45,375,0.0
0,46,375,0.0
0,47,375,0.0
0,48,375,0.0
0,49,375,0.0
0,50,375,0.0
0,51,375,0.0
0,52,375,0.0
0,53,375,0.0
0,54,375,0.0
0,55,375,0.0
0,56,375,0.0
0,57,375,0.0
0,58,375,0.0
0,59,375,0.0
0,60,375,0.0
0,61,375,0.0
0,62,375,0.0
0,63,375,0.0
0,64,375,0.0
0,65,375,0.0
0,66,375,0.0
0,67,375,0.0
0,68,375,0.0
0,69,375,0.0
0,70,375,0.0
0,71,375,0.0
0,72,375,0.0
0,73,375,0.0
0,74,375,0.0
0,75,375,0.0
0,76,375,0.0
0,77,375,0.0
0,78,375,0.0
0,79,375,0.0
0,80,375,0.0
0,81,375,0.0
0,82,375,0.0
0,83,375,0.0
0,84,375,0.0
0,85,375,0.0
0,86,375,0.0
0,87,375,0.0
0,88,375,0.0
0,89,375,0.0
1,90,375,0.0
1,91,375,0.0
1,92,375,0.0
1,93,375,0.0
1,94,375,0.0
1,95,375,0.0
1,96,375,0.0
1,97,375,0.0
1,98,375,0.0
1,99,375,0.0
1,100,375,0.0
1,101,375,0.0
1,102,375,0.0
1,103,375,0.0
1,104,375,0.0
1,105,375,0.0
1,106,375,0.0
1,107,375,0.0
1,108,375,0.0
1,109,375,0.0
1,110,375,0.0
1,111,375,0.0
1,112,375,0.0
1,113,375,0.148
1,114,375,0.007
1,115,375,0.0
1,116,375,0.0
1,117,375,0.0
1,118,375,0.0
1,119,375,0.0
1,120,375,0.0
1,121,375,0.0
1,122,375,0.0
1,123,375,0.0
1,124,375,0.0
1,125,375,0.0
1,126,375,0.0
1,127,375,0.0
1,128,375,0.0
1,129,375,0.0
1,130,375,0.0
1,131,375,0.0
1,132,375,0.0
1,133,375,0.0
1,134,375,0.0
1,135,375,0.0
1,136,375,0.0
1,137,375,0.0
1,138,375,0.0
1,139,375,0.0
1,140,375,0.0
1,141,375,0.0
1,142,375,0.0
1,143,375,0.0
1,144,375,0.0
1,145,375,0.0
1,146,375,0.0
1,147,375,0.0
1,148,375,0.0
1,149,375,0.0
1,150,375,0.0
1,151,375,0.0
1,152,375,0.0
1,153,375,0.0
1,154,375,0.0
1,155,375,0.0
1,156,375,0.0
1,157,375,0.0
1,158,375,0.0
1,159,375,0.0
1,160,375,0.0
1,161,375,0.0
1,162,375,0.0
1,163,375,0.0
1,164,375,0.0
1,165,375,0.0
1,166,375,0.0
1,167,375,0.0
0,2,376,0.0
0,3,376,0.0
0,4,376,0.294
0,5,376,0.0
0,6,376,1.76
0,7,376,0.0
0,8,376,0.0
0,9,376,0.0
0,10,376,0.0
0,11,376,0.0
0,12,376,0.0
0,13,376,0.0
0,14,376,0.0
0,15,376,3.541
0,16,376,5.416
0,17,376,0.0
0,18,376,0.0
0,19,376,0.0
0,20,376,0.0
0,21,376,0.0
0,22,376,2.831
0,23,376,0.0
0,24,376,0.0
0,25,376,0.0
0,26,376,0.0
0,27,376,0.26
0,28,376,0.0
0,29,376,0.0
0,30,376,1.131
0,31,376,3.364
0,32,376,0.0
0,33,376,0.0
0,34,376,0.0
0,35,376,0.0
0,36,376,4.85
0,37,376,0.0
0,38,376,0.0
0,39,376,0.0
0,40,376,0.0
0,41,376,0.0
0,42,376,0.0
0,43,376,0.0
0,44,376,0.0
0,45,376,0.0
0,46,376,2.779
0,47,376,0.0
0,48,376,0.0
0,49,376,0.0
0,50,376,0.0
0,51,376,3.182
0,52,376,0.0
0,53,376,2.702
0,54,376,1.262
0,55,376,0.0
0,56,376,0.0
0,57,376,0.0
0,58,376,0.0
0,59,376,2.793
0,60,376,4.924
0,61,376,0.0
0,62,376,3.747
0,63,376,0.0
0,64,376,0.0
0,65,376,0.0
0,66,376,0.0
0,67,376,0.0
0,68,376,0.0
0,69,376,0.0
0,70,376,0.513
0,71,376,0.0
0,72,376,0.0
0,73,376,2.454
0,74,376,0.0
0,75,376,0.0
0,76,376,0.0
0,77,376,0.0
0,78,376,0.225
0,79,376,4.584
0,80,376,0.0
0,81,376,2.584
0,82,376,0.0
0,83,376,3.264
0,84,376,1.171
0,85,376,0.0
0,86,376,0.0
0,87,376,0.0
0,88,376,7.928
0,89,376,0.019
1,90,376,0.045
1,91,376,0.0
1,92,376,0.0
1,93,376,0.0
1,94,376,0.0
1,95,376,0.0
1,96,376,0.0
1,97,376,0.026
1,98,376,0.239
1,99,376,0.0
1,100,376,0.0
1,101,376,0.0
1,102,376,0.0
1,103,376,0.0
1,104,376,0.0
1,105,376,0.0
1,106,376,0.0
1,107,376,0.0
1,108,376,0.0
1,109,376,0.0
1,110,376,0.0
1,111,376,0.0
1,112,376,0.0
1,113,376,0.063
1,114,376,0.0
1,115,376,0.0
1,116,376,0.0
1,117,376,0.0
1,118,376,0.149
1,119,376,0.0
1,120,376,0.0
1,121,376,0.0
1,122,376,0.0
1,123,376,0.0
1,124,376,0.307
1,125,376,0.0
1,126,376,0.0
1,127,376,0.0
1,128,376,0.0
1,129,376,0.0
1,130,376,1.125
1,131,376,0.125
1,132,376,0.065
1,133,376,0.0
1,134,376,0.0
1,135,376,0.0
1,136,376,0.563
1,137,376,0.0
1,138,376,0.0
1,139,376,4.288
1,140,376,0.0
1,141,376,0.0
1,142,376,0.0
1,143,376,0.0
1,144,376,0.0
1,145,376,0.0
1,146,376,0.945
1,147,376,0.0
1,148,376,3.048
1,149,376,0.0
1,150,376,0.0
1,151,376,0.0
1,152,376,0.0
1,153,376,0.0
1,154,376,2.87
1,155,376,0.0
1,156,376,0.0
1,157,376,0.0
1,158,376,0.0
1,159,376,2.207
1,160,376,0.0
1,161,376,0.0
1,162,376,0.0
1,163,376,0.0
1,164,376,2.99
1,165,376,0.0
1,166,376,0.0
1,167,376,0.0
0,2,377,0.0
0,3,377,0.0
0,4,377,0.0
0,5,377,0.0
0,6,377,0.0
0,7,377,0.0
0,8,377,0.0
0,9,377,0.0
0,10,377,0.0
0,11,377,0.0
0,12,377,0.0
0,13,377,0.0
0,14,377,0.0
0,15,377,0.0
0,16,377,0.0
0,17,377,0.0
0,18,377,0.0
0,19,377,0.0
0,20,377,0.0
0,21,377,0.0
0,22,377,0.0
0,23,377,0.0
0,24,377,0.0
0,25,377,0.0
0,26,377,0.0
0,27,377,0.0
0,28,377,0.0
0,29,377,0.0
0,30,377,0.0
0,31,377,0.0
0,32,377,0.0
0,33,377,0.0
0,34,377,0.0
0,35,377,0.0
0,36,377,1.109
0,37,377,0.0
0,38,377,0.0
0,39,377,0.0
0,40,377,0.0
0,41,377,1.904
0,42,377,0.0
0,43,377,0.0
0,44,377,0.0
0,45,377,0.0
0,46,377,0.0
0,47,377,0.0
0,48,377,0.0
0,49,377,0.0
0,50,377,0.0
0,51,377,0.0
0,52,377,0.0
0,53,377,0.0
0,54,377,0.0
0,55,377,0.0
0,56,377,0.0
0,57,377,0.0
0,58,377,0.0
0,59,377,0.0
0,60,377,0.0
0,61,377,0.0
0,62,377,0.0
0,63,377,0.0
0,64,377,0.0
0,65,377,0.0
0,66,377,0.0
0,67,377,0.0
0,68,377,0.0
0,69,377,0.0
0,70,377,0.0
0,71,377,0.0
0,72,377,0.0
0,73,377,0.0
0,74,377,0.0
0,75,377,0.0
0,76,377,0.0
0,77,377,0.0
0,78,377,0.0
0,79,377,0.0
0,80,377,0.0
0,81,377,1.608
0,82,377,0.0
0,83,377,0.0
0,84,377,0.0
0,85,377,0.0
0,86,377,0.0
0,87,377,0.0
0,88,377,2.886
0,89,377,0.0
1,90,377,0.194
1,91,377,0.029
1,92,377,0.176
1,93,377,0.0
1,94,377,0.0
1,95,377,0.0
1,96,377,0.0
1,97,377,0.288
1,98,377,0.012
1,99,377,0.0
1,100,377,0.065
1,101,377,0.0
1,102,377,0.0
1,103,377,0.0
1,104,377,0.0
1,105,377,0.0
1,106,377,0.0
1,107,377,0.0
1,108,377,0.0
1,109,377,0.0
1,110,377,0.0
1,111,377,0.0
1,112,377,0.0
1,113,377,0.211
1,114,377,0.036
1,115,377,0.385
1,116,377,0.146
1,117,377,0.176
1,118,377,0.306
1,119,377,0.0
1,120,377,0.0
1,121,377,0.63
1,122,377,0.0
1,123,377,0.0
1,124,377,0.0
1,125,377,0.0
1,126,377,0.0
1,127,377,0.035
1,128,377,0.09
1,129,377,0.0
1,130,377,0.647
1,131,377,0.255
1,132,377,0.363
1,133,377,0.0
1,134,377,0.0
1,135,377,0.112
1,136,377,0.136
1,137,377,0.0
1,138,377,0.0
1,139,377,3.16
1,140,377,0.0
1,141,377,0.0
1,142,377,0.0
1,143,377,0.188
1,144,377,0.0
1,145,377,0.06
1,146,377,0.0
1,147,377,0.0
1,148,377,0.0
1,149,377,0.0
1,150,377,0.0
1,151,377,0.0
1,152,377,0.0
1,153,377,0.0
1,154,377,3.801
1,155,377,0.0
1,156,377,0.0
1,157,377,0.0
1,158,377,0.0
1,159,377,1.991
1,160,377,0.0
1,161,377,0.0
1,162,377,0.0
1,163,377,0.011
1,164,377,1.606
1,165,377,0.339
1,166,377,0.0
1,167,377,0.517
