omics_node,cell_node,gene_node,weight
0,120,2,
0,120,4,
0,120,5,
0,120,8,
0,120,11,
0,120,12,
0,120,13,
0,120,14,
0,120,18,
0,120,19,
0,120,22,
0,120,24,
0,120,26,14.18100147
0,120,29,
0,120,30,14.87703369
0,120,31,
0,120,36,
0,120,37,
0,120,39,
0,120,42,
0,120,43,
0,120,47,
0,120,48,
0,120,49,16.37156143
0,120,50,17.28894298
0,120,52,4.01530144
0,120,53,
0,120,54,
0,120,55,
0,120,59,
0,121,2,
0,121,4,
0,121,5,
0,121,8,
0,121,11,
0,121,12,
0,121,13,
0,121,14,
0,121,18,
0,121,19,
0,121,21,15.75095637
0,121,22,
0,121,24,
0,121,29,
0,121,30,16.8751899
0,121,31,
0,121,33,17.15145564
0,121,35,4.36092358
0,121,36,
0,121,37,
0,121,39,
0,121,42,
0,121,43,
0,121,47,
0,121,48,
0,121,49,19.75353413
0,121,50,19.84989758
0,121,52,4.94266806
0,121,53,
0,121,54,
0,121,55,
0,121,59,
0,122,2,
0,122,4,
0,122,5,
0,122,8,
0,122,11,
0,122,12,
0,122,13,
0,122,14,
0,122,18,
0,122,19,
0,122,21,18.60150263
0,122,22,
0,122,24,
0,122,29,
0,122,30,14.83792911
0,122,31,
0,122,33,17.92379111
0,122,36,
0,122,37,
0,122,39,
0,122,42,
0,122,43,
0,122,47,
0,122,48,
0,122,49,20.1982807
0,122,50,19.78194286
0,122,53,
0,122,54,
0,122,55,
0,122,59,
0,123,2,
0,123,4,
0,123,5,
0,123,8,
0,123,11,
0,123,12,
0,123,13,
0,123,14,
0,123,18,
0,123,19,
0,123,21,17.7136096
0,123,22,
0,123,24,
0,123,29,
0,123,30,19.54539763
0,123,31,
0,123,33,19.27054334
0,123,35,2.75252383
0,123,36,
0,123,37,
0,123,39,
0,123,42,
0,123,43,
0,123,45,9.0196165
0,123,47,
0,123,48,
0,123,49,19.58819873
0,123,50,20.85398224
0,123,52,4.41925906
0,123,53,
0,123,54,
0,123,55,
0,123,56,8.7963027
0,123,59,
0,124,2,
0,124,4,
0,124,5,
0,124,8,
0,124,11,
0,124,12,
0,124,13,
0,124,14,
0,124,18,
0,124,19,
0,124,21,15.83187028
0,124,22,
0,124,24,
0,124,26,14.44620017
0,124,28,8.94220023
0,124,29,
0,124,30,17.18286015
0,124,31,
0,124,33,15.71398856
0,124,36,
0,124,37,
0,124,39,
0,124,42,
0,124,43,
0,124,46,9.79830311
0,124,47,
0,124,48,
0,124,49,19.5156615
0,124,50,20.1119429
0,124,52,7.03596407
0,124,53,
0,124,54,
0,124,55,
0,124,59,
0,125,2,
0,125,4,
0,125,5,
0,125,8,
0,125,11,
0,125,12,
0,125,13,
0,125,14,
0,125,18,
0,125,19,
0,125,21,14.09098111
0,125,22,
0,125,24,
0,125,26,15.23855963
0,125,29,
0,125,30,14.88974287
0,125,31,
0,125,33,17.20352726
0,125,35,5.5041966
0,125,36,
0,125,37,
0,125,39,
0,125,41,7.12019064
0,125,42,
0,125,43,
0,125,47,
0,125,48,
0,125,49,19.85725396
0,125,50,19.29890862
0,125,52,4.11739143
0,125,53,
0,125,54,
0,125,55,
0,125,59,
0,126,2,
0,126,4,
0,126,5,
0,126,8,
0,126,11,
0,126,12,
0,126,13,
0,126,14,
0,126,18,
0,126,19,
0,126,21,11.72006426
0,126,22,
0,126,24,
0,126,26,14.33076418
0,126,29,
0,126,30,16.97160371
0,126,31,
0,126,36,
0,126,37,
0,126,39,
0,126,42,
0,126,43,
0,126,46,4.38318031
0,126,47,
0,126,48,
0,126,49,20.01358586
0,126,50,19.67567839
0,126,53,
0,126,54,
0,126,55,
0,126,59,
0,127,2,
0,127,4,
0,127,5,
0,127,8,
0,127,11,
0,127,12,
0,127,13,
0,127,14,
0,127,18,
0,127,19,
0,127,21,16.72854941
0,127,22,
0,127,24,
0,127,26,11.33977066
0,127,29,
0,127,30,15.67602097
0,127,31,
0,127,33,17.67220225
0,127,36,
0,127,37,
0,127,39,
0,127,42,
0,127,43,
0,127,45,4.1134557
0,127,47,
0,127,48,
0,127,49,18.86273159
0,127,50,18.2638998
0,127,53,
0,127,54,
0,127,55,
0,127,59,
0,128,2,
0,128,4,
0,128,5,
0,128,6,6.48979427
0,128,8,
0,128,11,
0,128,12,
0,128,13,
0,128,14,
0,128,18,
0,128,19,
0,128,22,
0,128,24,
0,128,29,
0,128,30,19.52667739
0,128,31,
0,128,33,14.30164218
0,128,35,4.81941045
0,128,36,
0,128,37,
0,128,39,
0,128,42,
0,128,43,
0,128,46,9.39722492
0,128,47,
0,128,48,
0,128,49,20.01723711
0,128,50,20.24900839
0,128,53,
0,128,54,
0,128,55,
0,128,59,
0,129,2,
0,129,4,
0,129,5,
0,129,8,
0,129,11,
0,129,12,
0,129,13,
0,129,14,
0,129,18,
0,129,19,
0,129,21,17.79135671
0,129,22,
0,129,24,
0,129,29,
0,129,30,16.80950904
0,129,31,
0,129,33,15.15405951
0,129,35,2.52986818
0,129,36,
0,129,37,
0,129,39,
0,129,42,
0,129,43,
0,129,47,
0,129,48,
0,129,49,19.69149656
0,129,50,18.86060868
0,129,53,
0,129,54,
0,129,55,
0,129,59,
0,130,2,
0,130,4,
0,130,5,
0,130,8,
0,130,11,
0,130,12,
0,130,13,
0,130,14,
0,130,18,
0,130,19,
0,130,21,16.92206519
0,130,22,
0,130,24,
0,130,29,
0,130,30,14.93222465
0,130,31,
0,130,33,16.81987155
0,130,36,
0,130,37,
0,130,39,
0,130,42,
0,130,43,
0,130,47,
0,130,48,
0,130,49,18.70436371
0,130,50,19.70280949
0,130,52,4.52936967
0,130,53,
0,130,54,
0,130,55,
0,130,59,
0,131,2,
0,131,4,
0,131,5,
0,131,8,
0,131,11,
0,131,12,
0,131,13,
0,131,14,
0,131,18,
0,131,19,
0,131,21,17.15504612
0,131,22,
0,131,24,
0,131,28,9.22059869
0,131,29,
0,131,30,19.1351072
0,131,31,
0,131,33,19.61522607
0,131,35,14.72125
0,131,36,
0,131,37,
0,131,39,
0,131,42,
0,131,43,
0,131,47,
0,131,48,
0,131,49,20.61457549
0,131,50,18.52926894
0,131,52,7.48482382
0,131,53,
0,131,54,
0,131,55,
0,131,59,
0,132,2,
0,132,4,
0,132,5,
0,132,8,
0,132,11,
0,132,12,
0,132,13,
0,132,14,
0,132,18,
0,132,19,
0,132,21,16.16814084
0,132,22,
0,132,24,
0,132,29,
0,132,30,17.67190741
0,132,31,
0,132,33,17.07158402
0,132,35,4.22226691
0,132,36,
0,132,37,
0,132,39,
0,132,42,
0,132,43,
0,132,46,3.90571926
0,132,47,
0,132,48,
0,132,49,19.45098435
0,132,50,20.08687087
0,132,52,4.11586187
0,132,53,
0,132,54,
0,132,55,
0,132,59,
0,133,2,
0,133,4,
0,133,5,
0,133,8,
0,133,11,
0,133,12,
0,133,13,
0,133,14,
0,133,18,
0,133,19,
0,133,21,18.33662671
0,133,22,
0,133,24,
0,133,29,
0,133,30,16.57070699
0,133,31,
0,133,33,15.75773771
0,133,35,2.68555865
0,133,36,
0,133,37,
0,133,39,
0,133,42,
0,133,43,
0,133,47,
0,133,48,
0,133,49,19.90632427
0,133,50,19.36103385
0,133,52,7.58923902
0,133,53,
0,133,54,
0,133,55,
0,133,59,
0,134,2,
0,134,4,
0,134,5,
0,134,8,
0,134,11,
0,134,12,
0,134,13,
0,134,14,
0,134,18,
0,134,19,
0,134,21,15.56807992
0,134,22,
0,134,24,
0,134,29,
0,134,30,17.03818995
0,134,31,
0,134,33,17.60672482
0,134,36,
0,134,37,
0,134,39,
0,134,42,
0,134,43,
0,134,47,
0,134,48,
0,134,49,19.40836666
0,134,50,19.0347673
0,134,52,4.76399604
0,134,53,
0,134,54,
0,134,55,
0,134,59,
0,135,2,
0,135,4,
0,135,5,
0,135,8,
0,135,11,
0,135,12,
0,135,13,
0,135,14,
0,135,18,
0,135,19,
0,135,21,15.87177211
0,135,22,
0,135,24,
0,135,29,
0,135,31,
0,135,33,19.89423818
0,135,35,5.96882111
0,135,36,
0,135,37,
0,135,39,
0,135,42,
0,135,43,
0,135,45,8.75962419
0,135,46,4.69372463
0,135,47,
0,135,48,
0,135,49,19.64472175
0,135,50,19.35305151
0,135,52,5.81372679
0,135,53,
0,135,54,
0,135,55,
0,135,59,
0,136,2,
0,136,4,
0,136,5,
0,136,8,
0,136,11,
0,136,12,
0,136,13,
0,136,14,
0,136,16,15.33258825
0,136,18,
0,136,19,
0,136,21,18.19726068
0,136,22,
0,136,24,
0,136,28,6.47625955
0,136,29,
0,136,30,18.72408328
0,136,31,
0,136,33,17.39771939
0,136,35,7.45964831
0,136,36,
0,136,37,
0,136,39,
0,136,41,7.27496866
0,136,42,
0,136,43,
0,136,45,7.54938274
0,136,46,4.85375658
0,136,47,
0,136,48,
0,136,49,20.03625588
0,136,50,18.97200121
0,136,52,5.00601019
0,136,53,
0,136,54,
0,136,55,
0,136,59,
0,137,2,
0,137,4,
0,137,5,
0,137,8,
0,137,11,
0,137,12,
0,137,13,
0,137,14,
0,137,18,
0,137,19,
0,137,21,18.17823558
0,137,22,
0,137,24,
0,137,29,
0,137,30,16.51656909
0,137,31,
0,137,33,20.46471964
0,137,35,8.41842076
0,137,36,
0,137,37,
0,137,39,
0,137,42,
0,137,43,
0,137,46,8.11185247
0,137,47,
0,137,48,
0,137,49,21.27286551
0,137,50,17.71137718
0,137,53,
0,137,54,
0,137,55,
0,137,59,
0,138,2,
0,138,4,
0,138,5,
0,138,8,
0,138,11,
0,138,12,
0,138,13,
0,138,14,
0,138,18,
0,138,19,
0,138,21,15.46083429
0,138,22,
0,138,24,
0,138,26,14.11214779
0,138,29,
0,138,31,
0,138,33,17.89304719
0,138,35,4.82660671
0,138,36,
0,138,37,
0,138,39,
0,138,42,
0,138,43,
0,138,47,
0,138,48,
0,138,49,19.19339461
0,138,50,18.37078024
0,138,52,4.7678911
0,138,53,
0,138,54,
0,138,55,
0,138,59,
0,139,2,
0,139,4,
0,139,5,
0,139,8,
0,139,11,
0,139,12,
0,139,13,
0,139,14,
0,139,18,
0,139,19,
0,139,21,15.03722921
0,139,22,
0,139,24,
0,139,26,14.59334617
0,139,29,
0,139,30,19.09796124
0,139,31,
0,139,33,16.18859412
0,139,35,2.92128385
0,139,36,
0,139,37,
0,139,39,
0,139,42,
0,139,43,
0,139,46,5.16550399
0,139,47,
0,139,48,
0,139,49,19.37298953
0,139,50,20.52112786
0,139,52,5.85875191
0,139,53,
0,139,54,
0,139,55,
0,139,59,
0,140,2,
0,140,4,
0,140,5,
0,140,8,
0,140,11,
0,140,12,
0,140,13,
0,140,14,
0,140,18,
0,140,19,
0,140,22,
0,140,24,
0,140,26,13.26666066
0,140,29,
0,140,30,16.55167675
0,140,31,
0,140,33,16.7442629
0,140,36,
0,140,37,
0,140,39,
0,140,42,
0,140,43,
0,140,47,
0,140,48,
0,140,49,19.32385477
0,140,50,18.34453185
0,140,52,4.51910094
0,140,53,
0,140,54,
0,140,55,
0,140,59,
0,141,2,
0,141,4,
0,141,5,
0,141,8,
0,141,11,
0,141,12,
0,141,13,
0,141,14,
0,141,18,
0,141,19,
0,141,21,17.14197464
0,141,22,
0,141,24,
0,141,26,14.62922978
0,141,28,7.99110043
0,141,29,
0,141,30,17.79086432
0,141,31,
0,141,33,17.87265148
0,141,35,2.41531387
0,141,36,
0,141,37,
0,141,39,
0,141,42,
0,141,43,
0,141,47,
0,141,48,
0,141,49,19.5238918
0,141,50,19.18218316
0,141,52,7.03058993
0,141,53,
0,141,54,
0,141,55,
0,141,59,
0,142,2,
0,142,4,
0,142,5,
0,142,8,
0,142,11,
0,142,12,
0,142,13,
0,142,14,
0,142,18,
0,142,19,
0,142,21,18.20653541
0,142,22,
0,142,24,
0,142,29,
0,142,30,14.75471679
0,142,31,
0,142,33,18.40485378
0,142,36,
0,142,37,
0,142,39,
0,142,42,
0,142,43,
0,142,46,4.37586333
0,142,47,
0,142,48,
0,142,49,19.33055665
0,142,50,19.88757074
0,142,52,5.15695482
0,142,53,
0,142,54,
0,142,55,
0,142,59,
0,143,2,
0,143,4,
0,143,5,
0,143,8,
0,143,11,
0,143,12,
0,143,13,
0,143,14,
0,143,16,15.29136147
0,143,18,
0,143,19,
0,143,21,17.47220931
0,143,22,
0,143,24,
0,143,26,14.49941398
0,143,28,6.04848529
0,143,29,
0,143,30,16.56900557
0,143,31,
0,143,33,18.70224224
0,143,35,3.2882266
0,143,36,
0,143,37,
0,143,39,
0,143,41,7.29461403
0,143,42,
0,143,43,
0,143,46,6.13722296
0,143,47,
0,143,48,
0,143,49,20.00868879
0,143,50,18.66834392
0,143,52,2.21076418
0,143,53,
0,143,54,
0,143,55,
0,143,59,
0,144,2,
0,144,4,
0,144,5,
0,144,8,
0,144,11,
0,144,12,
0,144,13,
0,144,14,
0,144,18,
0,144,19,
0,144,21,17.73673891
0,144,22,
0,144,24,
0,144,26,14.20448601
0,144,29,
0,144,30,18.64328088
0,144,31,
0,144,33,18.81999279
0,144,36,
0,144,37,
0,144,39,
0,144,42,
0,144,43,
0,144,46,3.98655049
0,144,47,
0,144,48,
0,144,49,20.11514618
0,144,50,19.28583947
0,144,52,5.68744844
0,144,53,
0,144,54,
0,144,55,
0,144,56,8.14395711
0,144,59,
0,145,2,
0,145,4,
0,145,5,
0,145,8,
0,145,11,
0,145,12,
0,145,13,
0,145,14,
0,145,18,
0,145,19,
0,145,21,18.14051956
0,145,22,
0,145,24,
0,145,26,13.95325755
0,145,28,7.58996449
0,145,29,
0,145,30,14.89525605
0,145,31,
0,145,33,19.24619897
0,145,35,6.88324031
0,145,36,
0,145,37,
0,145,39,
0,145,42,
0,145,43,
0,145,47,
0,145,48,
0,145,49,17.944717
0,145,50,19.3588387
0,145,52,3.9100422
0,145,53,
0,145,54,
0,145,55,
0,145,59,
0,146,2,
0,146,4,
0,146,5,
0,146,8,
0,146,11,
0,146,12,
0,146,13,
0,146,14,
0,146,18,
0,146,19,
0,146,21,18.33352392
0,146,22,
0,146,24,
0,146,25,6.41897445
0,146,26,14.2548006
0,146,29,
0,146,30,19.21632975
0,146,31,
0,146,33,18.68897868
0,146,35,6.41038907
0,146,36,
0,146,37,
0,146,39,
0,146,42,
0,146,43,
0,146,45,3.2757379
0,146,46,8.00254124
0,146,47,
0,146,48,
0,146,49,20.78366754
0,146,50,20.039591
0,146,52,6.81579518
0,146,53,
0,146,54,
0,146,55,
0,146,59,
0,147,2,
0,147,4,
0,147,5,
0,147,8,
0,147,11,
0,147,12,
0,147,13,
0,147,14,
0,147,18,
0,147,19,
0,147,21,16.42363859
0,147,22,
0,147,24,
0,147,26,14.41987535
0,147,29,
0,147,30,15.19329665
0,147,31,
0,147,33,18.81890784
0,147,36,
0,147,37,
0,147,39,
0,147,42,
0,147,43,
0,147,47,
0,147,48,
0,147,49,19.31438184
0,147,50,18.19055708
0,147,52,5.67105736
0,147,53,
0,147,54,
0,147,55,
0,147,59,
0,148,2,
0,148,4,
0,148,5,
0,148,8,
0,148,11,
0,148,12,
0,148,13,
0,148,14,
0,148,18,
0,148,19,
0,148,21,17.02453858
0,148,22,
0,148,24,
0,148,26,11.58532729
0,148,29,
0,148,30,18.14038786
0,148,31,
0,148,33,16.89088712
0,148,36,
0,148,37,
0,148,39,
0,148,42,
0,148,43,
0,148,46,10.78492653
0,148,47,
0,148,48,
0,148,49,19.92224263
0,148,50,19.11578482
0,148,52,8.04273131
0,148,53,
0,148,54,
0,148,55,
0,148,59,
0,149,2,
0,149,4,
0,149,5,
0,149,8,
0,149,11,
0,149,12,
0,149,13,
0,149,14,
0,149,18,
0,149,19,
0,149,21,17.47693261
0,149,22,
0,149,24,
0,149,26,6.37074635
0,149,29,
0,149,30,14.94177325
0,149,31,
0,149,33,15.9195108
0,149,35,4.98780029
0,149,36,
0,149,37,
0,149,39,
0,149,42,
0,149,43,
0,149,46,11.78050218
0,149,47,
0,149,48,
0,149,49,19.709147
0,149,50,19.79963266
0,149,52,7.24753707
0,149,53,
0,149,54,
0,149,55,
0,149,59,
0,150,2,
0,150,4,
0,150,5,
0,150,8,
0,150,11,
0,150,12,
0,150,13,
0,150,14,
0,150,18,
0,150,19,
0,150,21,17.56614319
0,150,22,
0,150,24,
0,150,29,
0,150,30,17.38853501
0,150,31,
0,150,33,17.47999842
0,150,36,
0,150,37,
0,150,39,
0,150,42,
0,150,43,
0,150,47,
0,150,48,
0,150,49,18.05769359
0,150,50,18.75077841
0,150,52,6.02238929
0,150,53,
0,150,54,
0,150,55,
0,150,59,
0,151,2,
0,151,4,
0,151,5,
0,151,8,
0,151,11,
0,151,12,
0,151,13,
0,151,14,
0,151,18,
0,151,19,
0,151,21,16.41802333
0,151,22,
0,151,24,
0,151,29,
0,151,30,14.75943531
0,151,31,
0,151,36,
0,151,37,
0,151,39,
0,151,42,
0,151,43,
0,151,47,
0,151,48,
0,151,49,17.67471216
0,151,50,18.07781207
0,151,52,5.4306876
0,151,53,
0,151,54,
0,151,55,
0,151,59,
0,152,2,
0,152,4,
0,152,5,
0,152,8,
0,152,11,
0,152,12,
0,152,13,
0,152,14,
0,152,18,
0,152,19,
0,152,21,15.74423297
0,152,22,
0,152,24,
0,152,29,
0,152,30,17.13845607
0,152,31,
0,152,35,3.63948018
0,152,36,
0,152,37,
0,152,39,
0,152,42,
0,152,43,
0,152,46,7.42213267
0,152,47,
0,152,48,
0,152,49,19.267402
0,152,50,17.16166221
0,152,51,6.14676033
0,152,53,
0,152,54,
0,152,55,
0,152,59,
0,153,2,
0,153,4,
0,153,5,
0,153,8,
0,153,11,
0,153,12,
0,153,13,
0,153,14,
0,153,18,
0,153,19,
0,153,21,16.87651952
0,153,22,
0,153,24,
0,153,29,
0,153,31,
0,153,33,17.11715217
0,153,36,
0,153,37,
0,153,39,
0,153,42,
0,153,43,
0,153,45,6.85596064
0,153,47,
0,153,48,
0,153,49,20.13080148
0,153,50,18.60579659
0,153,52,2.76482314
0,153,53,
0,153,54,
0,153,55,
0,153,59,
0,154,2,
0,154,4,
0,154,5,
0,154,8,
0,154,11,
0,154,12,
0,154,13,
0,154,14,
0,154,18,
0,154,19,
0,154,21,15.96765769
0,154,22,
0,154,24,
0,154,28,10.74570151
0,154,29,
0,154,30,16.05169911
0,154,31,
0,154,33,19.27383326
0,154,34,6.89248711
0,154,35,6.10887974
0,154,36,
0,154,37,
0,154,39,
0,154,40,9.78341616
0,154,42,
0,154,43,
0,154,45,5.15844623
0,154,46,11.91447409
0,154,47,
0,154,48,
0,154,49,20.48557636
0,154,50,18.61231451
0,154,52,4.61955975
0,154,53,
0,154,54,
0,154,55,
0,154,59,
0,155,2,
0,155,4,
0,155,5,
0,155,8,
0,155,11,
0,155,12,
0,155,13,
0,155,14,
0,155,18,
0,155,19,
0,155,22,
0,155,23,14.27296129
0,155,24,
0,155,25,13.56223696
0,155,29,
0,155,31,
0,155,33,23.89093845
0,155,36,
0,155,37,
0,155,39,
0,155,42,
0,155,43,
0,155,45,9.8849158
0,155,47,
0,155,48,
0,155,49,13.09748228
0,155,50,18.84277758
0,155,53,
0,155,54,
0,155,55,
0,155,59,
0,156,2,
0,156,4,
0,156,5,
0,156,8,
0,156,11,
0,156,12,
0,156,13,
0,156,14,
0,156,18,
0,156,19,
0,156,22,
0,156,23,12.65741119
0,156,24,
0,156,25,16.98819897
0,156,29,
0,156,31,
0,156,33,22.45530337
0,156,35,7.84973772
0,156,36,
0,156,37,
0,156,39,
0,156,42,
0,156,43,
0,156,45,5.02669731
0,156,47,
0,156,48,
0,156,49,17.6854499
0,156,50,15.52623698
0,156,52,8.53776038
0,156,53,
0,156,54,
0,156,55,
0,156,59,
0,157,2,
0,157,4,
0,157,5,
0,157,7,17.65722043
0,157,8,
0,157,11,
0,157,12,
0,157,13,
0,157,14,
0,157,16,15.66420356
0,157,18,
0,157,19,
0,157,22,
0,157,23,15.72491578
0,157,24,
0,157,25,15.93756912
0,157,28,10.63196888
0,157,29,
0,157,31,
0,157,33,23.17366107
0,157,35,11.45149369
0,157,36,
0,157,37,
0,157,39,
0,157,42,
0,157,43,
0,157,46,3.38853723
0,157,47,
0,157,48,
0,157,49,16.61255221
0,157,50,18.74934062
0,157,52,4.73381597
0,157,53,
0,157,54,
0,157,55,
0,157,59,
0,158,2,
0,158,4,
0,158,5,
0,158,8,
0,158,11,
0,158,12,
0,158,13,
0,158,14,
0,158,16,17.4006131
0,158,18,
0,158,19,
0,158,21,17.33222601
0,158,22,
0,158,24,
0,158,25,12.78650384
0,158,29,
0,158,31,
0,158,33,22.56844104
0,158,34,3.93853799
0,158,35,7.65263247
0,158,36,
0,158,37,
0,158,39,
0,158,42,
0,158,43,
0,158,46,10.74827932
0,158,47,
0,158,48,
0,158,49,19.38383927
0,158,50,17.64532446
0,158,52,2.86663487
0,158,53,
0,158,54,
0,158,55,
0,158,59,
0,159,2,
0,159,4,
0,159,5,
0,159,8,
0,159,11,
0,159,12,
0,159,13,
0,159,14,
0,159,16,14.60021029
0,159,18,
0,159,19,
0,159,21,15.63001147
0,159,22,
0,159,23,14.54040628
0,159,24,
0,159,25,9.98273802
0,159,29,
0,159,31,
0,159,33,17.55527588
0,159,35,6.13617945
0,159,36,
0,159,37,
0,159,39,
0,159,42,
0,159,43,
0,159,45,4.72087028
0,159,46,4.33628484
0,159,47,
0,159,48,
0,159,49,18.64431825
0,159,50,17.32963912
0,159,52,9.06470897
0,159,53,
0,159,54,
0,159,55,
0,159,59,
0,160,2,
0,160,4,
0,160,5,
0,160,8,
0,160,11,
0,160,12,
0,160,13,
0,160,14,
0,160,16,15.7733515
0,160,18,
0,160,19,
0,160,21,15.47640849
0,160,22,
0,160,23,16.32953716
0,160,24,
0,160,25,14.19420136
0,160,26,14.97126063
0,160,29,
0,160,31,
0,160,33,22.33506502
0,160,35,3.9097064
0,160,36,
0,160,37,
0,160,39,
0,160,42,
0,160,43,
0,160,47,
0,160,48,
0,160,49,19.89957597
0,160,50,18.28719546
0,160,52,2.48919745
0,160,53,
0,160,54,
0,160,55,
0,160,59,
0,161,2,
0,161,4,
0,161,5,
0,161,8,
0,161,11,
0,161,12,
0,161,13,
0,161,14,
0,161,16,17.4952766
0,161,18,
0,161,19,
0,161,21,17.52376617
0,161,22,
0,161,23,19.93043469
0,161,24,
0,161,25,15.9741718
0,161,26,16.0195505
0,161,29,
0,161,31,
0,161,33,25.4359833
0,161,34,3.91806887
0,161,35,7.24027732
0,161,36,
0,161,37,
0,161,39,
0,161,42,
0,161,43,
0,161,47,
0,161,48,
0,161,49,19.9779742
0,161,50,20.20584332
0,161,52,4.76974846
0,161,53,
0,161,54,
0,161,55,
0,161,59,
0,162,2,
0,162,4,
0,162,5,
0,162,8,
0,162,11,
0,162,12,
0,162,13,
0,162,14,
0,162,16,16.87398053
0,162,18,
0,162,19,
0,162,21,10.80373543
0,162,22,
0,162,23,18.5297185
0,162,24,
0,162,25,13.62036384
0,162,26,15.29436372
0,162,28,7.57919869
0,162,29,
0,162,31,
0,162,33,24.97427671
0,162,35,3.57072346
0,162,36,
0,162,37,
0,162,39,
0,162,42,
0,162,43,
0,162,47,
0,162,48,
0,162,49,18.37768665
0,162,50,21.49452612
0,162,52,3.98865198
0,162,53,
0,162,54,
0,162,55,
0,162,59,
0,163,2,
0,163,4,
0,163,5,
0,163,8,
0,163,11,
0,163,12,
0,163,13,
0,163,14,
0,163,16,17.53297769
0,163,18,
0,163,19,
0,163,21,16.67972212
0,163,22,
0,163,23,22.74541797
0,163,24,
0,163,25,14.61600424
0,163,26,15.56769748
0,163,28,6.65037595
0,163,29,
0,163,31,
0,163,33,23.64591163
0,163,35,13.38167756
0,163,36,
0,163,37,
0,163,39,
0,163,42,
0,163,43,
0,163,47,
0,163,48,
0,163,49,20.96081089
0,163,50,19.13995338
0,163,52,3.30562485
0,163,53,
0,163,54,
0,163,55,
0,163,59,
0,164,2,
0,164,4,
0,164,5,
0,164,8,
0,164,11,
0,164,12,
0,164,13,
0,164,14,
0,164,16,18.12673125
0,164,18,
0,164,19,
0,164,21,13.62695924
0,164,22,
0,164,23,19.38331741
0,164,24,
0,164,25,14.60078464
0,164,26,14.46543179
0,164,28,6.4979614
0,164,29,
0,164,31,
0,164,33,24.52633635
0,164,35,7.00620963
0,164,36,
0,164,37,
0,164,39,
0,164,42,
0,164,43,
0,164,47,
0,164,48,
0,164,49,19.42346121
0,164,50,19.91254974
0,164,52,5.45177119
0,164,53,
0,164,54,
0,164,55,
0,164,56,11.39773258
0,164,59,
0,165,2,
0,165,4,
0,165,5,
0,165,7,18.36078586
0,165,8,
0,165,11,
0,165,12,
0,165,13,
0,165,14,
0,165,16,17.5257074
0,165,18,
0,165,19,
0,165,21,17.70427144
0,165,22,
0,165,23,20.50117439
0,165,24,
0,165,25,16.09964113
0,165,28,8.29973098
0,165,29,
0,165,31,
0,165,33,23.94929578
0,165,34,2.73726791
0,165,35,4.9598975
0,165,36,
0,165,37,
0,165,39,
0,165,42,
0,165,43,
0,165,45,5.40248169
0,165,47,
0,165,48,
0,165,49,19.44044101
0,165,50,19.21246104
0,165,52,5.64251426
0,165,53,
0,165,54,
0,165,55,
0,165,59,
0,166,2,
0,166,4,
0,166,5,
0,166,8,
0,166,11,
0,166,12,
0,166,13,
0,166,14,
0,166,16,17.92400373
0,166,18,
0,166,19,
0,166,21,17.63318735
0,166,22,
0,166,23,22.50953447
0,166,24,
0,166,25,17.03417933
0,166,26,16.9196786
0,166,28,9.34295877
0,166,29,
0,166,30,19.31239747
0,166,31,
0,166,33,24.78628451
0,166,34,2.36650806
0,166,35,6.74097721
0,166,36,
0,166,37,
0,166,39,
0,166,42,
0,166,43,
0,166,46,2.25746886
0,166,47,
0,166,48,
0,166,49,16.14650163
0,166,50,20.95641821
0,166,52,6.22409029
0,166,53,
0,166,54,
0,166,55,
0,166,59,
0,167,2,
0,167,4,
0,167,5,
0,167,6,15.95364718
0,167,8,
0,167,11,
0,167,12,
0,167,13,
0,167,14,
0,167,16,15.7643075
0,167,18,
0,167,19,
0,167,22,
0,167,23,13.77023521
0,167,24,
0,167,25,13.86167862
0,167,26,16.76633596
0,167,29,
0,167,30,15.02481307
0,167,31,
0,167,33,21.54185624
0,167,35,6.96025493
0,167,36,
0,167,37,
0,167,39,
0,167,42,
0,167,43,
0,167,45,4.83520169
0,167,46,3.93434598
0,167,47,
0,167,48,
0,167,49,18.49842809
0,167,50,17.49280805
0,167,52,3.68689861
0,167,53,
0,167,54,
0,167,55,
0,167,59,
0,168,2,
0,168,4,
0,168,5,
0,168,8,
0,168,11,
0,168,12,
0,168,13,
0,168,14,
0,168,18,
0,168,19,
0,168,21,16.11536724
0,168,22,
0,168,24,
0,168,25,11.43282013
0,168,26,17.09321259
0,168,29,
0,168,31,
0,168,33,24.10103684
0,168,34,3.93560725
0,168,35,13.65614145
0,168,36,
0,168,37,
0,168,39,
0,168,41,12.39172779
0,168,42,
0,168,43,
0,168,45,11.59634798
0,168,47,
0,168,48,
0,168,49,16.7474775
0,168,50,21.64147147
0,168,52,5.23967349
0,168,53,
0,168,54,
0,168,55,
0,168,59,
0,169,2,
0,169,4,
0,169,5,
0,169,8,
0,169,11,
0,169,12,
0,169,13,
0,169,14,
0,169,18,
0,169,19,
0,169,21,13.38538791
0,169,22,
0,169,24,
0,169,25,14.15764088
0,169,26,13.85413977
0,169,29,
0,169,31,
0,169,33,23.28307948
0,169,35,8.41319433
0,169,36,
0,169,37,
0,169,39,
0,169,41,10.22726737
0,169,42,
0,169,43,
0,169,45,8.11654448
0,169,47,
0,169,48,
0,169,49,19.36240598
0,169,50,16.58836925
0,169,52,4.30870497
0,169,53,
0,169,54,
0,169,55,
0,169,59,
0,170,2,
0,170,4,
0,170,5,
0,170,8,
0,170,11,
0,170,12,
0,170,13,
0,170,14,
0,170,16,15.25028026
0,170,18,
0,170,19,
0,170,21,15.56533298
0,170,22,
0,170,24,
0,170,25,9.6563893
0,170,29,
0,170,31,
0,170,33,23.65500685
0,170,35,4.64047105
0,170,36,
0,170,37,
0,170,39,
0,170,42,
0,170,43,
0,170,47,
0,170,48,
0,170,49,19.75935519
0,170,50,17.74517082
0,170,52,7.23227195
0,170,53,
0,170,54,
0,170,55,
0,170,59,
0,171,2,
0,171,4,
0,171,5,
0,171,8,
0,171,11,
0,171,12,
0,171,13,
0,171,14,
0,171,16,16.3931052
0,171,18,
0,171,19,
0,171,21,19.65116744
0,171,22,
0,171,24,
0,171,25,12.47870788
0,171,26,9.60066526
0,171,29,
0,171,31,
0,171,33,23.0938837
0,171,35,7.38839023
0,171,36,
0,171,37,
0,171,39,
0,171,42,
0,171,43,
0,171,45,8.38557023
0,171,47,
0,171,48,
0,171,49,20.03494548
0,171,50,18.89833802
0,171,52,8.5666074
0,171,53,
0,171,54,
0,171,55,
0,171,56,12.48957867
0,171,59,
0,172,2,
0,172,4,
0,172,5,
0,172,7,15.21841135
0,172,8,
0,172,9,15.79457921
0,172,11,
0,172,12,
0,172,13,
0,172,14,
0,172,16,16.62250388
0,172,18,
0,172,19,
0,172,21,16.08346883
0,172,22,
0,172,23,20.88769855
0,172,24,
0,172,25,14.00627862
0,172,26,15.46154474
0,172,29,
0,172,30,15.88882215
0,172,31,
0,172,33,23.49177358
0,172,34,4.5527737
0,172,35,6.02912509
0,172,36,
0,172,37,
0,172,39,
0,172,41,9.90641953
0,172,42,
0,172,43,
0,172,47,
0,172,48,
0,172,49,20.27029995
0,172,50,19.7846139
0,172,52,5.31692806
0,172,53,
0,172,54,
0,172,55,
0,172,59,
0,173,2,
0,173,4,
0,173,5,
0,173,8,
0,173,11,
0,173,12,
0,173,13,
0,173,14,
0,173,17,16.51001255
0,173,18,
0,173,19,
0,173,21,19.05752586
0,173,22,
0,173,23,17.89147888
0,173,24,
0,173,25,18.7847156
0,173,26,13.81409302
0,173,28,6.64955238
0,173,29,
0,173,30,19.34084562
0,173,31,
0,173,32,6.12901343
0,173,33,23.46615484
0,173,34,3.72451694
0,173,35,6.43094461
0,173,36,
0,173,37,
0,173,39,
0,173,42,
0,173,43,
0,173,45,7.13619668
0,173,47,
0,173,48,
0,173,49,18.3373861
0,173,50,17.51249998
0,173,52,6.34708061
0,173,53,
0,173,54,
0,173,55,
0,173,56,7.25254397
0,173,59,
0,174,2,
0,174,4,
0,174,5,
0,174,8,
0,174,11,
0,174,12,
0,174,13,
0,174,14,
0,174,16,18.41653378
0,174,18,
0,174,19,
0,174,21,15.51033813
0,174,22,
0,174,23,19.75168542
0,174,24,
0,174,25,14.94379939
0,174,26,14.55543023
0,174,29,
0,174,31,
0,174,33,22.79276446
0,174,35,7.94390497
0,174,36,
0,174,37,
0,174,39,
0,174,42,
0,174,43,
0,174,45,11.37095002
0,174,47,
0,174,48,
0,174,49,19.9075619
0,174,50,19.58247698
0,174,52,7.96705
0,174,53,
0,174,54,
0,174,55,
0,174,59,
0,175,2,
0,175,4,
0,175,5,
0,175,8,
0,175,11,
0,175,12,
0,175,13,
0,175,14,
0,175,16,16.49252242
0,175,18,
0,175,19,
0,175,21,17.54202354
0,175,22,
0,175,23,16.86048674
0,175,24,
0,175,25,12.9038974
0,175,26,13.99534474
0,175,28,10.94129483
0,175,29,
0,175,31,
0,175,33,23.09751275
0,175,35,14.53702401
0,175,36,
0,175,37,
0,175,39,
0,175,41,7.17542594
0,175,42,
0,175,43,
0,175,46,4.40466071
0,175,47,
0,175,48,
0,175,49,21.11691693
0,175,50,20.67460985
0,175,52,7.76642789
0,175,53,
0,175,54,
0,175,55,
0,175,59,
0,176,2,
0,176,4,
0,176,5,
0,176,8,
0,176,11,
0,176,12,
0,176,13,
0,176,14,
0,176,18,
0,176,19,
0,176,21,15.4931982
0,176,22,
0,176,23,16.57247338
0,176,24,
0,176,25,11.94363769
0,176,26,16.8771385
0,176,29,
0,176,31,
0,176,33,24.86877022
0,176,35,6.89162075
0,176,36,
0,176,37,
0,176,39,
0,176,42,
0,176,43,
0,176,46,10.76686041
0,176,47,
0,176,48,
0,176,49,18.20004779
0,176,50,19.34904217
0,176,52,5.19663089
0,176,53,
0,176,54,
0,176,55,
0,176,59,
0,177,2,
0,177,4,
0,177,5,
0,177,8,
0,177,11,
0,177,12,
0,177,13,
0,177,14,
0,177,18,
0,177,19,
0,177,21,15.1474434
0,177,22,
0,177,23,14.32557157
0,177,24,
0,177,25,10.88779853
0,177,29,
0,177,30,16.27349614
0,177,31,
0,177,33,21.38901078
0,177,35,4.11255674
0,177,36,
0,177,37,
0,177,39,
0,177,42,
0,177,43,
0,177,47,
0,177,48,
0,177,49,19.44738283
0,177,50,18.82361495
0,177,52,4.41642633
0,177,53,
0,177,54,
0,177,55,
0,177,59,
0,178,2,
0,178,4,
0,178,5,
0,178,8,
0,178,11,
0,178,12,
0,178,13,
0,178,14,
0,178,18,
0,178,19,
0,178,21,15.6629638
0,178,22,
0,178,23,19.55700954
0,178,24,
0,178,25,18.2234153
0,178,29,
0,178,31,
0,178,33,24.84586327
0,178,35,7.25587014
0,178,36,
0,178,37,
0,178,39,
0,178,41,8.19231266
0,178,42,
0,178,43,
0,178,47,
0,178,48,
0,178,49,19.72007037
0,178,50,16.71526183
0,178,52,4.25172566
0,178,53,
0,178,54,
0,178,55,
0,178,59,
0,179,2,
0,179,4,
0,179,5,
0,179,8,
0,179,11,
0,179,12,
0,179,13,
0,179,14,
0,179,16,15.52781118
0,179,18,
0,179,19,
0,179,21,15.68091988
0,179,22,
0,179,23,19.37300763
0,179,24,
0,179,25,15.67053329
0,179,29,
0,179,30,16.63505573
0,179,31,
0,179,33,23.42828192
0,179,36,
0,179,37,
0,179,39,
0,179,42,
0,179,43,
0,179,46,7.03758735
0,179,47,
0,179,48,
0,179,49,18.42572059
0,179,50,17.13048892
0,179,52,6.89619214
0,179,53,
0,179,54,
0,179,55,
0,179,59,
0,180,2,
0,180,4,
0,180,5,
0,180,8,
0,180,11,
0,180,12,
0,180,13,
0,180,14,
0,180,18,
0,180,19,
0,180,21,11.08926076
0,180,22,
0,180,23,20.49158951
0,180,24,
0,180,25,16.70103048
0,180,29,
0,180,30,17.24553933
0,180,31,
0,180,33,22.27535349
0,180,35,6.10955786
0,180,36,
0,180,37,
0,180,39,
0,180,42,
0,180,43,
0,180,45,9.59312188
0,180,46,9.69202079
0,180,47,
0,180,48,
0,180,49,19.40849064
0,180,50,18.16832408
0,180,52,7.84243976
0,180,53,
0,180,54,
0,180,55,
0,180,59,
0,181,2,
0,181,4,
0,181,5,
0,181,8,
0,181,11,
0,181,12,
0,181,13,
0,181,14,
0,181,18,
0,181,19,
0,181,21,16.32072204
0,181,22,
0,181,23,19.7702204
0,181,24,
0,181,25,13.33208259
0,181,29,
0,181,30,14.44989288
0,181,31,
0,181,33,23.20610865
0,181,34,5.57303877
0,181,36,
0,181,37,
0,181,39,
0,181,42,
0,181,43,
0,181,44,7.42223782
0,181,46,5.03441569
0,181,47,
0,181,48,
0,181,49,17.29967168
0,181,50,18.89098973
0,181,53,
0,181,54,
0,181,55,
0,181,56,7.36413026
0,181,59,
0,182,2,
0,182,4,
0,182,5,
0,182,8,
0,182,11,
0,182,12,
0,182,13,
0,182,14,
0,182,18,
0,182,19,
0,182,22,
0,182,24,
0,182,25,11.76701564
0,182,29,
0,182,31,
0,182,33,21.85039151
0,182,36,
0,182,37,
0,182,39,
0,182,42,
0,182,43,
0,182,47,
0,182,48,
0,182,49,14.59263185
0,182,53,
0,182,54,
0,182,55,
0,182,59,
0,183,2,
0,183,4,
0,183,5,
0,183,8,
0,183,11,
0,183,12,
0,183,13,
0,183,14,
0,183,18,
0,183,19,
0,183,21,9.29890329
0,183,22,
0,183,24,
0,183,25,11.03251771
0,183,29,
0,183,30,18.29607809
0,183,31,
0,183,33,17.55980909
0,183,35,8.78685982
0,183,36,
0,183,37,
0,183,39,
0,183,42,
0,183,43,
0,183,45,2.61730411
0,183,47,
0,183,48,
0,183,49,19.75466757
0,183,50,18.33947026
0,183,52,8.29235905
0,183,53,
0,183,54,
0,183,55,
0,183,59,
0,184,2,
0,184,4,
0,184,5,
0,184,8,
0,184,11,
0,184,12,
0,184,13,
0,184,14,
0,184,18,
0,184,19,
0,184,21,18.22404367
0,184,22,
0,184,23,19.61605352
0,184,24,
0,184,25,15.21616273
0,184,29,
0,184,30,19.77031233
0,184,31,
0,184,33,23.76331407
0,184,35,5.20627607
0,184,36,
0,184,37,
0,184,39,
0,184,42,
0,184,43,
0,184,47,
0,184,48,
0,184,49,19.97476393
0,184,50,18.70737416
0,184,52,8.0448779
0,184,53,
0,184,54,
0,184,55,
0,184,59,
0,185,2,
0,185,4,
0,185,5,
0,185,8,
0,185,11,
0,185,12,
0,185,13,
0,185,14,
0,185,18,
0,185,19,
0,185,21,18.59089576
0,185,22,
0,185,23,17.05766877
0,185,24,
0,185,25,12.00165427
0,185,29,
0,185,30,18.15185856
0,185,31,
0,185,33,23.78449466
0,185,35,8.65702994
0,185,36,
0,185,37,
0,185,39,
0,185,42,
0,185,43,
0,185,47,
0,185,48,
0,185,49,19.61764925
0,185,50,19.16278234
0,185,52,8.67596888
0,185,53,
0,185,54,
0,185,55,
0,185,56,5.66868374
0,185,59,
0,186,2,
0,186,4,
0,186,5,
0,186,8,
0,186,11,
0,186,12,
0,186,13,
0,186,14,
0,186,18,
0,186,19,
0,186,21,8.59881658
0,186,22,
0,186,24,
0,186,25,9.2989666
0,186,28,4.94396824
0,186,29,
0,186,31,
0,186,33,23.63093674
0,186,35,6.89607849
0,186,36,
0,186,37,
0,186,39,
0,186,42,
0,186,43,
0,186,46,4.38336297
0,186,47,
0,186,48,
0,186,49,17.79181432
0,186,50,16.48477582
0,186,52,9.30299598
0,186,53,
0,186,54,
0,186,55,
0,186,59,
0,187,2,
0,187,4,
0,187,5,
0,187,8,
0,187,11,
0,187,12,
0,187,13,
0,187,14,
0,187,18,
0,187,19,
0,187,21,15.61712548
0,187,22,
0,187,23,16.84176284
0,187,24,
0,187,25,13.61599476
0,187,26,15.11098996
0,187,29,
0,187,30,18.66330387
0,187,31,
0,187,33,20.58994507
0,187,35,5.1951133
0,187,36,
0,187,37,
0,187,39,
0,187,42,
0,187,43,
0,187,46,3.49752071
0,187,47,
0,187,48,
0,187,49,18.92122183
0,187,50,20.4426867
0,187,52,3.20425789
0,187,53,
0,187,54,
0,187,55,
0,187,59,
0,188,2,
0,188,4,
0,188,5,
0,188,8,
0,188,11,
0,188,12,
0,188,13,
0,188,14,
0,188,18,
0,188,19,
0,188,21,16.76616367
0,188,22,
0,188,24,
0,188,25,10.16273172
0,188,28,8.92183984
0,188,29,
0,188,31,
0,188,33,18.07187058
0,188,35,13.58370733
0,188,36,
0,188,37,
0,188,39,
0,188,40,10.96773019
0,188,42,
0,188,43,
0,188,46,3.20620084
0,188,47,
0,188,48,
0,188,49,19.64991635
0,188,50,17.55934478
0,188,52,4.5522479
0,188,53,
0,188,54,
0,188,55,
0,188,59,
0,189,2,
0,189,4,
0,189,5,
0,189,8,
0,189,11,
0,189,12,
0,189,13,
0,189,14,
0,189,16,17.44525329
0,189,17,19.65776827
0,189,18,
0,189,19,
0,189,21,15.80771073
0,189,22,
0,189,23,22.25505507
0,189,24,
0,189,25,17.02202409
0,189,28,7.49579554
0,189,29,
0,189,31,
0,189,33,23.01798804
0,189,35,9.36281184
0,189,36,
0,189,37,
0,189,39,
0,189,41,8.86996419
0,189,42,
0,189,43,
0,189,45,11.22989049
0,189,47,
0,189,48,
0,189,49,19.66874616
0,189,50,21.25062646
0,189,52,7.12546596
0,189,53,
0,189,54,
0,189,55,
0,189,59,
0,190,2,
0,190,4,
0,190,5,
0,190,7,18.86562872
0,190,8,
0,190,11,
0,190,12,
0,190,13,
0,190,14,
0,190,16,15.39775619
0,190,17,19.23326713
0,190,18,
0,190,19,
0,190,22,
0,190,23,17.28844766
0,190,24,
0,190,25,17.46969767
0,190,29,
0,190,31,
0,190,33,24.36697165
0,190,35,11.29125881
0,190,36,
0,190,37,
0,190,39,
0,190,42,
0,190,43,
0,190,47,
0,190,48,
0,190,49,18.70055177
0,190,50,18.57051964
0,190,53,
0,190,54,
0,190,55,
0,190,59,
0,191,2,
0,191,4,
0,191,5,
0,191,8,
0,191,11,
0,191,12,
0,191,13,
0,191,14,
0,191,16,15.87315146
0,191,18,
0,191,19,
0,191,22,
0,191,24,
0,191,25,14.07447992
0,191,29,
0,191,31,
0,191,33,21.64743875
0,191,35,7.13548534
0,191,36,
0,191,37,
0,191,39,
0,191,42,
0,191,43,
0,191,45,5.29209116
0,191,46,4.47653147
0,191,47,
0,191,48,
0,191,49,18.97618687
0,191,50,20.8501393
0,191,51,5.63578732
0,191,53,
0,191,54,
0,191,55,
0,191,56,9.13742093
0,191,59,
0,192,2,
0,192,4,
0,192,5,
0,192,6,16.13179637
0,192,8,
0,192,11,
0,192,12,
0,192,13,
0,192,14,
0,192,16,15.32578918
0,192,18,
0,192,19,
0,192,21,18.94711622
0,192,22,
0,192,23,19.64359837
0,192,24,
0,192,25,16.42451704
0,192,26,15.13021126
0,192,28,8.9144893
0,192,29,
0,192,31,
0,192,33,23.04711937
0,192,35,8.42355856
0,192,36,
0,192,37,
0,192,39,
0,192,42,
0,192,43,
0,192,44,6.52396201
0,192,45,12.45192061
0,192,47,
0,192,48,
0,192,49,17.6433943
0,192,50,19.00413392
0,192,52,8.81039325
0,192,53,
0,192,54,
0,192,55,
0,192,56,12.09899261
0,192,59,
0,193,2,
0,193,4,
0,193,5,
0,193,8,
0,193,11,
0,193,12,
0,193,13,
0,193,14,
0,193,18,
0,193,19,
0,193,21,16.20406816
0,193,22,
0,193,23,16.03214353
0,193,24,
0,193,25,10.66740054
0,193,26,7.45945601
0,193,29,
0,193,30,14.23155711
0,193,31,
0,193,33,19.14644685
0,193,35,7.06737851
0,193,36,
0,193,37,
0,193,39,
0,193,42,
0,193,43,
0,193,47,
0,193,48,
0,193,49,19.0445945
0,193,50,17.38382562
0,193,52,8.41852816
0,193,53,
0,193,54,
0,193,55,
0,193,59,
0,194,2,
0,194,4,
0,194,5,
0,194,8,
0,194,11,
0,194,12,
0,194,13,
0,194,14,
0,194,18,
0,194,19,
0,194,21,16.90232361
0,194,22,
0,194,23,17.34341713
0,194,24,
0,194,25,17.57402601
0,194,28,10.65956207
0,194,29,
0,194,30,18.75886988
0,194,31,
0,194,33,23.85575287
0,194,35,8.80283031
0,194,36,
0,194,37,
0,194,39,
0,194,42,
0,194,43,
0,194,47,
0,194,48,
0,194,49,19.85214063
0,194,50,19.6712702
0,194,52,7.91237783
0,194,53,
0,194,54,
0,194,55,
0,194,56,9.36691458
0,194,59,
0,195,2,
0,195,4,
0,195,5,
0,195,8,
0,195,11,
0,195,12,
0,195,13,
0,195,14,
0,195,18,
0,195,19,
0,195,21,11.06524107
0,195,22,
0,195,23,18.04693756
0,195,24,
0,195,25,13.64524968
0,195,29,
0,195,31,
0,195,33,22.06673195
0,195,36,
0,195,37,
0,195,39,
0,195,41,8.19408877
0,195,42,
0,195,43,
0,195,46,10.81419738
0,195,47,
0,195,48,
0,195,49,17.95249081
0,195,50,15.12133495
0,195,52,8.33465099
0,195,53,
0,195,54,
0,195,55,
0,195,59,
0,196,2,
0,196,4,
0,196,5,
0,196,8,
0,196,11,
0,196,12,
0,196,13,
0,196,14,
0,196,18,
0,196,19,
0,196,22,
0,196,23,15.42956799
0,196,24,
0,196,25,11.55664368
0,196,28,10.66776502
0,196,29,
0,196,30,18.39227458
0,196,31,
0,196,33,23.41661177
0,196,34,9.264767
0,196,35,5.61693694
0,196,36,
0,196,37,
0,196,39,
0,196,41,7.82634218
0,196,42,
0,196,43,
0,196,47,
0,196,48,
0,196,49,16.48879109
0,196,50,7.09629765
0,196,52,8.37025116
0,196,53,
0,196,54,
0,196,55,
0,196,59,
0,197,2,
0,197,4,
0,197,5,
0,197,8,
0,197,11,
0,197,12,
0,197,13,
0,197,14,
0,197,18,
0,197,19,
0,197,22,
0,197,23,15.80904854
0,197,24,
0,197,25,14.21697331
0,197,29,
0,197,30,18.80444333
0,197,31,
0,197,33,23.03742825
0,197,36,
0,197,37,
0,197,39,
0,197,42,
0,197,43,
0,197,46,6.91887395
0,197,47,
0,197,48,
0,197,49,7.76894142
0,197,50,15.77396265
0,197,52,6.3480493
0,197,53,
0,197,54,
0,197,55,
0,197,59,
0,198,2,
0,198,4,
0,198,5,
0,198,8,
0,198,11,
0,198,12,
0,198,13,
0,198,14,
0,198,18,
0,198,19,
0,198,21,14.87267793
0,198,22,
0,198,23,15.65582531
0,198,24,
0,198,25,14.01253448
0,198,29,
0,198,30,16.92946916
0,198,31,
0,198,33,22.80735764
0,198,36,
0,198,37,
0,198,39,
0,198,42,
0,198,43,
0,198,45,6.70641145
0,198,47,
0,198,48,
0,198,52,6.72811645
0,198,53,
0,198,54,
0,198,55,
0,198,59,
0,199,2,
0,199,4,
0,199,5,
0,199,8,
0,199,11,
0,199,12,
0,199,13,
0,199,14,
0,199,18,
0,199,19,
0,199,21,15.06152024
0,199,22,
0,199,23,17.69299033
0,199,24,
0,199,25,13.90358142
0,199,29,
0,199,30,17.04188634
0,199,31,
0,199,33,23.10413444
0,199,35,7.25548555
0,199,36,
0,199,37,
0,199,39,
0,199,42,
0,199,43,
0,199,47,
0,199,48,
0,199,49,14.0783746
0,199,52,5.68066819
0,199,53,
0,199,54,
0,199,55,
0,199,59,
0,200,2,
0,200,4,
0,200,5,
0,200,8,
0,200,11,
0,200,12,
0,200,13,
0,200,14,
0,200,18,
0,200,19,
0,200,21,13.40155726
0,200,22,
0,200,23,16.53734247
0,200,24,
0,200,25,13.58281686
0,200,29,
0,200,30,17.63797141
0,200,31,
0,200,33,21.54503359
0,200,36,
0,200,37,
0,200,39,
0,200,41,7.35063143
0,200,42,
0,200,43,
0,200,45,4.8427382
0,200,46,5.50164273
0,200,47,
0,200,48,
0,200,49,16.57076074
0,200,50,14.36912602
0,200,52,7.33399156
0,200,53,
0,200,54,
0,200,55,
0,200,59,
0,201,2,
0,201,4,
0,201,5,
0,201,8,
0,201,11,
0,201,12,
0,201,13,
0,201,14,
0,201,18,
0,201,19,
0,201,21,15.04417429
0,201,22,
0,201,23,19.38288418
0,201,24,
0,201,25,12.91202047
0,201,29,
0,201,30,19.12972711
0,201,31,
0,201,33,24.59862154
0,201,34,4.69375196
0,201,35,6.57732897
0,201,36,
0,201,37,
0,201,39,
0,201,42,
0,201,43,
0,201,46,6.48844832
0,201,47,
0,201,48,
0,201,49,17.21365607
0,201,50,17.72435358
0,201,52,9.39305474
0,201,53,
0,201,54,
0,201,55,
0,201,59,
0,202,2,
0,202,4,
0,202,5,
0,202,8,
0,202,11,
0,202,12,
0,202,13,
0,202,14,
0,202,16,16.53577309
0,202,18,
0,202,19,
0,202,22,
0,202,23,12.19974412
0,202,24,
0,202,25,11.66845868
0,202,28,12.44416868
0,202,29,
0,202,31,
0,202,33,22.44845352
0,202,36,
0,202,37,
0,202,39,
0,202,42,
0,202,43,
0,202,44,16.83565662
0,202,45,8.50082868
0,202,46,8.72379726
0,202,47,
0,202,48,
0,202,50,18.0301533
0,202,52,6.0899151
0,202,53,
0,202,54,
0,202,55,
0,202,59,
0,203,2,
0,203,4,
0,203,5,
0,203,8,
0,203,11,
0,203,12,
0,203,13,
0,203,14,
0,203,16,15.17660699
0,203,18,
0,203,19,
0,203,21,9.35531854
0,203,22,
0,203,23,17.17060192
0,203,24,
0,203,25,12.889477
0,203,29,
0,203,31,
0,203,33,23.18656861
0,203,36,
0,203,37,
0,203,39,
0,203,41,7.38675569
0,203,42,
0,203,43,
0,203,47,
0,203,48,
0,203,49,15.09915404
0,203,52,5.33954535
0,203,53,
0,203,54,
0,203,55,
0,203,59,
0,204,2,
0,204,4,
0,204,5,
0,204,7,14.19556881
0,204,8,
0,204,11,
0,204,12,
0,204,13,
0,204,14,
0,204,18,
0,204,19,
0,204,22,
0,204,23,18.76070869
0,204,24,
0,204,25,13.44921175
0,204,26,7.63309596
0,204,29,
0,204,31,
0,204,33,23.37154489
0,204,35,6.98950927
0,204,36,
0,204,37,
0,204,39,
0,204,41,10.81215009
0,204,42,
0,204,43,
0,204,46,11.58079782
0,204,47,
0,204,48,
0,204,49,16.24086471
0,204,50,17.05158187
0,204,52,8.22489062
0,204,53,
0,204,54,
0,204,55,
0,204,59,
0,205,2,
0,205,4,
0,205,5,
0,205,8,
0,205,11,
0,205,12,
0,205,13,
0,205,14,
0,205,18,
0,205,19,
0,205,22,
0,205,23,15.99091874
0,205,24,
0,205,25,12.81591253
0,205,26,14.90856137
0,205,29,
0,205,31,
0,205,33,22.5382753
0,205,35,4.59928588
0,205,36,
0,205,37,
0,205,39,
0,205,41,11.21289979
0,205,42,
0,205,43,
0,205,46,8.82367901
0,205,47,
0,205,48,
0,205,49,16.21468496
0,205,50,16.86403
0,205,52,6.21128882
0,205,53,
0,205,54,
0,205,55,
0,205,59,
0,206,2,
0,206,4,
0,206,5,
0,206,7,15.79136085
0,206,8,
0,206,11,
0,206,12,
0,206,13,
0,206,14,
0,206,18,
0,206,19,
0,206,21,16.01923683
0,206,22,
0,206,23,19.41338475
0,206,24,
0,206,25,14.84467088
0,206,29,
0,206,31,
0,206,33,22.85958575
0,206,36,
0,206,37,
0,206,39,
0,206,42,
0,206,43,
0,206,46,8.9657266
0,206,47,
0,206,48,
0,206,49,18.03213523
0,206,50,16.00682642
0,206,52,8.43649131
0,206,53,
0,206,54,
0,206,55,
0,206,59,
0,207,2,
0,207,4,
0,207,5,
0,207,8,
0,207,11,
0,207,12,
0,207,13,
0,207,14,
0,207,18,
0,207,19,
0,207,22,
0,207,23,17.7363428
0,207,24,
0,207,25,15.51064309
0,207,28,8.76858026
0,207,29,
0,207,30,20.47220899
0,207,31,
0,207,33,23.09491183
0,207,36,
0,207,37,
0,207,39,
0,207,40,10.14022052
0,207,42,
0,207,43,
0,207,47,
0,207,48,
0,207,49,17.4903097
0,207,50,16.75264293
0,207,52,6.89721702
0,207,53,
0,207,54,
0,207,55,
0,207,59,
0,208,2,
0,208,4,
0,208,5,
0,208,7,14.68698197
0,208,8,
0,208,11,
0,208,12,
0,208,13,
0,208,14,
0,208,16,15.80294186
0,208,18,
0,208,19,
0,208,21,16.37870161
0,208,22,
0,208,23,16.10175292
0,208,24,
0,208,25,12.47304194
0,208,28,11.68243486
0,208,29,
0,208,30,18.74160279
0,208,31,
0,208,33,21.26180458
0,208,34,8.4761462
0,208,35,4.99669501
0,208,36,
0,208,37,
0,208,39,
0,208,42,
0,208,43,
0,208,45,10.81520499
0,208,46,9.94976543
0,208,47,
0,208,48,
0,208,49,18.49047088
0,208,50,16.69235172
0,208,52,8.04238065
0,208,53,
0,208,54,
0,208,55,
0,208,59,
0,209,2,
0,209,4,
0,209,5,
0,209,8,
0,209,11,
0,209,12,
0,209,13,
0,209,14,
0,209,16,15.94991359
0,209,18,
0,209,19,
0,209,22,
0,209,23,17.70561483
0,209,24,
0,209,25,11.49609077
0,209,29,
0,209,31,
0,209,33,23.32182555
0,209,35,7.84999808
0,209,36,
0,209,37,
0,209,39,
0,209,42,
0,209,43,
0,209,47,
0,209,48,
0,209,50,15.15056156
0,209,52,7.48848148
0,209,53,
0,209,54,
0,209,55,
0,209,59,
0,210,2,
0,210,4,
0,210,5,
0,210,7,15.83740737
0,210,8,
0,210,11,
0,210,12,
0,210,13,
0,210,14,
0,210,16,20.25627711
0,210,18,
0,210,19,
0,210,22,
0,210,23,13.83208125
0,210,24,
0,210,25,6.53581617
0,210,28,11.14643593
0,210,29,
0,210,31,
0,210,33,20.1868175
0,210,34,14.46060027
0,210,36,
0,210,37,
0,210,39,
0,210,42,
0,210,43,
0,210,44,13.51559111
0,210,46,5.64474653
0,210,47,
0,210,48,
0,210,49,15.91766428
0,210,50,14.22874841
0,210,52,6.39949243
0,210,53,
0,210,54,
0,210,55,
0,210,59,
0,211,2,
0,211,4,
0,211,5,
0,211,8,
0,211,11,
0,211,12,
0,211,13,
0,211,14,
0,211,16,17.86830587
0,211,18,
0,211,19,
0,211,22,
0,211,23,13.90289075
0,211,24,
0,211,25,8.92029715
0,211,28,8.43483549
0,211,29,
0,211,31,
0,211,33,21.67683842
0,211,36,
0,211,37,
0,211,39,
0,211,42,
0,211,43,
0,211,45,10.70611467
0,211,46,6.68981367
0,211,47,
0,211,48,
0,211,49,14.99348916
0,211,50,10.08201503
0,211,52,6.08604944
0,211,53,
0,211,54,
0,211,55,
0,211,56,9.50391778
0,211,59,
0,212,2,
0,212,4,
0,212,5,
0,212,7,15.52540901
0,212,8,
0,212,11,
0,212,12,
0,212,13,
0,212,14,
0,212,16,18.82830563
0,212,18,
0,212,19,
0,212,21,14.67422037
0,212,22,
0,212,24,
0,212,25,7.6006326
0,212,28,6.44487055
0,212,29,
0,212,31,
0,212,33,20.21138492
0,212,34,13.69127394
0,212,35,4.17895334
0,212,36,
0,212,37,
0,212,39,
0,212,41,7.5097116
0,212,42,
0,212,43,
0,212,45,8.69022113
0,212,47,
0,212,48,
0,212,49,16.26293984
0,212,50,16.21611539
0,212,52,5.83447386
0,212,53,
0,212,54,
0,212,55,
0,212,59,
0,213,2,
0,213,4,
0,213,5,
0,213,7,14.9745185
0,213,8,
0,213,11,
0,213,12,
0,213,13,
0,213,14,
0,213,16,14.74524773
0,213,18,
0,213,19,
0,213,21,10.33176934
0,213,22,
0,213,23,12.66205972
0,213,24,
0,213,25,11.38881051
0,213,29,
0,213,31,
0,213,33,22.54422975
0,213,36,
0,213,37,
0,213,39,
0,213,42,
0,213,43,
0,213,45,6.33060332
0,213,47,
0,213,48,
0,213,49,18.40613924
0,213,50,14.76803195
0,213,52,8.89402288
0,213,53,
0,213,54,
0,213,55,
0,213,59,
0,214,2,
0,214,4,
0,214,5,
0,214,7,16.60608133
0,214,8,
0,214,11,
0,214,12,
0,214,13,
0,214,14,
0,214,16,16.18478393
0,214,18,
0,214,19,
0,214,21,15.19631139
0,214,22,
0,214,23,16.67871768
0,214,24,
0,214,25,10.4831744
0,214,28,11.4519283
0,214,29,
0,214,31,
0,214,33,19.19476059
0,214,36,
0,214,37,
0,214,39,
0,214,42,
0,214,43,
0,214,45,9.61921844
0,214,47,
0,214,48,
0,214,50,19.08349799
0,214,52,6.92145917
0,214,53,
0,214,54,
0,214,55,
0,214,59,
0,215,2,
0,215,4,
0,215,5,
0,215,7,15.48584772
0,215,8,
0,215,11,
0,215,12,
0,215,13,
0,215,14,
0,215,16,19.11022475
0,215,18,
0,215,19,
0,215,22,
0,215,24,
0,215,25,7.05510017
0,215,28,7.30827316
0,215,29,
0,215,31,
0,215,33,21.76237164
0,215,35,7.45834948
0,215,36,
0,215,37,
0,215,39,
0,215,41,8.48038514
0,215,42,
0,215,43,
0,215,44,16.69317153
0,215,45,5.51074646
0,215,47,
0,215,48,
0,215,49,14.1609755
0,215,50,18.15175574
0,215,52,9.07820799
0,215,53,
0,215,54,
0,215,55,
0,215,56,7.15120812
0,215,59,
0,216,2,
0,216,4,
0,216,5,
0,216,8,
0,216,11,
0,216,12,
0,216,13,
0,216,14,
0,216,16,15.44978344
0,216,18,
0,216,19,
0,216,22,
0,216,24,
0,216,25,11.40221271
0,216,26,15.36574669
0,216,28,6.72314232
0,216,29,
0,216,31,
0,216,33,21.40206204
0,216,35,6.44747697
0,216,36,
0,216,37,
0,216,39,
0,216,42,
0,216,43,
0,216,45,10.97508104
0,216,47,
0,216,48,
0,216,50,17.93072596
0,216,52,7.54956507
0,216,53,
0,216,54,
0,216,55,
0,216,59,
0,217,2,
0,217,4,
0,217,5,
0,217,7,19.50271273
0,217,8,
0,217,11,
0,217,12,
0,217,13,
0,217,14,
0,217,16,18.89509722
0,217,18,
0,217,19,
0,217,20,16.88420463
0,217,22,
0,217,23,14.18988389
0,217,24,
0,217,25,9.73526069
0,217,26,16.09613909
0,217,28,14.22229043
0,217,29,
0,217,31,
0,217,33,20.94348657
0,217,34,14.59291442
0,217,36,
0,217,37,
0,217,39,
0,217,40,7.22661294
0,217,42,
0,217,43,
0,217,44,19.13162965
0,217,46,8.32868939
0,217,47,
0,217,48,
0,217,49,14.22703147
0,217,52,8.06823294
0,217,53,
0,217,54,
0,217,55,
0,217,59,
0,218,2,
0,218,4,
0,218,5,
0,218,7,18.97346459
0,218,8,
0,218,11,
0,218,12,
0,218,13,
0,218,14,
0,218,16,19.4610549
0,218,18,
0,218,19,
0,218,20,16.83628139
0,218,22,
0,218,24,
0,218,25,5.01783901
0,218,28,10.08370186
0,218,29,
0,218,31,
0,218,33,19.66323042
0,218,34,15.10214936
0,218,35,8.73666564
0,218,36,
0,218,37,
0,218,39,
0,218,41,7.13522767
0,218,42,
0,218,43,
0,218,44,16.95759975
0,218,45,5.34893778
0,218,47,
0,218,48,
0,218,49,15.17735724
0,218,50,17.09423951
0,218,52,8.10399111
0,218,53,
0,218,54,
0,218,55,
0,218,59,
0,219,2,
0,219,4,
0,219,5,
0,219,8,
0,219,11,
0,219,12,
0,219,13,
0,219,14,
0,219,16,18.0461421
0,219,18,
0,219,19,
0,219,22,
0,219,23,14.2661757
0,219,24,
0,219,25,8.15597218
0,219,29,
0,219,31,
0,219,33,22.94993435
0,219,34,11.38434023
0,219,35,6.82403837
0,219,36,
0,219,37,
0,219,39,
0,219,40,7.76390418
0,219,42,
0,219,43,
0,219,45,9.92478052
0,219,46,12.03827111
0,219,47,
0,219,48,
0,219,49,18.02545081
0,219,50,16.9530902
0,219,52,8.44978453
0,219,53,
0,219,54,
0,219,55,
0,219,56,9.55977163
0,219,59,
0,220,2,
0,220,4,
0,220,5,
0,220,7,16.32047998
0,220,8,
0,220,11,
0,220,12,
0,220,13,
0,220,14,
0,220,16,19.82022148
0,220,18,
0,220,19,
0,220,20,15.44015419
0,220,22,
0,220,23,15.26123153
0,220,24,
0,220,25,8.25745273
0,220,28,6.12046699
0,220,29,
0,220,30,15.01620586
0,220,31,
0,220,33,20.53292411
0,220,34,13.33523889
0,220,35,7.74624107
0,220,36,
0,220,37,
0,220,39,
0,220,42,
0,220,43,
0,220,44,17.20200379
0,220,45,8.97507088
0,220,46,13.55946803
0,220,47,
0,220,48,
0,220,49,17.74168125
0,220,50,18.8385627
0,220,53,
0,220,54,
0,220,55,
0,220,59,
0,221,2,
0,221,4,
0,221,5,
0,221,7,18.16025144
0,221,8,
0,221,11,
0,221,12,
0,221,13,
0,221,14,
0,221,16,19.40740601
0,221,18,
0,221,19,
0,221,21,16.03336275
0,221,22,
0,221,24,
0,221,25,7.89687431
0,221,28,9.93215467
0,221,29,
0,221,31,
0,221,33,18.95428076
0,221,34,13.23452455
0,221,36,
0,221,37,
0,221,39,
0,221,42,
0,221,43,
0,221,44,15.52728153
0,221,45,10.97405124
0,221,46,10.96689145
0,221,47,
0,221,48,
0,221,49,18.7948041
0,221,50,18.61795483
0,221,52,6.72438855
0,221,53,
0,221,54,
0,221,55,
0,221,59,
0,222,2,
0,222,4,
0,222,5,
0,222,8,
0,222,11,
0,222,12,
0,222,13,
0,222,14,
0,222,16,18.56068907
0,222,18,
0,222,19,
0,222,22,
0,222,24,
0,222,25,8.63913824
0,222,28,11.10804851
0,222,29,
0,222,31,
0,222,33,20.94615545
0,222,35,7.24564838
0,222,36,
0,222,37,
0,222,39,
0,222,42,
0,222,43,
0,222,44,15.84104078
0,222,46,13.75002153
0,222,47,
0,222,48,
0,222,49,17.16058888
0,222,50,16.36166039
0,222,52,8.83216265
0,222,53,
0,222,54,
0,222,55,
0,222,56,5.4020227
0,222,59,
0,222,60,13.75199201
0,223,2,
0,223,4,
0,223,5,
0,223,7,19.36279794
0,223,8,
0,223,9,15.71877503
0,223,11,
0,223,12,
0,223,13,
0,223,14,
0,223,16,17.24260654
0,223,18,
0,223,19,
0,223,22,
0,223,24,
0,223,25,8.17322869
0,223,28,13.93069805
0,223,29,
0,223,31,
0,223,33,20.29963511
0,223,34,14.2765936
0,223,35,7.14961945
0,223,36,
0,223,37,
0,223,39,
0,223,42,
0,223,43,
0,223,44,16.86673969
0,223,45,7.03297777
0,223,46,8.7602197
0,223,47,
0,223,48,
0,223,50,17.7860402
0,223,53,
0,223,54,
0,223,55,
0,223,59,
0,224,2,
0,224,4,
0,224,5,
0,224,7,15.77086255
0,224,8,
0,224,11,
0,224,12,
0,224,13,
0,224,14,
0,224,16,18.66168987
0,224,18,
0,224,19,
0,224,20,15.36082842
0,224,22,
0,224,24,
0,224,25,2.92020968
0,224,29,
0,224,31,
0,224,33,17.77661058
0,224,36,
0,224,37,
0,224,39,
0,224,41,8.93636387
0,224,42,
0,224,43,
0,224,44,15.04684656
0,224,45,7.74658707
0,224,47,
0,224,48,
0,224,49,15.74230273
0,224,50,16.21321491
0,224,53,
0,224,54,
0,224,55,
0,224,59,
0,225,2,
0,225,4,
0,225,5,
0,225,6,13.26697195
0,225,8,
0,225,9,15.33544903
0,225,11,
0,225,12,
0,225,13,
0,225,14,
0,225,16,18.03753031
0,225,18,
0,225,19,
0,225,22,
0,225,23,12.65067894
0,225,24,
0,225,25,12.49766855
0,225,26,15.50659938
0,225,28,10.91348757
0,225,29,
0,225,31,
0,225,32,6.38099884
0,225,33,19.27181616
0,225,35,5.77123276
0,225,36,
0,225,37,
0,225,39,
0,225,40,8.39848524
0,225,42,
0,225,43,
0,225,44,13.25018348
0,225,45,8.5539729
0,225,47,
0,225,48,
0,225,49,17.21330824
0,225,50,21.39751803
0,225,52,2.85933826
0,225,53,
0,225,54,
0,225,55,
0,225,59,
0,226,2,
0,226,4,
0,226,5,
0,226,6,16.30867336
0,226,8,
0,226,11,
0,226,12,
0,226,13,
0,226,14,
0,226,16,15.35178029
0,226,18,
0,226,19,
0,226,22,
0,226,24,
0,226,25,7.92145992
0,226,26,15.77838259
0,226,28,13.6664079
0,226,29,
0,226,31,
0,226,33,20.92261164
0,226,36,
0,226,37,
0,226,39,
0,226,41,6.86170687
0,226,42,
0,226,43,
0,226,44,15.32206949
0,226,45,8.91078319
0,226,47,
0,226,48,
0,226,49,17.7718534
0,226,50,17.29957388
0,226,51,12.87812492
0,226,52,4.15687623
0,226,53,
0,226,54,
0,226,55,
0,226,56,9.18443684
0,226,59,
0,227,2,
0,227,4,
0,227,5,
0,227,7,15.80104014
0,227,8,
0,227,11,
0,227,12,
0,227,13,
0,227,14,
0,227,16,17.69369562
0,227,18,
0,227,19,
0,227,21,14.82182446
0,227,22,
0,227,23,21.17292833
0,227,24,
0,227,25,12.7793636
0,227,28,8.98757665
0,227,29,
0,227,30,15.67488145
0,227,31,
0,227,33,22.55098167
0,227,34,12.81918433
0,227,35,7.90864956
0,227,36,
0,227,37,
0,227,39,
0,227,41,10.64260777
0,227,42,
0,227,43,
0,227,44,15.7069857
0,227,45,4.39805857
0,227,46,14.50968486
0,227,47,
0,227,48,
0,227,49,17.50353802
0,227,50,17.7419765
0,227,52,6.3545066
0,227,53,
0,227,54,
0,227,55,
0,227,56,7.18606981
0,227,59,
0,228,2,
0,228,4,
0,228,5,
0,228,7,18.90717077
0,228,8,
0,228,11,
0,228,12,
0,228,13,
0,228,14,
0,228,16,16.95384431
0,228,18,
0,228,19,
0,228,21,15.20165586
0,228,22,
0,228,23,19.33846155
0,228,24,
0,228,25,15.97015822
0,228,28,12.59492307
0,228,29,
0,228,31,
0,228,33,24.58778443
0,228,34,13.28385193
0,228,35,9.17641158
0,228,36,
0,228,37,
0,228,39,
0,228,42,
0,228,43,
0,228,45,9.86908084
0,228,47,
0,228,48,
0,228,49,18.42249893
0,228,50,17.50310982
0,228,52,10.33396334
0,228,53,
0,228,54,
0,228,55,
0,228,56,5.80643889
0,228,58,5.63295753
0,228,59,
0,229,2,
0,229,4,
0,229,5,
0,229,7,17.803581
0,229,8,
0,229,11,
0,229,12,
0,229,13,
0,229,14,
0,229,16,20.04417627
0,229,18,
0,229,19,
0,229,22,
0,229,24,
0,229,25,10.4769482
0,229,27,16.05998985
0,229,28,13.24628066
0,229,29,
0,229,31,
0,229,33,21.76737122
0,229,34,14.2753767
0,229,35,5.36606171
0,229,36,
0,229,37,
0,229,39,
0,229,42,
0,229,43,
0,229,44,16.18658318
0,229,45,12.40859319
0,229,46,10.60042771
0,229,47,
0,229,48,
0,229,49,16.45908746
0,229,50,16.84040851
0,229,51,12.28566404
0,229,53,
0,229,54,
0,229,55,
0,229,56,11.00706338
0,229,57,15.5967874
0,229,59,
0,230,2,
0,230,4,
0,230,5,
0,230,6,17.27301479
0,230,7,19.69824288
0,230,8,
0,230,11,
0,230,12,
0,230,13,
0,230,14,
0,230,16,17.79886545
0,230,18,
0,230,19,
0,230,21,16.04171493
0,230,22,
0,230,23,13.90435461
0,230,24,
0,230,25,5.60443957
0,230,27,15.69916793
0,230,28,7.0884516
0,230,29,
0,230,31,
0,230,32,16.10585928
0,230,33,20.25718279
0,230,34,12.71392763
0,230,36,
0,230,37,
0,230,39,
0,230,42,
0,230,43,
0,230,44,14.52541931
0,230,45,9.67505821
0,230,47,
0,230,48,
0,230,49,17.17050309
0,230,50,17.66373464
0,230,51,13.7378569
0,230,52,7.6599907
0,230,53,
0,230,54,
0,230,55,
0,230,59,
0,231,2,
0,231,4,
0,231,5,
0,231,8,
0,231,9,16.88656555
0,231,11,
0,231,12,
0,231,13,
0,231,14,
0,231,16,19.90915141
0,231,18,
0,231,19,
0,231,20,17.34631683
0,231,22,
0,231,23,16.44669574
0,231,24,
0,231,25,7.88998394
0,231,26,13.61023157
0,231,28,16.65933453
0,231,29,
0,231,31,
0,231,33,23.51257485
0,231,34,12.95966738
0,231,35,9.44911003
0,231,36,
0,231,37,
0,231,39,
0,231,40,6.98490022
0,231,42,
0,231,43,
0,231,44,15.5360557
0,231,45,10.44223658
0,231,46,15.29765258
0,231,47,
0,231,48,
0,231,49,18.3650287
0,231,50,18.44418106
0,231,52,10.02570512
0,231,53,
0,231,54,
0,231,55,
0,231,56,6.38390479
0,231,59,
0,232,2,
0,232,4,
0,232,5,
0,232,7,19.51861079
0,232,8,
0,232,11,
0,232,12,
0,232,13,
0,232,14,
0,232,16,19.72277314
0,232,18,
0,232,19,
0,232,20,16.62274954
0,232,22,
0,232,24,
0,232,25,8.54521711
0,232,28,14.53983934
0,232,29,
0,232,31,
0,232,33,20.3003881
0,232,34,11.71439027
0,232,35,2.98396111
0,232,36,
0,232,37,
0,232,39,
0,232,42,
0,232,43,
0,232,44,17.50716565
0,232,45,10.99089088
0,232,46,14.86518205
0,232,47,
0,232,48,
0,232,49,16.95994434
0,232,50,19.16070443
0,232,52,10.23212512
0,232,53,
0,232,54,
0,232,55,
0,232,56,8.95134305
0,232,57,10.13281357
0,232,59,
0,233,2,
0,233,4,
0,233,5,
0,233,7,19.03325494
0,233,8,
0,233,9,16.03925915
0,233,11,
0,233,12,
0,233,13,
0,233,14,
0,233,16,20.96016576
0,233,17,17.89968902
0,233,18,
0,233,19,
0,233,20,18.78619915
0,233,21,13.90196989
0,233,22,
0,233,23,17.52842596
0,233,24,
0,233,25,5.36563488
0,233,26,15.80178803
0,233,28,15.0775997
0,233,29,
0,233,31,
0,233,32,15.2323229
0,233,33,21.53615458
0,233,34,15.01021251
0,233,35,5.49223768
0,233,36,
0,233,37,
0,233,39,
0,233,40,9.4358236
0,233,41,7.39141391
0,233,42,
0,233,43,
0,233,44,20.16432919
0,233,45,11.911193
0,233,46,14.2426687
0,233,47,
0,233,48,
0,233,49,17.46630398
0,233,50,20.79202665
0,233,51,13.76151179
0,233,52,7.23664228
0,233,53,
0,233,54,
0,233,55,
0,233,56,3.95823095
0,233,58,16.28848646
0,233,59,
0,234,2,
0,234,4,
0,234,5,
0,234,6,17.81857924
0,234,7,19.34885958
0,234,8,
0,234,11,
0,234,12,
0,234,13,
0,234,14,
0,234,16,20.65224397
0,234,18,
0,234,19,
0,234,20,18.16356458
0,234,22,
0,234,24,
0,234,25,10.69892279
0,234,26,12.65962372
0,234,28,9.86011218
0,234,29,
0,234,30,15.6077645
0,234,31,
0,234,32,15.15089155
0,234,33,20.71203391
0,234,34,15.47574175
0,234,36,
0,234,37,
0,234,39,
0,234,40,8.02236828
0,234,41,15.98782577
0,234,42,
0,234,43,
0,234,44,18.52042605
0,234,45,10.16007387
0,234,46,8.12166739
0,234,47,
0,234,48,
0,234,49,17.07490379
0,234,50,14.4294565
0,234,51,15.57537965
0,234,52,10.15579402
0,234,53,
0,234,54,
0,234,55,
0,234,57,17.34651314
0,234,58,19.18633786
0,234,59,
0,235,2,
0,235,4,
0,235,5,
0,235,6,18.75243344
0,235,7,18.5616971
0,235,8,
0,235,10,13.34958099
0,235,11,
0,235,12,
0,235,13,
0,235,14,
0,235,16,21.41144682
0,235,17,16.08489826
0,235,18,
0,235,19,
0,235,21,14.09464369
0,235,22,
0,235,23,9.47194693
0,235,24,
0,235,25,7.62173889
0,235,27,14.79282526
0,235,28,16.02932864
0,235,29,
0,235,31,
0,235,32,16.07333318
0,235,33,20.68532184
0,235,34,16.20792452
0,235,36,
0,235,37,
0,235,39,
0,235,40,11.66526583
0,235,41,14.38029015
0,235,42,
0,235,43,
0,235,44,18.06651849
0,235,45,13.21493027
0,235,46,14.26567585
0,235,47,
0,235,48,
0,235,49,14.79792291
0,235,50,15.52082989
0,235,51,15.42385056
0,235,53,
0,235,54,
0,235,55,
0,235,57,18.3082878
0,235,58,19.76458986
0,235,59,
0,236,2,
0,236,4,
0,236,5,
0,236,6,17.77590245
0,236,7,19.50333238
0,236,8,
0,236,11,
0,236,12,
0,236,13,
0,236,14,
0,236,16,21.53711307
0,236,17,14.54101989
0,236,18,
0,236,19,
0,236,20,17.34814642
0,236,21,15.30448554
0,236,22,
0,236,23,12.81152251
0,236,24,
0,236,25,7.61730165
0,236,27,18.02716837
0,236,28,13.19459787
0,236,29,
0,236,31,
0,236,32,18.1261404
0,236,33,19.72009171
0,236,34,15.44744807
0,236,36,
0,236,37,
0,236,39,
0,236,40,11.48351249
0,236,42,
0,236,43,
0,236,44,18.61019829
0,236,45,11.79323944
0,236,46,15.33178465
0,236,47,
0,236,48,
0,236,50,14.45680487
0,236,51,14.26213382
0,236,52,9.0683528
0,236,53,
0,236,54,
0,236,55,
0,236,57,17.66239799
0,236,58,19.90535448
0,236,59,
0,237,2,
0,237,4,
0,237,5,
0,237,6,18.55008322
0,237,7,19.74921767
0,237,8,
0,237,11,
0,237,12,
0,237,13,
0,237,14,
0,237,16,22.48813113
0,237,17,14.50114778
0,237,18,
0,237,19,
0,237,20,14.27195535
0,237,21,15.12693474
0,237,22,
0,237,24,
0,237,25,7.17969245
0,237,27,18.98247277
0,237,28,14.56626353
0,237,29,
0,237,31,
0,237,32,18.58980422
0,237,33,23.05961759
0,237,34,15.03651206
0,237,36,
0,237,37,
0,237,39,
0,237,41,16.28529666
0,237,42,
0,237,43,
0,237,44,18.82603598
0,237,45,12.36842027
0,237,46,14.13342251
0,237,47,
0,237,48,
0,237,49,21.31228971
0,237,51,16.89576872
0,237,52,8.33541689
0,237,53,
0,237,54,
0,237,55,
0,237,56,8.67268307
0,237,57,17.63748785
0,237,58,18.45401792
0,237,59,
0,237,60,14.68716494
0,238,2,
0,238,4,
0,238,5,
0,238,6,17.07510169
0,238,7,18.12748227
0,238,8,
0,238,11,
0,238,12,
0,238,13,
0,238,14,
0,238,16,21.70633454
0,238,18,
0,238,19,
0,238,20,15.87345938
0,238,22,
0,238,24,
0,238,25,7.42904958
0,238,26,16.37098232
0,238,29,
0,238,31,
0,238,33,20.9320501
0,238,34,14.24846938
0,238,35,3.93310779
0,238,36,
0,238,37,
0,238,39,
0,238,42,
0,238,43,
0,238,44,18.33516541
0,238,45,11.73905695
0,238,46,5.79444914
0,238,47,
0,238,48,
0,238,49,15.46520411
0,238,50,15.48082808
0,238,52,5.54887376
0,238,53,
0,238,54,
0,238,55,
0,238,56,7.931807
0,238,57,17.25587655
0,238,58,15.17947893
0,238,59,
0,239,2,
0,239,4,
0,239,5,
0,239,6,16.47694557
0,239,7,19.2269416
0,239,8,
0,239,11,
0,239,12,
0,239,13,
0,239,14,
0,239,16,20.43598786
0,239,18,
0,239,19,
0,239,20,15.4593762
0,239,22,
0,239,24,
0,239,25,7.35299593
0,239,26,15.88436509
0,239,27,17.047574
0,239,28,13.26053586
0,239,29,
0,239,31,
0,239,32,18.66909527
0,239,33,20.15714233
0,239,34,13.35596003
0,239,35,3.66902449
0,239,36,
0,239,37,
0,239,39,
0,239,40,7.63702003
0,239,42,
0,239,43,
0,239,44,16.94200168
0,239,45,10.04111455
0,239,47,
0,239,48,
0,239,49,16.35727857
0,239,50,13.2820437
0,239,51,13.51683651
0,239,52,4.66986006
0,239,53,
0,239,54,
0,239,55,
0,239,56,5.40933245
0,239,57,18.16505913
0,239,58,17.54213382
0,239,59,
0,240,2,
0,240,4,
0,240,5,
0,240,6,9.04082799
0,240,8,
0,240,11,
0,240,12,
0,240,13,
0,240,14,
0,240,16,16.3459012
0,240,18,
0,240,19,
0,240,21,16.46270505
0,240,22,
0,240,23,20.11109501
0,240,24,
0,240,25,16.46765268
0,240,26,14.46406625
0,240,28,12.0249402
0,240,29,
0,240,30,19.190525
0,240,31,
0,240,33,24.74155646
0,240,35,8.08079852
0,240,36,
0,240,37,
0,240,39,
0,240,42,
0,240,43,
0,240,45,7.10832452
0,240,47,
0,240,48,
0,240,49,18.49514895
0,240,50,18.16922988
0,240,52,7.19692251
0,240,53,
0,240,54,
0,240,55,
0,240,59,
0,241,2,
0,241,4,
0,241,5,
0,241,8,
0,241,10,5.94939674
0,241,11,
0,241,12,
0,241,13,
0,241,14,
0,241,16,7.72711314
0,241,18,
0,241,19,
0,241,21,13.72764067
0,241,22,
0,241,23,16.1853742
0,241,24,
0,241,25,12.05815139
0,241,26,6.24990733
0,241,28,5.14359847
0,241,29,
0,241,30,16.69276313
0,241,31,
0,241,33,21.40576911
0,241,36,
0,241,37,
0,241,39,
0,241,41,11.66051524
0,241,42,
0,241,43,
0,241,46,5.15761311
0,241,47,
0,241,48,
0,241,49,9.81400737
0,241,50,16.23414209
0,241,52,3.90569299
0,241,53,
0,241,54,
0,241,55,
0,241,59,
0,242,2,
0,242,4,
0,242,5,
0,242,6,7.1061215
0,242,8,
0,242,10,7.11815986
0,242,11,
0,242,12,
0,242,13,
0,242,14,
0,242,18,
0,242,19,
0,242,21,17.67587597
0,242,22,
0,242,23,13.66580397
0,242,24,
0,242,25,16.91801782
0,242,26,6.01550836
0,242,29,
0,242,30,14.72890545
0,242,31,
0,242,33,22.36926564
0,242,36,
0,242,37,
0,242,39,
0,242,40,10.35431636
0,242,42,
0,242,43,
0,242,47,
0,242,48,
0,242,49,15.20235605
0,242,50,10.07195381
0,242,52,5.76813249
0,242,53,
0,242,54,
0,242,55,
0,242,58,3.62709985
0,242,59,
0,243,2,
0,243,4,
0,243,5,
0,243,6,7.29621666
0,243,8,
0,243,11,
0,243,12,
0,243,13,
0,243,14,
0,243,18,
0,243,19,
0,243,21,13.97325358
0,243,22,
0,243,23,17.58396712
0,243,24,
0,243,25,16.66306948
0,243,29,
0,243,30,18.42248963
0,243,31,
0,243,33,22.32313138
0,243,35,2.58112397
0,243,36,
0,243,37,
0,243,39,
0,243,42,
0,243,43,
0,243,45,8.36772844
0,243,47,
0,243,48,
0,243,49,17.47883932
0,243,50,17.5313281
0,243,52,4.91870125
0,243,53,
0,243,54,
0,243,55,
0,243,56,8.6740905
0,243,59,
0,244,2,
0,244,4,
0,244,5,
0,244,8,
0,244,11,
0,244,12,
0,244,13,
0,244,14,
0,244,18,
0,244,19,
0,244,21,13.77778286
0,244,22,
0,244,23,14.25017644
0,244,24,
0,244,25,12.65313042
0,244,29,
0,244,30,18.85882774
0,244,31,
0,244,33,20.42239059
0,244,36,
0,244,37,
0,244,39,
0,244,42,
0,244,43,
0,244,47,
0,244,48,
0,244,49,16.42641961
0,244,50,14.41795901
0,244,53,
0,244,54,
0,244,55,
0,244,59,
0,245,2,
0,245,4,
0,245,5,
0,245,6,17.37678384
0,245,7,15.39168355
0,245,8,
0,245,11,
0,245,12,
0,245,13,
0,245,14,
0,245,16,7.21096474
0,245,18,
0,245,19,
0,245,21,18.33572555
0,245,22,
0,245,23,17.9712656
0,245,24,
0,245,25,16.44497769
0,245,28,12.06870187
0,245,29,
0,245,30,19.4156806
0,245,31,
0,245,33,23.1500452
0,245,35,10.64345423
0,245,36,
0,245,37,
0,245,39,
0,245,41,9.05857129
0,245,42,
0,245,43,
0,245,45,5.9891667
0,245,47,
0,245,48,
0,245,49,19.54939243
0,245,50,18.37833641
0,245,52,9.09148497
0,245,53,
0,245,54,
0,245,55,
0,245,56,5.63487493
0,245,59,
0,246,2,
0,246,4,
0,246,5,
0,246,6,16.76240794
0,246,7,15.24117477
0,246,8,
0,246,11,
0,246,12,
0,246,13,
0,246,14,
0,246,16,15.25196287
0,246,18,
0,246,19,
0,246,21,17.01392265
0,246,22,
0,246,23,18.05889753
0,246,24,
0,246,25,16.66367177
0,246,28,11.90803719
0,246,29,
0,246,30,19.41881737
0,246,31,
0,246,33,24.54380772
0,246,35,6.83001951
0,246,36,
0,246,37,
0,246,39,
0,246,42,
0,246,43,
0,246,45,4.15946615
0,246,47,
0,246,48,
0,246,49,18.83731506
0,246,50,19.54556887
0,246,52,8.30181971
0,246,53,
0,246,54,
0,246,55,
0,246,59,
0,247,2,
0,247,4,
0,247,5,
0,247,6,17.54919474
0,247,8,
0,247,10,12.81857182
0,247,11,
0,247,12,
0,247,13,
0,247,14,
0,247,16,21.28083525
0,247,18,
0,247,19,
0,247,21,18.04582052
0,247,22,
0,247,23,17.50991185
0,247,24,
0,247,25,17.05790493
0,247,26,11.90598088
0,247,28,13.74819017
0,247,29,
0,247,30,18.40652394
0,247,31,
0,247,33,22.60462811
0,247,35,8.74215402
0,247,36,
0,247,37,
0,247,39,
0,247,42,
0,247,43,
0,247,44,18.7497483
0,247,45,15.76865363
0,247,46,15.47719828
0,247,47,
0,247,48,
0,247,49,17.56692906
0,247,50,20.41220805
0,247,52,7.99411455
0,247,53,
0,247,54,
0,247,55,
0,247,58,18.78847025
0,247,59,
0,247,60,15.25265745
0,248,2,
0,248,4,
0,248,5,
0,248,8,
0,248,11,
0,248,12,
0,248,13,
0,248,14,
0,248,18,
0,248,19,
0,248,21,17.20303242
0,248,22,
0,248,23,18.75295642
0,248,24,
0,248,25,18.35114028
0,248,28,10.09117376
0,248,29,
0,248,30,22.26682139
0,248,31,
0,248,33,23.81638795
0,248,35,11.13622316
0,248,36,
0,248,37,
0,248,39,
0,248,42,
0,248,43,
0,248,45,8.87854831
0,248,46,3.8839861
0,248,47,
0,248,48,
0,248,49,19.13781207
0,248,50,18.7674799
0,248,52,10.21394915
0,248,53,
0,248,54,
0,248,55,
0,248,59,
0,249,2,
0,249,4,
0,249,5,
0,249,6,14.09003051
0,249,7,12.39161568
0,249,8,
0,249,11,
0,249,12,
0,249,13,
0,249,14,
0,249,16,10.50361645
0,249,18,
0,249,19,
0,249,21,13.015989
0,249,22,
0,249,23,16.54272779
0,249,24,
0,249,25,13.26848383
0,249,28,7.84115943
0,249,29,
0,249,30,17.42058674
0,249,31,
0,249,33,21.03364615
0,249,36,
0,249,37,
0,249,39,
0,249,42,
0,249,43,
0,249,47,
0,249,48,
0,249,49,16.37460435
0,249,50,14.34508493
0,249,51,11.04350329
0,249,53,
0,249,54,
0,249,55,
0,249,59,
0,250,2,
0,250,4,
0,250,5,
0,250,7,12.87379195
0,250,8,
0,250,11,
0,250,12,
0,250,13,
0,250,14,
0,250,16,8.40228496
0,250,18,
0,250,19,
0,250,21,13.49384658
0,250,22,
0,250,23,17.21065391
0,250,24,
0,250,25,11.82402135
0,250,26,12.42855421
0,250,28,4.89503741
0,250,29,
0,250,31,
0,250,33,20.83995006
0,250,34,4.60711208
0,250,36,
0,250,37,
0,250,39,
0,250,42,
0,250,43,
0,250,46,6.13513962
0,250,47,
0,250,48,
0,250,49,14.15729896
0,250,50,13.26295564
0,250,53,
0,250,54,
0,250,55,
0,250,57,13.39931767
0,250,59,
0,251,2,
0,251,4,
0,251,5,
0,251,7,15.48077092
0,251,8,
0,251,11,
0,251,12,
0,251,13,
0,251,14,
0,251,18,
0,251,19,
0,251,21,13.75547871
0,251,22,
0,251,23,14.57944112
0,251,24,
0,251,25,10.77599046
0,251,28,7.05869466
0,251,29,
0,251,31,
0,251,33,20.81064031
0,251,34,6.90627873
0,251,36,
0,251,37,
0,251,39,
0,251,42,
0,251,43,
0,251,47,
0,251,48,
0,251,50,13.3880235
0,251,53,
0,251,54,
0,251,55,
0,251,59,
0,252,2,
0,252,4,
0,252,5,
0,252,8,
0,252,11,
0,252,12,
0,252,13,
0,252,14,
0,252,16,14.84220188
0,252,18,
0,252,19,
0,252,21,14.02101648
0,252,22,
0,252,23,15.25289451
0,252,24,
0,252,28,12.96774041
0,252,29,
0,252,31,
0,252,33,21.901198
0,252,34,3.53813346
0,252,35,3.32977107
0,252,36,
0,252,37,
0,252,39,
0,252,42,
0,252,43,
0,252,46,6.09580064
0,252,47,
0,252,48,
0,252,49,14.12712409
0,252,50,14.96371599
0,252,52,3.5150741
0,252,53,
0,252,54,
0,252,55,
0,252,59,
0,253,2,
0,253,4,
0,253,5,
0,253,6,17.1925866
0,253,7,14.83398608
0,253,8,
0,253,11,
0,253,12,
0,253,13,
0,253,14,
0,253,16,21.48430238
0,253,18,
0,253,19,
0,253,20,13.66539345
0,253,22,
0,253,23,14.35966329
0,253,24,
0,253,25,17.92874502
0,253,27,16.41073229
0,253,28,6.26685495
0,253,29,
0,253,30,20.57560504
0,253,31,
0,253,33,24.42965499
0,253,34,10.0869028
0,253,35,4.30823572
0,253,36,
0,253,37,
0,253,39,
0,253,40,6.37742058
0,253,42,
0,253,43,
0,253,44,16.40167794
0,253,45,8.58184109
0,253,47,
0,253,48,
0,253,49,16.27229261
0,253,50,16.22966487
0,253,52,3.95535319
0,253,53,
0,253,54,
0,253,55,
0,253,57,17.98860207
0,253,58,19.17870161
0,253,59,
0,254,2,
0,254,4,
0,254,5,
0,254,6,14.60371756
0,254,7,7.06026954
0,254,8,
0,254,10,18.54831273
0,254,11,
0,254,12,
0,254,13,
0,254,14,
0,254,16,18.32378412
0,254,18,
0,254,19,
0,254,22,
0,254,24,
0,254,28,12.42135093
0,254,29,
0,254,30,15.89943579
0,254,31,
0,254,33,19.46371571
0,254,34,6.53156427
0,254,35,3.93956919
0,254,36,
0,254,37,
0,254,39,
0,254,40,8.68441201
0,254,42,
0,254,43,
0,254,45,7.51649852
0,254,46,14.26237787
0,254,47,
0,254,48,
0,254,53,
0,254,54,
0,254,55,
0,254,58,6.46842007
0,254,59,
0,255,2,
0,255,4,
0,255,5,
0,255,6,16.99620128
0,255,7,13.28444264
0,255,8,
0,255,10,13.96716251
0,255,11,
0,255,12,
0,255,13,
0,255,14,
0,255,16,19.17682638
0,255,18,
0,255,19,
0,255,20,11.23294035
0,255,22,
0,255,24,
0,255,27,13.87470438
0,255,29,
0,255,31,
0,255,33,19.16408528
0,255,34,9.7734618
0,255,36,
0,255,37,
0,255,39,
0,255,42,
0,255,43,
0,255,44,16.14195648
0,255,45,10.26093472
0,255,46,14.09320931
0,255,47,
0,255,48,
0,255,53,
0,255,54,
0,255,55,
0,255,58,17.4300608
0,255,59,
0,256,2,
0,256,4,
0,256,5,
0,256,6,16.04648314
0,256,7,15.63159475
0,256,8,
0,256,11,
0,256,12,
0,256,13,
0,256,14,
0,256,16,17.8422271
0,256,18,
0,256,19,
0,256,20,12.01696864
0,256,21,12.30810945
0,256,22,
0,256,24,
0,256,29,
0,256,30,12.67528679
0,256,31,
0,256,33,16.39014895
0,256,34,7.61160074
0,256,36,
0,256,37,
0,256,39,
0,256,42,
0,256,43,
0,256,44,15.56010459
0,256,45,10.86420449
0,256,47,
0,256,48,
0,256,53,
0,256,54,
0,256,55,
0,256,57,12.41144215
0,256,58,14.66243634
0,256,59,
0,257,2,
0,257,4,
0,257,5,
0,257,7,17.89749727
0,257,8,
0,257,11,
0,257,12,
0,257,13,
0,257,14,
0,257,16,20.71704396
0,257,18,
0,257,19,
0,257,22,
0,257,24,
0,257,28,9.85393948
0,257,29,
0,257,31,
0,257,32,6.87919101
0,257,33,20.72198263
0,257,34,12.54270912
0,257,36,
0,257,37,
0,257,39,
0,257,40,7.8504909
0,257,41,16.6385236
0,257,42,
0,257,43,
0,257,44,15.71288092
0,257,45,9.50687744
0,257,46,13.05380612
0,257,47,
0,257,48,
0,257,53,
0,257,54,
0,257,55,
0,257,56,6.22853668
0,257,58,19.16040503
0,257,59,
0,258,2,
0,258,4,
0,258,5,
0,258,8,
0,258,10,15.99559751
0,258,11,
0,258,12,
0,258,13,
0,258,14,
0,258,16,18.51394039
0,258,18,
0,258,19,
0,258,22,
0,258,24,
0,258,26,13.64754952
0,258,28,10.52257859
0,258,29,
0,258,31,
0,258,33,17.53988164
0,258,34,9.43131931
0,258,36,
0,258,37,
0,258,39,
0,258,42,
0,258,43,
0,258,45,6.77992624
0,258,46,12.2489961
0,258,47,
0,258,48,
0,258,50,12.08378417
0,258,53,
0,258,54,
0,258,55,
0,258,59,
0,259,2,
0,259,4,
0,259,5,
0,259,6,16.26050688
0,259,7,18.50290196
0,259,8,
0,259,11,
0,259,12,
0,259,13,
0,259,14,
0,259,16,21.42586341
0,259,18,
0,259,19,
0,259,20,14.30792349
0,259,22,
0,259,24,
0,259,27,18.09828326
0,259,28,8.80904051
0,259,29,
0,259,30,15.18167361
0,259,31,
0,259,33,19.03068687
0,259,34,10.47669562
0,259,36,
0,259,37,
0,259,39,
0,259,41,15.0470076
0,259,42,
0,259,43,
0,259,44,18.13951458
0,259,45,10.50849395
0,259,46,11.26559881
0,259,47,
0,259,48,
0,259,51,3.47236009
0,259,53,
0,259,54,
0,259,55,
0,259,57,17.08940475
0,259,58,19.55456761
0,259,59,
0,260,2,
0,260,4,
0,260,5,
0,260,6,18.36322209
0,260,7,19.68526069
0,260,8,
0,260,11,
0,260,12,
0,260,13,
0,260,14,
0,260,16,21.66911539
0,260,18,
0,260,19,
0,260,22,
0,260,24,
0,260,27,17.50559659
0,260,29,
0,260,31,
0,260,32,15.21395504
0,260,33,19.11899345
0,260,34,9.98039921
0,260,36,
0,260,37,
0,260,39,
0,260,41,15.98779753
0,260,42,
0,260,43,
0,260,44,19.58791418
0,260,45,9.71136316
0,260,46,6.27074975
0,260,47,
0,260,48,
0,260,53,
0,260,54,
0,260,55,
0,260,57,19.76824676
0,260,58,20.11982937
0,260,59,
0,261,2,
0,261,4,
0,261,5,
0,261,6,15.73031836
0,261,7,20.21790843
0,261,8,
0,261,11,
0,261,12,
0,261,13,
0,261,14,
0,261,16,22.35182841
0,261,18,
0,261,19,
0,261,20,16.15106087
0,261,22,
0,261,24,
0,261,27,16.9073769
0,261,28,6.67076926
0,261,29,
0,261,31,
0,261,33,21.2721834
0,261,34,7.43091527
0,261,35,3.81486528
0,261,36,
0,261,37,
0,261,39,
0,261,40,11.4761182
0,261,41,19.45424731
0,261,42,
0,261,43,
0,261,44,17.40798616
0,261,45,9.57789435
0,261,46,15.0313582
0,261,47,
0,261,48,
0,261,53,
0,261,54,
0,261,55,
0,261,58,21.00992723
0,261,59,
0,261,60,15.54860109
0,262,2,
0,262,4,
0,262,5,
0,262,6,15.59684926
0,262,7,18.33955457
0,262,8,
0,262,10,17.64570805
0,262,11,
0,262,12,
0,262,13,
0,262,14,
0,262,16,21.38023314
0,262,18,
0,262,19,
0,262,20,14.58337252
0,262,22,
0,262,24,
0,262,26,11.31481145
0,262,27,16.13932811
0,262,28,6.62089314
0,262,29,
0,262,31,
0,262,33,20.34724171
0,262,34,9.90556783
0,262,36,
0,262,37,
0,262,39,
0,262,41,17.14378581
0,262,42,
0,262,43,
0,262,44,17.72593507
0,262,45,10.9498994
0,262,46,14.62188354
0,262,47,
0,262,48,
0,262,51,14.49478472
0,262,53,
0,262,54,
0,262,55,
0,262,57,18.27977623
0,262,58,19.48748717
0,262,59,
0,263,2,
0,263,4,
0,263,5,
0,263,6,16.30053739
0,263,7,17.65956613
0,263,8,
0,263,11,
0,263,12,
0,263,13,
0,263,14,
0,263,16,20.51221816
0,263,18,
0,263,19,
0,263,20,15.13723105
0,263,21,13.66921908
0,263,22,
0,263,24,
0,263,25,4.0692385
0,263,27,17.20081532
0,263,29,
0,263,31,
0,263,33,18.14820737
0,263,34,10.43793999
0,263,36,
0,263,37,
0,263,39,
0,263,41,13.17496936
0,263,42,
0,263,43,
0,263,44,16.7053449
0,263,45,11.13724329
0,263,46,11.4946403
0,263,47,
0,263,48,
0,263,53,
0,263,54,
0,263,55,
0,263,57,15.1491028
0,263,58,19.53017269
0,263,59,
0,264,2,
0,264,4,
0,264,5,
0,264,6,18.32485334
0,264,7,19.76599216
0,264,8,
0,264,11,
0,264,12,
0,264,13,
0,264,14,
0,264,16,22.56688017
0,264,18,
0,264,19,
0,264,20,14.66128427
0,264,22,
0,264,24,
0,264,27,15.61331528
0,264,28,5.10708805
0,264,29,
0,264,31,
0,264,33,20.90075182
0,264,34,10.00175721
0,264,35,6.10860947
0,264,36,
0,264,37,
0,264,39,
0,264,42,
0,264,43,
0,264,44,18.92030624
0,264,45,12.99175879
0,264,46,14.48687187
0,264,47,
0,264,48,
0,264,51,15.40331764
0,264,52,4.54561402
0,264,53,
0,264,54,
0,264,55,
0,264,58,20.07345824
0,264,59,
0,265,2,
0,265,4,
0,265,5,
0,265,6,15.39060978
0,265,7,17.9393147
0,265,8,
0,265,11,
0,265,12,
0,265,13,
0,265,14,
0,265,16,20.23182994
0,265,18,
0,265,19,
0,265,20,13.04974948
0,265,22,
0,265,24,
0,265,26,10.84708689
0,265,27,14.87800052
0,265,29,
0,265,31,
0,265,33,18.34021111
0,265,34,8.14375906
0,265,36,
0,265,37,
0,265,39,
0,265,42,
0,265,43,
0,265,44,17.00040933
0,265,45,10.36214802
0,265,46,12.96659192
0,265,47,
0,265,48,
0,265,51,11.4518654
0,265,53,
0,265,54,
0,265,55,
0,265,57,14.4425896
0,265,58,19.63119919
0,265,59,
0,266,2,
0,266,4,
0,266,5,
0,266,6,15.83946749
0,266,7,18.1530867
0,266,8,
0,266,11,
0,266,12,
0,266,13,
0,266,14,
0,266,16,21.01510276
0,266,17,13.97663582
0,266,18,
0,266,19,
0,266,20,13.1948146
0,266,21,7.04503389
0,266,22,
0,266,24,
0,266,25,4.87080445
0,266,27,17.25366103
0,266,29,
0,266,31,
0,266,33,18.35783832
0,266,34,10.77954987
0,266,36,
0,266,37,
0,266,39,
0,266,41,16.13978355
0,266,42,
0,266,43,
0,266,44,17.89637001
0,266,45,9.32981828
0,266,46,13.97209848
0,266,47,
0,266,48,
0,266,50,10.74013633
0,266,53,
0,266,54,
0,266,55,
0,266,57,15.93056827
0,266,58,19.98257846
0,266,59,
0,266,60,14.94749412
0,267,2,
0,267,4,
0,267,5,
0,267,6,15.69469136
0,267,7,17.18030128
0,267,8,
0,267,11,
0,267,12,
0,267,13,
0,267,14,
0,267,16,20.04095228
0,267,18,
0,267,19,
0,267,20,11.46942181
0,267,22,
0,267,24,
0,267,27,14.06825581
0,267,28,6.60256485
0,267,29,
0,267,31,
0,267,33,17.67168822
0,267,34,8.66755423
0,267,36,
0,267,37,
0,267,38,3.7996193
0,267,39,
0,267,41,12.05594263
0,267,42,
0,267,43,
0,267,44,17.20589816
0,267,45,10.16237028
0,267,46,12.59318738
0,267,47,
0,267,48,
0,267,53,
0,267,54,
0,267,55,
0,267,58,18.68196922
0,267,59,
0,267,60,13.00009171
0,268,2,
0,268,4,
0,268,5,
0,268,6,15.1771253
0,268,7,19.2576067
0,268,8,
0,268,11,
0,268,12,
0,268,13,
0,268,14,
0,268,16,22.78463012
0,268,18,
0,268,19,
0,268,20,13.2942066
0,268,22,
0,268,24,
0,268,26,14.26278553
0,268,27,18.95803345
0,268,28,7.05276526
0,268,29,
0,268,31,
0,268,33,20.19612514
0,268,34,6.41410377
0,268,35,6.34304139
0,268,36,
0,268,37,
0,268,39,
0,268,40,5.56661098
0,268,41,19.03228679
0,268,42,
0,268,43,
0,268,44,19.95226144
0,268,45,12.53650202
0,268,46,14.55048406
0,268,47,
0,268,48,
0,268,53,
0,268,54,
0,268,55,
0,268,57,20.17540152
0,268,58,19.82686158
0,268,59,
0,268,60,16.08886663
0,269,2,
0,269,4,
0,269,5,
0,269,6,16.57287315
0,269,7,19.15888984
0,269,8,
0,269,11,
0,269,12,
0,269,13,
0,269,14,
0,269,16,23.06740153
0,269,18,
0,269,19,
0,269,20,13.34835724
0,269,22,
0,269,24,
0,269,25,3.93165395
0,269,26,14.93349087
0,269,27,18.13605458
0,269,29,
0,269,31,
0,269,33,19.17950874
0,269,34,8.76838806
0,269,35,5.1539141
0,269,36,
0,269,37,
0,269,39,
0,269,40,11.98532287
0,269,41,16.0543411
0,269,42,
0,269,43,
0,269,44,19.92317137
0,269,45,12.14143232
0,269,46,16.08809026
0,269,47,
0,269,48,
0,269,52,2.11288762
0,269,53,
0,269,54,
0,269,55,
0,269,56,10.77901097
0,269,57,18.58255029
0,269,58,19.77030079
0,269,59,
0,269,60,15.27121439
0,270,2,
0,270,4,
0,270,5,
0,270,6,17.61331627
0,270,7,19.1947632
0,270,8,
0,270,11,
0,270,12,
0,270,13,
0,270,14,
0,270,16,22.40227973
0,270,18,
0,270,19,
0,270,22,
0,270,24,
0,270,27,18.24404099
0,270,29,
0,270,31,
0,270,33,20.40256126
0,270,34,8.42450429
0,270,36,
0,270,37,
0,270,38,4.83391673
0,270,39,
0,270,40,10.821529
0,270,41,17.40143382
0,270,42,
0,270,43,
0,270,44,19.08766767
0,270,45,11.91721025
0,270,46,12.31296955
0,270,47,
0,270,48,
0,270,51,15.33787571
0,270,53,
0,270,54,
0,270,55,
0,270,57,16.63812659
0,270,58,20.5380975
0,270,59,
0,270,60,12.3039281
0,271,2,
0,271,4,
0,271,5,
0,271,6,17.01942143
0,271,7,18.88885577
0,271,8,
0,271,10,14.6409775
0,271,11,
0,271,12,
0,271,13,
0,271,14,
0,271,16,21.79862242
0,271,18,
0,271,19,
0,271,20,15.17007758
0,271,21,15.47454688
0,271,22,
0,271,24,
0,271,27,16.99963305
0,271,28,8.55695512
0,271,29,
0,271,31,
0,271,33,18.8802394
0,271,34,10.83811023
0,271,35,7.66906936
0,271,36,
0,271,37,
0,271,39,
0,271,41,10.79705342
0,271,42,
0,271,43,
0,271,44,17.10686542
0,271,45,10.26124002
0,271,46,5.18192718
0,271,47,
0,271,48,
0,271,51,16.39594088
0,271,52,3.98551289
0,271,53,
0,271,54,
0,271,55,
0,271,56,7.37391868
0,271,58,19.31945014
0,271,59,
0,271,60,16.28353591
0,272,2,
0,272,4,
0,272,5,
0,272,6,17.54715507
0,272,7,20.67228486
0,272,8,
0,272,11,
0,272,12,
0,272,13,
0,272,14,
0,272,16,22.31043499
0,272,18,
0,272,19,
0,272,20,16.51889789
0,272,22,
0,272,24,
0,272,25,3.03982107
0,272,26,14.75336567
0,272,27,19.43802846
0,272,28,10.24051743
0,272,29,
0,272,31,
0,272,33,19.44618159
0,272,34,9.00735597
0,272,35,5.50671896
0,272,36,
0,272,37,
0,272,39,
0,272,41,6.61672177
0,272,42,
0,272,43,
0,272,44,19.69724225
0,272,45,12.17721483
0,272,46,14.02260297
0,272,47,
0,272,48,
0,272,51,14.13132624
0,272,53,
0,272,54,
0,272,55,
0,272,56,12.34595373
0,272,58,21.50005287
0,272,59,
0,272,60,15.42263405
0,273,2,
0,273,4,
0,273,5,
0,273,6,15.82082413
0,273,7,17.20123641
0,273,8,
0,273,11,
0,273,12,
0,273,13,
0,273,14,
0,273,16,20.01607596
0,273,18,
0,273,19,
0,273,20,6.20953163
0,273,22,
0,273,24,
0,273,25,6.56333235
0,273,26,6.33080216
0,273,27,15.08253146
0,273,29,
0,273,31,
0,273,33,15.83898074
0,273,34,8.8360691
0,273,35,6.5808795
0,273,36,
0,273,37,
0,273,39,
0,273,40,8.82472151
0,273,42,
0,273,43,
0,273,44,16.06306625
0,273,45,9.80124839
0,273,46,9.74872269
0,273,47,
0,273,48,
0,273,51,12.70370669
0,273,53,
0,273,54,
0,273,55,
0,273,58,18.06699531
0,273,59,
0,274,2,
0,274,4,
0,274,5,
0,274,6,14.7636697
0,274,7,16.92404978
0,274,8,
0,274,11,
0,274,12,
0,274,13,
0,274,14,
0,274,16,18.70471237
0,274,18,
0,274,19,
0,274,22,
0,274,24,
0,274,25,5.76198637
0,274,27,15.30296356
0,274,29,
0,274,31,
0,274,32,12.28512097
0,274,33,18.38627694
0,274,34,3.99412877
0,274,36,
0,274,37,
0,274,39,
0,274,42,
0,274,43,
0,274,44,16.13612524
0,274,45,8.99486246
0,274,46,13.6248409
0,274,47,
0,274,48,
0,274,53,
0,274,54,
0,274,55,
0,274,58,19.00814596
0,274,59,
0,275,2,
0,275,4,
0,275,5,
0,275,6,13.3466262
0,275,7,18.08237707
0,275,8,
0,275,11,
0,275,12,
0,275,13,
0,275,14,
0,275,16,20.90341076
0,275,18,
0,275,19,
0,275,21,10.23868334
0,275,22,
0,275,24,
0,275,27,16.26775966
0,275,28,6.82542845
0,275,29,
0,275,31,
0,275,32,13.2510591
0,275,33,18.25835051
0,275,34,10.47160021
0,275,36,
0,275,37,
0,275,39,
0,275,40,7.5795052
0,275,41,13.4686047
0,275,42,
0,275,43,
0,275,44,18.26579258
0,275,45,11.56910694
0,275,46,14.08493397
0,275,47,
0,275,48,
0,275,51,12.03236119
0,275,53,
0,275,54,
0,275,55,
0,275,58,18.65977737
0,275,59,
0,276,2,
0,276,4,
0,276,5,
0,276,6,12.92390991
0,276,7,17.46645457
0,276,8,
0,276,11,
0,276,12,
0,276,13,
0,276,14,
0,276,16,20.61239877
0,276,18,
0,276,19,
0,276,20,10.89239289
0,276,22,
0,276,24,
0,276,27,14.42864332
0,276,29,
0,276,31,
0,276,33,17.8608346
0,276,34,10.15320316
0,276,36,
0,276,37,
0,276,39,
0,276,41,15.90638706
0,276,42,
0,276,43,
0,276,44,15.94020639
0,276,45,11.41515564
0,276,46,13.67388273
0,276,47,
0,276,48,
0,276,51,13.59456465
0,276,53,
0,276,54,
0,276,55,
0,276,57,14.76262241
0,276,58,18.13146289
0,276,59,
0,277,2,
0,277,4,
0,277,5,
0,277,6,15.34180155
0,277,7,17.30193226
0,277,8,
0,277,11,
0,277,12,
0,277,13,
0,277,14,
0,277,16,20.24359609
0,277,18,
0,277,19,
0,277,22,
0,277,24,
0,277,27,11.60735983
0,277,29,
0,277,31,
0,277,33,18.95869214
0,277,34,11.71411372
0,277,36,
0,277,37,
0,277,39,
0,277,41,17.2956364
0,277,42,
0,277,43,
0,277,44,17.39715121
0,277,45,10.47280699
0,277,46,13.71157894
0,277,47,
0,277,48,
0,277,51,14.1584916
0,277,53,
0,277,54,
0,277,55,
0,277,56,9.0359288
0,277,58,18.79058759
0,277,59,
0,278,2,
0,278,4,
0,278,5,
0,278,6,16.90560793
0,278,7,17.04250018
0,278,8,
0,278,11,
0,278,12,
0,278,13,
0,278,14,
0,278,16,21.81557117
0,278,18,
0,278,19,
0,278,22,
0,278,24,
0,278,26,11.37018422
0,278,27,16.33343399
0,278,28,9.5482304
0,278,29,
0,278,31,
0,278,33,20.24386928
0,278,34,11.70261252
0,278,36,
0,278,37,
0,278,39,
0,278,40,9.02435719
0,278,42,
0,278,43,
0,278,44,17.11620047
0,278,45,10.17193052
0,278,46,14.05862203
0,278,47,
0,278,48,
0,278,51,12.75619314
0,278,53,
0,278,54,
0,278,55,
0,278,57,17.10343082
0,278,58,19.94349232
0,278,59,
0,278,60,15.86016884
0,279,2,
0,279,4,
0,279,5,
0,279,6,17.09829635
0,279,7,20.0711296
0,279,8,
0,279,11,
0,279,12,
0,279,13,
0,279,14,
0,279,16,22.12989177
0,279,18,
0,279,19,
0,279,22,
0,279,24,
0,279,25,5.93409987
0,279,26,14.5247472
0,279,27,18.91253167
0,279,28,8.55298719
0,279,29,
0,279,31,
0,279,33,18.82838003
0,279,34,7.32169487
0,279,36,
0,279,37,
0,279,39,
0,279,40,7.52118111
0,279,42,
0,279,43,
0,279,44,19.26876305
0,279,45,12.92275568
0,279,47,
0,279,48,
0,279,49,14.15365289
0,279,51,13.91038231
0,279,53,
0,279,54,
0,279,55,
0,279,57,19.55513716
0,279,58,19.77504931
0,279,59,
0,280,2,
0,280,4,
0,280,5,
0,280,6,16.70395866
0,280,7,19.28115089
0,280,8,
0,280,11,
0,280,12,
0,280,13,
0,280,14,
0,280,16,21.73537592
0,280,18,
0,280,19,
0,280,20,16.17925658
0,280,22,
0,280,24,
0,280,25,3.53652226
0,280,27,14.90094815
0,280,28,7.09097029
0,280,29,
0,280,31,
0,280,33,20.92133741
0,280,34,9.9965478
0,280,36,
0,280,37,
0,280,39,
0,280,40,8.23368106
0,280,41,13.25106073
0,280,42,
0,280,43,
0,280,44,16.75453173
0,280,45,4.91001447
0,280,46,8.51973362
0,280,47,
0,280,48,
0,280,51,13.52820806
0,280,52,2.2672179
0,280,53,
0,280,54,
0,280,55,
0,280,57,17.73157386
0,280,58,20.28808798
0,280,59,
0,281,2,
0,281,4,
0,281,5,
0,281,6,15.74197017
0,281,7,19.98779062
0,281,8,
0,281,11,
0,281,12,
0,281,13,
0,281,14,
0,281,16,21.97103395
0,281,18,
0,281,19,
0,281,22,
0,281,24,
0,281,25,3.58960622
0,281,27,17.87946827
0,281,29,
0,281,31,
0,281,33,18.70206131
0,281,34,10.61538473
0,281,36,
0,281,37,
0,281,39,
0,281,40,9.59377611
0,281,41,13.4873318
0,281,42,
0,281,43,
0,281,44,19.30644731
0,281,45,12.24250011
0,281,47,
0,281,48,
0,281,51,13.88699261
0,281,53,
0,281,54,
0,281,55,
0,281,56,7.83243301
0,281,57,18.05124625
0,281,58,21.16123703
0,281,59,
0,282,2,
0,282,4,
0,282,5,
0,282,6,17.66437103
0,282,7,18.02450903
0,282,8,
0,282,11,
0,282,12,
0,282,13,
0,282,14,
0,282,16,22.81239885
0,282,18,
0,282,19,
0,282,20,15.21286523
0,282,22,
0,282,24,
0,282,25,4.88534598
0,282,27,12.51082312
0,282,29,
0,282,30,15.01408438
0,282,31,
0,282,33,16.28830021
0,282,34,11.84009867
0,282,35,4.33771967
0,282,36,
0,282,37,
0,282,39,
0,282,42,
0,282,43,
0,282,44,17.95677553
0,282,45,10.27665421
0,282,46,3.74623408
0,282,47,
0,282,48,
0,282,51,14.98241642
0,282,53,
0,282,54,
0,282,55,
0,282,57,18.31261708
0,282,58,20.38218987
0,282,59,
0,283,2,
0,283,4,
0,283,5,
0,283,6,14.27390613
0,283,7,18.15907848
0,283,8,
0,283,11,
0,283,12,
0,283,13,
0,283,14,
0,283,16,20.57711225
0,283,18,
0,283,19,
0,283,20,11.73288278
0,283,22,
0,283,24,
0,283,27,17.56148749
0,283,29,
0,283,31,
0,283,33,17.65481243
0,283,34,10.98126723
0,283,36,
0,283,37,
0,283,39,
0,283,40,10.16160319
0,283,42,
0,283,43,
0,283,44,15.93392975
0,283,46,2.26851509
0,283,47,
0,283,48,
0,283,51,10.87992542
0,283,53,
0,283,54,
0,283,55,
0,283,56,8.52759763
0,283,57,14.0720085
0,283,58,19.40802202
0,283,59,
0,284,2,
0,284,4,
0,284,5,
0,284,6,14.96849613
0,284,7,15.95149091
0,284,8,
0,284,11,
0,284,12,
0,284,13,
0,284,14,
0,284,16,19.72671078
0,284,18,
0,284,19,
0,284,22,
0,284,24,
0,284,27,17.87346486
0,284,28,6.86844917
0,284,29,
0,284,31,
0,284,33,17.99489872
0,284,36,
0,284,37,
0,284,39,
0,284,40,12.55468593
0,284,41,7.42161262
0,284,42,
0,284,43,
0,284,44,15.87418487
0,284,45,10.87022549
0,284,46,4.89877811
0,284,47,
0,284,48,
0,284,53,
0,284,54,
0,284,55,
0,284,58,19.8886834
0,284,59,
0,285,2,
0,285,4,
0,285,5,
0,285,6,17.473703
0,285,7,18.94529609
0,285,8,
0,285,11,
0,285,12,
0,285,13,
0,285,14,
0,285,16,21.62419589
0,285,18,
0,285,19,
0,285,20,16.4859603
0,285,22,
0,285,24,
0,285,25,2.84901566
0,285,27,18.62525454
0,285,28,6.39474287
0,285,29,
0,285,31,
0,285,33,19.22814888
0,285,34,10.05868679
0,285,36,
0,285,37,
0,285,39,
0,285,40,10.88786418
0,285,41,17.71090069
0,285,42,
0,285,43,
0,285,44,17.82448718
0,285,45,12.90050475
0,285,46,13.08453801
0,285,47,
0,285,48,
0,285,51,14.91066277
0,285,53,
0,285,54,
0,285,55,
0,285,58,20.91038288
0,285,59,
0,286,2,
0,286,4,
0,286,5,
0,286,6,17.02787875
0,286,7,18.67499251
0,286,8,
0,286,11,
0,286,12,
0,286,13,
0,286,14,
0,286,16,21.77760293
0,286,18,
0,286,19,
0,286,21,13.16826331
0,286,22,
0,286,24,
0,286,26,15.79236859
0,286,27,19.12856405
0,286,28,6.13644148
0,286,29,
0,286,31,
0,286,32,12.4287037
0,286,33,18.3618889
0,286,34,11.51758772
0,286,36,
0,286,37,
0,286,39,
0,286,41,19.30311966
0,286,42,
0,286,43,
0,286,44,19.30363651
0,286,45,12.56667206
0,286,46,17.37937072
0,286,47,
0,286,48,
0,286,53,
0,286,54,
0,286,55,
0,286,56,4.08197077
0,286,57,20.84035199
0,286,58,21.57169633
0,286,59,
0,287,2,
0,287,4,
0,287,5,
0,287,6,18.50662015
0,287,7,20.34767645
0,287,8,
0,287,11,
0,287,12,
0,287,13,
0,287,14,
0,287,16,22.68681723
0,287,18,
0,287,19,
0,287,22,
0,287,24,
0,287,26,13.34921993
0,287,27,19.46911764
0,287,28,7.57034828
0,287,29,
0,287,31,
0,287,32,16.817272
0,287,33,19.39889849
0,287,34,14.50484667
0,287,35,9.44592625
0,287,36,
0,287,37,
0,287,39,
0,287,40,7.9551529
0,287,41,21.17481577
0,287,42,
0,287,43,
0,287,44,18.79872169
0,287,45,13.56503641
0,287,46,18.17433017
0,287,47,
0,287,48,
0,287,52,2.94839806
0,287,53,
0,287,54,
0,287,55,
0,287,56,8.05119211
0,287,57,21.45416483
0,287,58,21.28604821
0,287,59,
0,288,2,
0,288,4,
0,288,5,
0,288,7,18.58697243
0,288,8,
0,288,11,
0,288,12,
0,288,13,
0,288,14,
0,288,16,19.41992895
0,288,18,
0,288,19,
0,288,22,
0,288,24,
0,288,26,14.50886391
0,288,27,19.09538625
0,288,28,9.02364994
0,288,29,
0,288,31,
0,288,33,16.34591094
0,288,36,
0,288,37,
0,288,39,
0,288,41,19.02851726
0,288,42,
0,288,43,
0,288,44,18.19620291
0,288,45,12.2901658
0,288,46,15.73914311
0,288,47,
0,288,48,
0,288,53,
0,288,54,
0,288,55,
0,288,57,19.68705382
0,288,58,20.44614519
0,288,59,
0,289,2,
0,289,4,
0,289,5,
0,289,6,16.47642761
0,289,7,18.81957252
0,289,8,
0,289,11,
0,289,12,
0,289,13,
0,289,14,
0,289,16,20.51323482
0,289,18,
0,289,19,
0,289,22,
0,289,24,
0,289,25,4.6195005
0,289,27,19.48025973
0,289,28,6.71964849
0,289,29,
0,289,31,
0,289,32,10.90268666
0,289,33,19.0384271
0,289,34,11.30569037
0,289,36,
0,289,37,
0,289,39,
0,289,41,18.79622031
0,289,42,
0,289,43,
0,289,44,14.72438459
0,289,45,13.01247065
0,289,46,16.96116976
0,289,47,
0,289,48,
0,289,53,
0,289,54,
0,289,55,
0,289,57,20.31132286
0,289,58,20.27906894
0,289,59,
0,290,2,
0,290,4,
0,290,5,
0,290,6,17.61832475
0,290,7,20.89539049
0,290,8,
0,290,11,
0,290,12,
0,290,13,
0,290,14,
0,290,16,23.10405071
0,290,18,
0,290,19,
0,290,22,
0,290,24,
0,290,25,4.36877682
0,290,26,14.14972853
0,290,27,20.53463944
0,290,28,8.69443646
0,290,29,
0,290,31,
0,290,33,19.54812223
0,290,34,13.52079872
0,290,35,9.65397359
0,290,36,
0,290,37,
0,290,39,
0,290,40,7.41943488
0,290,41,20.81519779
0,290,42,
0,290,43,
0,290,44,20.07757655
0,290,45,13.62430957
0,290,46,17.7061671
0,290,47,
0,290,48,
0,290,52,5.32390589
0,290,53,
0,290,54,
0,290,55,
0,290,57,21.12958001
0,290,58,21.82157368
0,290,59,
0,290,60,16.30831115
0,291,2,
0,291,4,
0,291,5,
0,291,6,16.79837993
0,291,7,19.72879458
0,291,8,
0,291,11,
0,291,12,
0,291,13,
0,291,14,
0,291,16,22.30053548
0,291,18,
0,291,19,
0,291,22,
0,291,24,
0,291,27,19.73110239
0,291,29,
0,291,31,
0,291,33,20.14568891
0,291,34,12.26324705
0,291,35,6.10802674
0,291,36,
0,291,37,
0,291,39,
0,291,40,12.5029521
0,291,41,19.84301735
0,291,42,
0,291,43,
0,291,44,19.69638425
0,291,45,13.44124051
0,291,46,17.13097436
0,291,47,
0,291,48,
0,291,52,3.94915954
0,291,53,
0,291,54,
0,291,55,
0,291,57,20.54486022
0,291,58,19.79173751
0,291,59,
0,292,2,
0,292,4,
0,292,5,
0,292,6,19.7363104
0,292,7,18.42168021
0,292,8,
0,292,11,
0,292,12,
0,292,13,
0,292,14,
0,292,16,22.97596126
0,292,18,
0,292,19,
0,292,22,
0,292,24,
0,292,26,15.19055117
0,292,27,20.18932609
0,292,28,12.35589821
0,292,29,
0,292,31,
0,292,33,20.35626982
0,292,34,12.65871322
0,292,36,
0,292,37,
0,292,39,
0,292,41,20.25384656
0,292,42,
0,292,43,
0,292,44,19.64170052
0,292,45,13.59253434
0,292,46,16.94361291
0,292,47,
0,292,48,
0,292,53,
0,292,54,
0,292,55,
0,292,56,11.77901067
0,292,57,20.96906407
0,292,58,20.58722873
0,292,59,
0,293,2,
0,293,4,
0,293,5,
0,293,6,16.26197233
0,293,7,18.83869706
0,293,8,
0,293,11,
0,293,12,
0,293,13,
0,293,14,
0,293,16,21.2879081
0,293,18,
0,293,19,
0,293,22,
0,293,24,
0,293,26,13.71385469
0,293,27,18.83116124
0,293,28,6.7502708
0,293,29,
0,293,31,
0,293,33,17.86760386
0,293,34,8.58607809
0,293,35,3.28699219
0,293,36,
0,293,37,
0,293,39,
0,293,41,19.08284309
0,293,42,
0,293,43,
0,293,44,17.6883466
0,293,45,12.88057664
0,293,46,17.05817428
0,293,47,
0,293,48,
0,293,51,5.15420485
0,293,53,
0,293,54,
0,293,55,
0,293,56,5.60164056
0,293,57,20.68271429
0,293,58,19.60370143
0,293,59,
0,294,2,
0,294,4,
0,294,5,
0,294,7,19.73606548
0,294,8,
0,294,11,
0,294,12,
0,294,13,
0,294,14,
0,294,16,21.38050004
0,294,18,
0,294,19,
0,294,21,10.95749812
0,294,22,
0,294,24,
0,294,26,13.93603271
0,294,27,18.68733684
0,294,29,
0,294,31,
0,294,32,17.05804015
0,294,33,17.89972211
0,294,34,12.09476028
0,294,35,6.36977566
0,294,36,
0,294,37,
0,294,38,2.9065385
0,294,39,
0,294,40,6.62282726
0,294,41,19.88361286
0,294,42,
0,294,43,
0,294,44,18.25014049
0,294,45,13.25343054
0,294,46,16.04349794
0,294,47,
0,294,48,
0,294,53,
0,294,54,
0,294,55,
0,294,56,6.99503058
0,294,57,20.07050643
0,294,58,19.64659614
0,294,59,
0,294,60,15.70316065
0,295,2,
0,295,4,
0,295,5,
0,295,7,18.28719705
0,295,8,
0,295,11,
0,295,12,
0,295,13,
0,295,14,
0,295,16,21.98448335
0,295,18,
0,295,19,
0,295,21,15.59012593
0,295,22,
0,295,24,
0,295,27,19.19163619
0,295,29,
0,295,31,
0,295,33,21.3619655
0,295,34,8.42188389
0,295,35,6.96892368
0,295,36,
0,295,37,
0,295,39,
0,295,40,7.34551182
0,295,41,17.99426394
0,295,42,
0,295,43,
0,295,44,19.37736768
0,295,45,12.61166716
0,295,46,15.97116776
0,295,47,
0,295,48,
0,295,50,13.0557904
0,295,53,
0,295,54,
0,295,55,
0,295,57,20.88640413
0,295,58,20.4049783
0,295,59,
0,296,2,
0,296,4,
0,296,5,
0,296,7,20.54463597
0,296,8,
0,296,11,
0,296,12,
0,296,13,
0,296,14,
0,296,16,21.42523744
0,296,18,
0,296,19,
0,296,21,15.43653857
0,296,22,
0,296,24,
0,296,27,19.01693742
0,296,29,
0,296,31,
0,296,32,15.60393702
0,296,33,16.42883036
0,296,34,11.5212991
0,296,35,5.22926488
0,296,36,
0,296,37,
0,296,39,
0,296,41,20.38089122
0,296,42,
0,296,43,
0,296,44,19.56528708
0,296,45,11.81963162
0,296,46,16.4261512
0,296,47,
0,296,48,
0,296,53,
0,296,54,
0,296,55,
0,296,56,7.62114468
0,296,57,20.07217209
0,296,58,20.45434267
0,296,59,
0,297,2,
0,297,4,
0,297,5,
0,297,6,18.42296684
0,297,7,19.66259742
0,297,8,
0,297,11,
0,297,12,
0,297,13,
0,297,14,
0,297,16,22.5918729
0,297,18,
0,297,19,
0,297,21,16.59981757
0,297,22,
0,297,24,
0,297,26,15.26864193
0,297,27,20.60518056
0,297,28,10.59400421
0,297,29,
0,297,31,
0,297,33,19.40281354
0,297,34,15.43223811
0,297,35,8.48881598
0,297,36,
0,297,37,
0,297,39,
0,297,40,10.58044469
0,297,41,18.80695266
0,297,42,
0,297,43,
0,297,44,19.57997594
0,297,45,14.11667788
0,297,46,16.88870789
0,297,47,
0,297,48,
0,297,50,16.91265348
0,297,53,
0,297,54,
0,297,55,
0,297,56,8.95693019
0,297,57,21.1567995
0,297,58,20.5566591
0,297,59,
0,298,2,
0,298,4,
0,298,5,
0,298,7,19.18066003
0,298,8,
0,298,11,
0,298,12,
0,298,13,
0,298,14,
0,298,16,21.27933399
0,298,18,
0,298,19,
0,298,22,
0,298,24,
0,298,25,5.94041896
0,298,26,12.93646614
0,298,27,18.13689742
0,298,29,
0,298,31,
0,298,32,15.21654681
0,298,33,18.60108043
0,298,35,4.71921875
0,298,36,
0,298,37,
0,298,39,
0,298,40,12.18192215
0,298,41,20.08013738
0,298,42,
0,298,43,
0,298,44,17.98093044
0,298,45,13.36602525
0,298,46,15.5707296
0,298,47,
0,298,48,
0,298,51,5.76766933
0,298,53,
0,298,54,
0,298,55,
0,298,56,12.58452497
0,298,57,19.67611474
0,298,58,19.95974917
0,298,59,
0,299,2,
0,299,4,
0,299,5,
0,299,6,17.99429986
0,299,7,19.52194215
0,299,8,
0,299,11,
0,299,12,
0,299,13,
0,299,14,
0,299,16,22.24882801
0,299,18,
0,299,19,
0,299,22,
0,299,24,
0,299,25,9.30853043
0,299,27,20.3166203
0,299,28,10.68363503
0,299,29,
0,299,31,
0,299,33,18.11139006
0,299,34,13.78971291
0,299,36,
0,299,37,
0,299,39,
0,299,41,16.55644146
0,299,42,
0,299,43,
0,299,44,18.05811151
0,299,45,12.02333144
0,299,46,15.99948813
0,299,47,
0,299,48,
0,299,50,15.23324324
0,299,52,6.94065612
0,299,53,
0,299,54,
0,299,55,
0,299,57,21.50229639
0,299,58,20.50597791
0,299,59,
0,300,2,
0,300,4,
0,300,5,
0,300,6,10.40430422
0,300,7,19.34265772
0,300,8,
0,300,11,
0,300,12,
0,300,13,
0,300,14,
0,300,16,21.14255516
0,300,18,
0,300,19,
0,300,20,13.30991508
0,300,22,
0,300,24,
0,300,27,17.91988838
0,300,29,
0,300,31,
0,300,33,17.83573841
0,300,34,4.05040162
0,300,36,
0,300,37,
0,300,39,
0,300,41,18.67505485
0,300,42,
0,300,43,
0,300,44,19.80999732
0,300,45,11.76822645
0,300,46,15.66822227
0,300,47,
0,300,48,
0,300,51,12.6067177
0,300,53,
0,300,54,
0,300,55,
0,300,57,20.34466146
0,300,58,18.6594767
0,300,59,
0,301,2,
0,301,4,
0,301,5,
0,301,6,18.02076409
0,301,7,19.73580497
0,301,8,
0,301,11,
0,301,12,
0,301,13,
0,301,14,
0,301,16,22.62530029
0,301,18,
0,301,19,
0,301,21,12.13029865
0,301,22,
0,301,24,
0,301,25,7.84297094
0,301,26,15.42721231
0,301,27,17.92154778
0,301,29,
0,301,31,
0,301,33,18.02149329
0,301,34,13.24663065
0,301,35,5.36806113
0,301,36,
0,301,37,
0,301,39,
0,301,41,20.80135911
0,301,42,
0,301,43,
0,301,44,18.84905981
0,301,45,13.57872226
0,301,46,15.85961443
0,301,47,
0,301,48,
0,301,50,15.76165011
0,301,53,
0,301,54,
0,301,55,
0,301,57,21.18919274
0,301,58,21.33045572
0,301,59,
0,302,2,
0,302,4,
0,302,5,
0,302,6,11.65174965
0,302,7,20.65924181
0,302,8,
0,302,11,
0,302,12,
0,302,13,
0,302,14,
0,302,16,21.62593025
0,302,18,
0,302,19,
0,302,21,15.71885119
0,302,22,
0,302,24,
0,302,26,14.73152631
0,302,27,19.33318579
0,302,29,
0,302,31,
0,302,33,17.8909552
0,302,34,12.81890389
0,302,36,
0,302,37,
0,302,39,
0,302,41,18.583702
0,302,42,
0,302,43,
0,302,44,18.30114505
0,302,45,12.43394347
0,302,46,16.68675764
0,302,47,
0,302,48,
0,302,52,4.93060942
0,302,53,
0,302,54,
0,302,55,
0,302,56,5.92129318
0,302,57,21.16800486
0,302,58,20.99412055
0,302,59,
0,302,60,16.41734861
0,303,2,
0,303,4,
0,303,5,
0,303,6,15.96099887
0,303,7,19.31183342
0,303,8,
0,303,11,
0,303,12,
0,303,13,
0,303,14,
0,303,16,20.97863143
0,303,18,
0,303,19,
0,303,22,
0,303,24,
0,303,26,15.05851237
0,303,27,18.37839704
0,303,29,
0,303,31,
0,303,33,16.10073675
0,303,34,11.72997689
0,303,35,3.5823346
0,303,36,
0,303,37,
0,303,39,
0,303,41,19.64256493
0,303,42,
0,303,43,
0,303,44,20.1442229
0,303,45,13.22292856
0,303,46,17.184655
0,303,47,
0,303,48,
0,303,53,
0,303,54,
0,303,55,
0,303,56,9.43888855
0,303,57,20.33967594
0,303,58,19.78708282
0,303,59,
0,304,2,
0,304,4,
0,304,5,
0,304,6,16.71260598
0,304,7,19.70651398
0,304,8,
0,304,11,
0,304,12,
0,304,13,
0,304,14,
0,304,16,21.42719739
0,304,18,
0,304,19,
0,304,21,15.8927259
0,304,22,
0,304,24,
0,304,26,14.38234642
0,304,27,19.38423251
0,304,29,
0,304,31,
0,304,32,16.81570315
0,304,33,18.57830856
0,304,34,9.17703788
0,304,36,
0,304,37,
0,304,39,
0,304,40,3.92777803
0,304,41,19.63515114
0,304,42,
0,304,43,
0,304,44,19.44882446
0,304,45,12.08957564
0,304,46,15.7188871
0,304,47,
0,304,48,
0,304,50,17.80666667
0,304,52,3.12475333
0,304,53,
0,304,54,
0,304,55,
0,304,57,20.57244116
0,304,58,21.03045232
0,304,59,
0,305,2,
0,305,4,
0,305,5,
0,305,6,11.04429097
0,305,7,20.66685688
0,305,8,
0,305,11,
0,305,12,
0,305,13,
0,305,14,
0,305,16,22.38204233
0,305,18,
0,305,19,
0,305,22,
0,305,24,
0,305,26,16.73103741
0,305,27,20.16387332
0,305,28,6.75179881
0,305,29,
0,305,31,
0,305,33,19.69393044
0,305,34,13.30079817
0,305,35,5.7653988
0,305,36,
0,305,37,
0,305,39,
0,305,41,19.38573633
0,305,42,
0,305,43,
0,305,44,19.28374722
0,305,45,14.00076234
0,305,46,18.82347685
0,305,47,
0,305,48,
0,305,51,14.01941956
0,305,52,2.57160322
0,305,53,
0,305,54,
0,305,55,
0,305,57,20.9935499
0,305,58,21.27834922
0,305,59,
0,306,2,
0,306,4,
0,306,5,
0,306,6,16.71746614
0,306,7,20.10988858
0,306,8,
0,306,11,
0,306,12,
0,306,13,
0,306,14,
0,306,16,21.01653443
0,306,18,
0,306,19,
0,306,22,
0,306,24,
0,306,26,14.22035076
0,306,27,18.78596659
0,306,28,6.12849788
0,306,29,
0,306,31,
0,306,33,17.43532606
0,306,34,10.71918751
0,306,35,6.78814498
0,306,36,
0,306,37,
0,306,39,
0,306,41,19.26624328
0,306,42,
0,306,43,
0,306,44,20.27455959
0,306,45,11.55097804
0,306,46,16.50757823
0,306,47,
0,306,48,
0,306,53,
0,306,54,
0,306,55,
0,306,57,19.18355778
0,306,58,20.78062424
0,306,59,
0,307,2,
0,307,4,
0,307,5,
0,307,7,19.82492535
0,307,8,
0,307,11,
0,307,12,
0,307,13,
0,307,14,
0,307,16,21.64900554
0,307,18,
0,307,19,
0,307,22,
0,307,24,
0,307,27,18.65759988
0,307,29,
0,307,31,
0,307,32,16.62608998
0,307,33,19.760963
0,307,34,11.85275919
0,307,35,3.58868588
0,307,36,
0,307,37,
0,307,39,
0,307,41,18.88800637
0,307,42,
0,307,43,
0,307,44,19.38714716
0,307,45,13.39994936
0,307,46,15.31383793
0,307,47,
0,307,48,
0,307,51,12.6313309
0,307,53,
0,307,54,
0,307,55,
0,307,57,20.62411867
0,307,58,20.68109942
0,307,59,
0,308,2,
0,308,4,
0,308,5,
0,308,7,18.23708197
0,308,8,
0,308,11,
0,308,12,
0,308,13,
0,308,14,
0,308,16,21.75138049
0,308,18,
0,308,19,
0,308,22,
0,308,24,
0,308,27,20.27827864
0,308,29,
0,308,31,
0,308,33,15.20421554
0,308,34,13.22296724
0,308,35,4.70136854
0,308,36,
0,308,37,
0,308,39,
0,308,41,19.37883183
0,308,42,
0,308,43,
0,308,44,19.45816365
0,308,45,11.46885092
0,308,46,16.67897802
0,308,47,
0,308,48,
0,308,53,
0,308,54,
0,308,55,
0,308,56,7.25892362
0,308,57,20.64963244
0,308,58,20.43722188
0,308,59,
0,309,2,
0,309,4,
0,309,5,
0,309,6,18.96631105
0,309,7,18.212964
0,309,8,
0,309,9,16.62399119
0,309,11,
0,309,12,
0,309,13,
0,309,14,
0,309,16,22.52535677
0,309,18,
0,309,19,
0,309,22,
0,309,24,
0,309,26,6.34816023
0,309,27,17.78293457
0,309,29,
0,309,31,
0,309,33,20.83742684
0,309,34,12.19220776
0,309,35,7.12911507
0,309,36,
0,309,37,
0,309,39,
0,309,40,9.08780896
0,309,41,21.33146494
0,309,42,
0,309,43,
0,309,44,19.79853419
0,309,45,13.06757305
0,309,46,17.72553239
0,309,47,
0,309,48,
0,309,49,13.7731955
0,309,50,14.48973975
0,309,53,
0,309,54,
0,309,55,
0,309,57,20.13693807
0,309,58,21.04354827
0,309,59,
0,309,60,17.89689392
0,310,2,
0,310,4,
0,310,5,
0,310,6,18.69595538
0,310,7,19.19600081
0,310,8,
0,310,9,16.17144292
0,310,11,
0,310,12,
0,310,13,
0,310,14,
0,310,16,22.1899304
0,310,18,
0,310,19,
0,310,20,10.35700289
0,310,21,15.66273401
0,310,22,
0,310,24,
0,310,25,6.64299166
0,310,26,15.62636439
0,310,27,17.81020525
0,310,28,7.24620332
0,310,29,
0,310,31,
0,310,32,16.82477576
0,310,33,19.41503344
0,310,34,12.30613817
0,310,36,
0,310,37,
0,310,39,
0,310,41,19.51034587
0,310,42,
0,310,43,
0,310,44,18.60975502
0,310,45,11.77026295
0,310,46,17.40741275
0,310,47,
0,310,48,
0,310,49,16.75153854
0,310,51,14.28310613
0,310,53,
0,310,54,
0,310,55,
0,310,57,20.07671107
0,310,58,20.2729514
0,310,59,
0,311,2,
0,311,4,
0,311,5,
0,311,6,18.5425649
0,311,7,19.35101338
0,311,8,
0,311,11,
0,311,12,
0,311,13,
0,311,14,
0,311,16,22.64725665
0,311,18,
0,311,19,
0,311,22,
0,311,24,
0,311,25,6.27090313
0,311,26,14.8267156
0,311,27,20.66979718
0,311,29,
0,311,31,
0,311,33,18.3459789
0,311,34,15.14158372
0,311,35,5.60535319
0,311,36,
0,311,37,
0,311,39,
0,311,41,20.52999458
0,311,42,
0,311,43,
0,311,44,19.3994511
0,311,45,13.23635245
0,311,46,17.54631227
0,311,47,
0,311,48,
0,311,51,13.84013206
0,311,52,5.18028986
0,311,53,
0,311,54,
0,311,55,
0,311,57,21.76866373
0,311,58,19.76563168
0,311,59,
0,312,2,
0,312,4,
0,312,5,
0,312,6,17.91372317
0,312,7,19.72365985
0,312,8,
0,312,10,19.25197595
0,312,11,
0,312,12,
0,312,13,
0,312,14,
0,312,16,22.69372691
0,312,18,
0,312,19,
0,312,22,
0,312,24,
0,312,26,15.74474973
0,312,27,19.59510273
0,312,28,13.66778915
0,312,29,
0,312,31,
0,312,33,20.68683842
0,312,34,14.05012883
0,312,35,6.02210163
0,312,36,
0,312,37,
0,312,39,
0,312,40,11.98212999
0,312,41,19.67051488
0,312,42,
0,312,43,
0,312,44,20.47249336
0,312,45,13.29047281
0,312,46,17.21809169
0,312,47,
0,312,48,
0,312,52,4.71699809
0,312,53,
0,312,54,
0,312,55,
0,312,57,21.36567508
0,312,58,20.46996766
0,312,59,
0,313,2,
0,313,4,
0,313,5,
0,313,6,15.53283314
0,313,7,19.27238484
0,313,8,
0,313,11,
0,313,12,
0,313,13,
0,313,14,
0,313,16,22.75112299
0,313,18,
0,313,19,
0,313,22,
0,313,24,
0,313,26,15.97245412
0,313,27,19.28595852
0,313,28,6.12461545
0,313,29,
0,313,31,
0,313,32,17.06028158
0,313,33,18.5181354
0,313,34,14.5518855
0,313,35,6.05550575
0,313,36,
0,313,37,
0,313,39,
0,313,40,11.95625222
0,313,41,17.51466517
0,313,42,
0,313,43,
0,313,44,20.10839641
0,313,45,13.12879197
0,313,46,17.21122845
0,313,47,
0,313,48,
0,313,51,10.19535236
0,313,52,3.65174097
0,313,53,
0,313,54,
0,313,55,
0,313,57,20.81138655
0,313,58,19.84622621
0,313,59,
0,314,2,
0,314,4,
0,314,5,
0,314,6,16.62733364
0,314,7,19.09628494
0,314,8,
0,314,9,14.70087483
0,314,11,
0,314,12,
0,314,13,
0,314,14,
0,314,16,21.49359545
0,314,18,
0,314,19,
0,314,22,
0,314,24,
0,314,27,18.17150284
0,314,29,
0,314,31,
0,314,32,15.38023129
0,314,33,19.46907837
0,314,34,12.75510651
0,314,35,4.63504414
0,314,36,
0,314,37,
0,314,39,
0,314,40,10.99387695
0,314,41,21.38587028
0,314,42,
0,314,43,
0,314,44,19.88019009
0,314,45,12.5907567
0,314,46,17.47416761
0,314,47,
0,314,48,
0,314,53,
0,314,54,
0,314,55,
0,314,56,11.03836238
0,314,57,20.01953651
0,314,58,20.18315528
0,314,59,
0,315,2,
0,315,4,
0,315,5,
0,315,7,19.28272321
0,315,8,
0,315,10,11.76024555
0,315,11,
0,315,12,
0,315,13,
0,315,14,
0,315,16,21.01250881
0,315,18,
0,315,19,
0,315,22,
0,315,24,
0,315,27,18.82658042
0,315,29,
0,315,31,
0,315,33,16.79493426
0,315,34,13.33608688
0,315,35,10.49040982
0,315,36,
0,315,37,
0,315,39,
0,315,41,18.84145666
0,315,42,
0,315,43,
0,315,44,16.45918662
0,315,45,13.06787164
0,315,46,17.07657563
0,315,47,
0,315,48,
0,315,52,4.23045322
0,315,53,
0,315,54,
0,315,55,
0,315,57,20.40999201
0,315,58,20.90390781
0,315,59,
0,316,2,
0,316,4,
0,316,5,
0,316,6,17.8093584
0,316,7,19.92154732
0,316,8,
0,316,10,15.89399642
0,316,11,
0,316,12,
0,316,13,
0,316,14,
0,316,16,22.87188718
0,316,18,
0,316,19,
0,316,21,14.79221636
0,316,22,
0,316,24,
0,316,25,7.32535845
0,316,26,14.27541373
0,316,27,19.27087976
0,316,29,
0,316,31,
0,316,32,16.64166527
0,316,33,20.26496526
0,316,34,13.3290099
0,316,35,3.26485248
0,316,36,
0,316,37,
0,316,39,
0,316,40,9.3539483
0,316,41,19.93395047
0,316,42,
0,316,43,
0,316,44,19.97346871
0,316,45,13.22465427
0,316,46,16.33204929
0,316,47,
0,316,48,
0,316,51,11.36205262
0,316,52,2.74107571
0,316,53,
0,316,54,
0,316,55,
0,316,56,10.11953113
0,316,57,20.79009783
0,316,58,20.10952366
0,316,59,
0,317,2,
0,317,4,
0,317,5,
0,317,6,16.52990235
0,317,7,18.90668813
0,317,8,
0,317,11,
0,317,12,
0,317,13,
0,317,14,
0,317,16,22.96438332
0,317,18,
0,317,19,
0,317,22,
0,317,24,
0,317,25,6.80802231
0,317,26,17.35320788
0,317,27,18.05862762
0,317,28,7.71314371
0,317,29,
0,317,31,
0,317,32,16.39550494
0,317,33,18.95157826
0,317,34,11.72560812
0,317,35,5.20370676
0,317,36,
0,317,37,
0,317,39,
0,317,41,20.26722926
0,317,42,
0,317,43,
0,317,44,20.29656403
0,317,45,13.32946209
0,317,46,17.02828912
0,317,47,
0,317,48,
0,317,51,10.66427439
0,317,53,
0,317,54,
0,317,55,
0,317,56,7.69075712
0,317,57,20.64271902
0,317,58,21.41140091
0,317,59,
0,318,2,
0,318,4,
0,318,5,
0,318,6,17.64456084
0,318,7,20.22539048
0,318,8,
0,318,11,
0,318,12,
0,318,13,
0,318,14,
0,318,16,22.75585469
0,318,18,
0,318,19,
0,318,20,6.24625977
0,318,21,15.1848898
0,318,22,
0,318,24,
0,318,26,14.68086341
0,318,27,18.77626135
0,318,29,
0,318,31,
0,318,32,18.09017561
0,318,33,19.70335222
0,318,34,11.12300577
0,318,35,8.26569129
0,318,36,
0,318,37,
0,318,39,
0,318,40,6.51727188
0,318,41,21.28993735
0,318,42,
0,318,43,
0,318,44,19.51034948
0,318,45,12.0690458
0,318,46,17.46261296
0,318,47,
0,318,48,
0,318,53,
0,318,54,
0,318,55,
0,318,57,20.59555481
0,318,58,20.73124401
0,318,59,
0,319,2,
0,319,4,
0,319,5,
0,319,6,15.98359833
0,319,7,19.83201633
0,319,8,
0,319,11,
0,319,12,
0,319,13,
0,319,14,
0,319,16,22.03780747
0,319,18,
0,319,19,
0,319,20,12.73943882
0,319,22,
0,319,24,
0,319,27,18.7454412
0,319,29,
0,319,31,
0,319,33,18.77453712
0,319,34,13.06441301
0,319,36,
0,319,37,
0,319,39,
0,319,40,5.60238157
0,319,41,19.75294779
0,319,42,
0,319,43,
0,319,44,20.16517853
0,319,45,13.2342964
0,319,46,15.66870558
0,319,47,
0,319,48,
0,319,52,3.73156086
0,319,53,
0,319,54,
0,319,55,
0,319,57,20.73805
0,319,58,20.86118177
0,319,59,
0,320,2,
0,320,4,
0,320,5,
0,320,6,18.0501345
0,320,7,19.89371681
0,320,8,
0,320,11,
0,320,12,
0,320,13,
0,320,14,
0,320,16,22.99394813
0,320,18,
0,320,19,
0,320,20,14.93832845
0,320,22,
0,320,24,
0,320,26,13.923787
0,320,27,19.05720545
0,320,28,9.70183491
0,320,29,
0,320,31,
0,320,32,13.93534921
0,320,33,19.45300751
0,320,34,15.59461346
0,320,35,10.40007702
0,320,36,
0,320,37,
0,320,39,
0,320,40,4.25338787
0,320,41,17.4055373
0,320,42,
0,320,43,
0,320,44,19.38984099
0,320,45,10.39106465
0,320,46,18.71931808
0,320,47,
0,320,48,
0,320,51,14.80065585
0,320,53,
0,320,54,
0,320,55,
0,320,57,20.65043787
0,320,58,19.64860983
0,320,59,
0,321,2,
0,321,4,
0,321,5,
0,321,6,16.256833
0,321,7,19.48290737
0,321,8,
0,321,11,
0,321,12,
0,321,13,
0,321,14,
0,321,16,23.24321038
0,321,18,
0,321,19,
0,321,20,14.12841765
0,321,22,
0,321,24,
0,321,26,13.84340444
0,321,27,19.59902691
0,321,28,13.00663039
0,321,29,
0,321,31,
0,321,32,14.88462416
0,321,33,20.22001088
0,321,34,15.65618791
0,321,36,
0,321,37,
0,321,39,
0,321,41,17.89289365
0,321,42,
0,321,43,
0,321,44,19.5628884
0,321,45,10.59029598
0,321,46,18.39241757
0,321,47,
0,321,48,
0,321,51,12.65972014
0,321,53,
0,321,54,
0,321,55,
0,321,57,21.41048317
0,321,58,18.4005636
0,321,59,
0,322,2,
0,322,4,
0,322,5,
0,322,6,18.23220512
0,322,7,20.0087066
0,322,8,
0,322,10,15.19845855
0,322,11,
0,322,12,
0,322,13,
0,322,14,
0,322,16,23.68529929
0,322,18,
0,322,19,
0,322,21,14.2220918
0,322,22,
0,322,24,
0,322,26,13.63383788
0,322,27,19.83364858
0,322,28,11.31904728
0,322,29,
0,322,31,
0,322,32,16.22284083
0,322,33,20.36785624
0,322,34,16.55619092
0,322,35,4.80055
0,322,36,
0,322,37,
0,322,39,
0,322,41,17.12927299
0,322,42,
0,322,43,
0,322,44,20.19096814
0,322,45,11.32063825
0,322,46,18.34269898
0,322,47,
0,322,48,
0,322,51,13.37896142
0,322,52,5.78604742
0,322,53,
0,322,54,
0,322,55,
0,322,56,5.44380169
0,322,57,20.81528789
0,322,58,19.92284134
0,322,59,
0,323,2,
0,323,4,
0,323,5,
0,323,6,18.13070936
0,323,7,18.9217795
0,323,8,
0,323,11,
0,323,12,
0,323,13,
0,323,14,
0,323,16,23.5918683
0,323,18,
0,323,19,
0,323,20,9.08422177
0,323,21,15.60554565
0,323,22,
0,323,24,
0,323,26,15.60463627
0,323,27,17.65709825
0,323,28,13.24875261
0,323,29,
0,323,31,
0,323,32,15.53494615
0,323,33,19.5000255
0,323,34,16.46765194
0,323,36,
0,323,37,
0,323,39,
0,323,40,9.95305066
0,323,41,19.00298366
0,323,42,
0,323,43,
0,323,44,19.3461238
0,323,45,8.35847509
0,323,46,17.57607616
0,323,47,
0,323,48,
0,323,52,4.27099205
0,323,53,
0,323,54,
0,323,55,
0,323,56,11.00840182
0,323,57,21.26458093
0,323,58,18.9567042
0,323,59,
0,324,2,
0,324,4,
0,324,5,
0,324,6,14.78735059
0,324,7,19.21556917
0,324,8,
0,324,10,17.21520978
0,324,11,
0,324,12,
0,324,13,
0,324,14,
0,324,16,23.47304643
0,324,18,
0,324,19,
0,324,22,
0,324,24,
0,324,27,18.85964737
0,324,29,
0,324,31,
0,324,32,16.74740755
0,324,33,19.34700915
0,324,34,15.90926992
0,324,35,7.827934
0,324,36,
0,324,37,
0,324,39,
0,324,41,16.23765497
0,324,42,
0,324,43,
0,324,44,19.48665788
0,324,45,11.53642602
0,324,46,16.81733258
0,324,47,
0,324,48,
0,324,53,
0,324,54,
0,324,55,
0,324,56,9.06440509
0,324,57,21.23401824
0,324,58,20.53002794
0,324,59,
0,325,2,
0,325,4,
0,325,5,
0,325,6,17.73070133
0,325,7,19.08873934
0,325,8,
0,325,11,
0,325,12,
0,325,13,
0,325,14,
0,325,16,23.62580113
0,325,18,
0,325,19,
0,325,20,15.12750367
0,325,21,14.92125312
0,325,22,
0,325,24,
0,325,27,19.27398107
0,325,28,4.85318693
0,325,29,
0,325,31,
0,325,32,16.36675666
0,325,33,22.24156308
0,325,34,16.58054385
0,325,35,6.69146197
0,325,36,
0,325,37,
0,325,39,
0,325,40,13.24409122
0,325,41,19.62026148
0,325,42,
0,325,43,
0,325,44,20.3829123
0,325,45,12.24528871
0,325,46,17.7840775
0,325,47,
0,325,48,
0,325,53,
0,325,54,
0,325,55,
0,325,57,21.40758717
0,325,58,20.16599809
0,325,59,
0,326,2,
0,326,4,
0,326,5,
0,326,6,16.23972758
0,326,7,19.40851929
0,326,8,
0,326,10,18.28141505
0,326,11,
0,326,12,
0,326,13,
0,326,14,
0,326,16,23.39949247
0,326,17,15.10883163
0,326,18,
0,326,19,
0,326,22,
0,326,24,
0,326,26,15.4636712
0,326,27,19.12819379
0,326,28,12.90295964
0,326,29,
0,326,31,
0,326,32,16.11883648
0,326,33,20.202517
0,326,34,15.65190864
0,326,35,8.34696626
0,326,36,
0,326,37,
0,326,39,
0,326,41,19.77657058
0,326,42,
0,326,43,
0,326,44,18.29678177
0,326,45,10.41482386
0,326,46,18.67725865
0,326,47,
0,326,48,
0,326,51,15.35136651
0,326,53,
0,326,54,
0,326,55,
0,326,57,20.57413903
0,326,58,20.67757779
0,326,59,
0,326,60,16.26994647
0,327,2,
0,327,4,
0,327,5,
0,327,6,17.08885066
0,327,7,19.63179306
0,327,8,
0,327,10,17.04546079
0,327,11,
0,327,12,
0,327,13,
0,327,14,
0,327,16,23.26344495
0,327,18,
0,327,19,
0,327,22,
0,327,24,
0,327,25,8.69919288
0,327,26,14.08113047
0,327,27,19.22526854
0,327,28,9.12566347
0,327,29,
0,327,31,
0,327,32,15.81701324
0,327,33,19.31217787
0,327,34,14.38861116
0,327,35,9.13415405
0,327,36,
0,327,37,
0,327,39,
0,327,41,20.46955421
0,327,42,
0,327,43,
0,327,44,19.20114277
0,327,45,8.76386441
0,327,46,17.00480315
0,327,47,
0,327,48,
0,327,51,14.25979992
0,327,52,4.63006122
0,327,53,
0,327,54,
0,327,55,
0,327,57,20.64581294
0,327,58,19.9811454
0,327,59,
0,328,2,
0,328,4,
0,328,5,
0,328,6,17.49597328
0,328,7,18.20445514
0,328,8,
0,328,11,
0,328,12,
0,328,13,
0,328,14,
0,328,16,23.00953636
0,328,18,
0,328,19,
0,328,21,14.41391029
0,328,22,
0,328,24,
0,328,26,14.51088209
0,328,27,18.88302579
0,328,28,11.07930804
0,328,29,
0,328,31,
0,328,33,20.45573948
0,328,34,15.74813469
0,328,36,
0,328,37,
0,328,39,
0,328,41,19.17400152
0,328,42,
0,328,43,
0,328,44,20.06285953
0,328,45,8.83828483
0,328,46,18.62373729
0,328,47,
0,328,48,
0,328,51,14.59843184
0,328,53,
0,328,54,
0,328,55,
0,328,56,7.29447502
0,328,57,20.77914035
0,328,58,19.07071566
0,328,59,
0,329,2,
0,329,3,6.52148135
0,329,4,
0,329,5,
0,329,6,16.24826188
0,329,7,20.38663387
0,329,8,
0,329,11,
0,329,12,
0,329,13,
0,329,14,
0,329,16,23.80425863
0,329,18,
0,329,19,
0,329,20,12.62221236
0,329,21,15.76708361
0,329,22,
0,329,24,
0,329,26,13.04540596
0,329,27,19.86038008
0,329,28,11.25112239
0,329,29,
0,329,31,
0,329,32,17.11569182
0,329,33,20.55847724
0,329,34,17.0638093
0,329,35,7.85358813
0,329,36,
0,329,37,
0,329,39,
0,329,40,9.23060026
0,329,41,19.60863001
0,329,42,
0,329,43,
0,329,44,19.20435202
0,329,45,10.30108125
0,329,46,17.2835989
0,329,47,
0,329,48,
0,329,51,15.40750582
0,329,52,5.504291
0,329,53,
0,329,54,
0,329,55,
0,329,57,20.48153373
0,329,58,20.83183908
0,329,59,
0,330,2,
0,330,4,
0,330,5,
0,330,6,18.09137856
0,330,7,19.39578487
0,330,8,
0,330,11,
0,330,12,
0,330,13,
0,330,14,
0,330,16,23.7212368
0,330,18,
0,330,19,
0,330,20,14.26398887
0,330,22,
0,330,24,
0,330,26,16.15671487
0,330,27,20.33674091
0,330,28,11.48614802
0,330,29,
0,330,31,
0,330,32,16.33290236
0,330,33,21.72123828
0,330,34,17.04402346
0,330,36,
0,330,37,
0,330,39,
0,330,41,15.96537041
0,330,42,
0,330,43,
0,330,44,21.61863703
0,330,45,10.57781392
0,330,46,18.67013633
0,330,47,
0,330,48,
0,330,51,13.6900064
0,330,52,2.78240128
0,330,53,
0,330,54,
0,330,55,
0,330,57,21.76483155
0,330,58,20.31425709
0,330,59,
0,331,2,
0,331,4,
0,331,5,
0,331,6,17.36024688
0,331,7,20.77381678
0,331,8,
0,331,10,19.00905997
0,331,11,
0,331,12,
0,331,13,
0,331,14,
0,331,16,23.25658076
0,331,18,
0,331,19,
0,331,20,15.6566332
0,331,22,
0,331,24,
0,331,25,6.44352546
0,331,26,14.53413943
0,331,27,20.24704293
0,331,28,10.38016973
0,331,29,
0,331,31,
0,331,32,18.0056349
0,331,33,20.71356766
0,331,34,16.31848518
0,331,35,7.69904268
0,331,36,
0,331,37,
0,331,38,9.59121254
0,331,39,
0,331,40,7.62595447
0,331,41,20.25960284
0,331,42,
0,331,43,
0,331,44,18.50869551
0,331,45,11.37438486
0,331,46,17.83788879
0,331,47,
0,331,48,
0,331,51,7.40584156
0,331,52,6.29328991
0,331,53,
0,331,54,
0,331,55,
0,331,56,10.23621227
0,331,57,21.22806714
0,331,58,21.0536661
0,331,59,
0,331,60,14.53204097
0,332,2,
0,332,4,
0,332,5,
0,332,6,14.99698826
0,332,7,19.34656059
0,332,8,
0,332,10,17.68994901
0,332,11,
0,332,12,
0,332,13,
0,332,14,
0,332,16,23.85800074
0,332,18,
0,332,19,
0,332,20,10.51520745
0,332,22,
0,332,24,
0,332,26,14.88637654
0,332,27,19.90287009
0,332,28,12.29919459
0,332,29,
0,332,31,
0,332,32,15.78573103
0,332,33,20.61618042
0,332,34,16.67260867
0,332,35,6.13535262
0,332,36,
0,332,37,
0,332,39,
0,332,40,10.42652426
0,332,41,19.0775448
0,332,42,
0,332,43,
0,332,44,20.86863608
0,332,45,10.62995526
0,332,46,17.99399655
0,332,47,
0,332,48,
0,332,51,13.44264614
0,332,52,5.02945093
0,332,53,
0,332,54,
0,332,55,
0,332,56,9.86826089
0,332,57,21.06199433
0,332,58,19.95565044
0,332,59,
0,332,60,15.85514366
0,333,2,
0,333,4,
0,333,5,
0,333,7,20.21939025
0,333,8,
0,333,9,16.07576645
0,333,10,18.52938484
0,333,11,
0,333,12,
0,333,13,
0,333,14,
0,333,16,23.18480867
0,333,18,
0,333,19,
0,333,20,15.3913649
0,333,21,11.33019512
0,333,22,
0,333,24,
0,333,25,8.34232692
0,333,26,15.05371394
0,333,27,18.08586565
0,333,28,13.15015404
0,333,29,
0,333,31,
0,333,32,15.08412825
0,333,33,20.31538804
0,333,34,15.96677686
0,333,36,
0,333,37,
0,333,39,
0,333,41,20.32028683
0,333,42,
0,333,43,
0,333,44,21.30017538
0,333,45,12.2030274
0,333,46,18.06531919
0,333,47,
0,333,48,
0,333,51,13.17283964
0,333,53,
0,333,54,
0,333,55,
0,333,56,8.44798107
0,333,57,20.37355208
0,333,58,20.88817599
0,333,59,
0,333,60,15.2895106
0,334,2,
0,334,4,
0,334,5,
0,334,6,17.27603748
0,334,7,19.22680471
0,334,8,
0,334,10,16.48552411
0,334,11,
0,334,12,
0,334,13,
0,334,14,
0,334,16,23.09224181
0,334,18,
0,334,19,
0,334,21,16.8945027
0,334,22,
0,334,24,
0,334,26,16.15592636
0,334,27,19.20575851
0,334,29,
0,334,31,
0,334,32,10.33379821
0,334,33,19.80867261
0,334,34,15.54681718
0,334,36,
0,334,37,
0,334,39,
0,334,40,6.45425418
0,334,41,19.28921463
0,334,42,
0,334,43,
0,334,44,19.53813497
0,334,45,11.03321376
0,334,46,17.16037545
0,334,47,
0,334,48,
0,334,53,
0,334,54,
0,334,55,
0,334,56,8.00535869
0,334,57,20.79572061
0,334,58,20.48761553
0,334,59,
0,335,2,
0,335,4,
0,335,5,
0,335,6,15.91492976
0,335,7,18.90068117
0,335,8,
0,335,10,20.57541279
0,335,11,
0,335,12,
0,335,13,
0,335,14,
0,335,16,23.77406763
0,335,18,
0,335,19,
0,335,20,16.43858667
0,335,21,9.81298727
0,335,22,
0,335,24,
0,335,26,14.26676277
0,335,27,19.00236089
0,335,28,6.12039726
0,335,29,
0,335,31,
0,335,33,19.34229316
0,335,34,16.73066243
0,335,35,7.16869939
0,335,36,
0,335,37,
0,335,39,
0,335,40,9.32161383
0,335,41,19.40850193
0,335,42,
0,335,43,
0,335,44,19.86275922
0,335,45,10.41557867
0,335,46,17.3783038
0,335,47,
0,335,48,
0,335,50,15.87491432
0,335,52,4.43633582
0,335,53,
0,335,54,
0,335,55,
0,335,56,10.85432889
0,335,57,21.5271939
0,335,58,20.15615513
0,335,59,
0,335,60,10.77083684
0,336,2,
0,336,4,
0,336,5,
0,336,6,14.41548714
0,336,7,19.91330484
0,336,8,
0,336,10,18.48109776
0,336,11,
0,336,12,
0,336,13,
0,336,14,
0,336,16,23.53220833
0,336,18,
0,336,19,
0,336,22,
0,336,24,
0,336,26,14.10059023
0,336,27,18.38758003
0,336,28,13.80687545
0,336,29,
0,336,31,
0,336,32,16.64135062
0,336,33,20.14399533
0,336,34,15.38303693
0,336,36,
0,336,37,
0,336,39,
0,336,40,8.97157907
0,336,41,19.01083625
0,336,42,
0,336,43,
0,336,44,20.83991509
0,336,45,9.6034625
0,336,46,17.29538357
0,336,47,
0,336,48,
0,336,51,14.24780207
0,336,52,5.23738465
0,336,53,
0,336,54,
0,336,55,
0,336,56,9.08286054
0,336,57,20.34310834
0,336,58,19.12027834
0,336,59,
0,337,2,
0,337,4,
0,337,5,
0,337,6,17.52166182
0,337,7,19.43364887
0,337,8,
0,337,10,19.14805277
0,337,11,
0,337,12,
0,337,13,
0,337,14,
0,337,16,23.13047285
0,337,18,
0,337,19,
0,337,22,
0,337,24,
0,337,25,6.03916967
0,337,26,16.55027617
0,337,27,18.86748887
0,337,28,10.16745036
0,337,29,
0,337,31,
0,337,33,20.66362256
0,337,34,15.62329986
0,337,35,7.7760969
0,337,36,
0,337,37,
0,337,39,
0,337,40,6.7533958
0,337,41,19.32317463
0,337,42,
0,337,43,
0,337,44,19.3644883
0,337,45,11.06217264
0,337,46,17.16872483
0,337,47,
0,337,48,
0,337,51,13.02033352
0,337,52,2.33451833
0,337,53,
0,337,54,
0,337,55,
0,337,56,7.92118077
0,337,57,20.43868757
0,337,58,19.28161392
0,337,59,
0,338,2,
0,338,4,
0,338,5,
0,338,6,17.17823773
0,338,7,18.83632547
0,338,8,
0,338,10,18.60698195
0,338,11,
0,338,12,
0,338,13,
0,338,14,
0,338,16,23.0197898
0,338,18,
0,338,19,
0,338,22,
0,338,24,
0,338,27,19.15024752
0,338,29,
0,338,31,
0,338,32,16.8284222
0,338,33,20.4961018
0,338,34,16.69870337
0,338,35,8.61644666
0,338,36,
0,338,37,
0,338,39,
0,338,40,9.59154359
0,338,41,18.7643107
0,338,42,
0,338,43,
0,338,44,19.57239258
0,338,45,12.64054201
0,338,46,18.50848266
0,338,47,
0,338,48,
0,338,51,13.3387969
0,338,52,6.91948513
0,338,53,
0,338,54,
0,338,55,
0,338,56,9.22830621
0,338,57,20.34365711
0,338,58,18.99356285
0,338,59,
0,339,2,
0,339,4,
0,339,5,
0,339,6,16.2080521
0,339,7,20.66174061
0,339,8,
0,339,10,16.32156023
0,339,11,
0,339,12,
0,339,13,
0,339,14,
0,339,16,23.93478907
0,339,18,
0,339,19,
0,339,20,16.16325015
0,339,22,
0,339,24,
0,339,25,3.74938781
0,339,26,13.689997
0,339,27,19.57183464
0,339,28,8.2778363
0,339,29,
0,339,31,
0,339,32,17.3925963
0,339,33,19.41368128
0,339,34,16.00797176
0,339,35,7.06008198
0,339,36,
0,339,37,
0,339,39,
0,339,40,11.79127887
0,339,41,20.75212655
0,339,42,
0,339,43,
0,339,44,19.88326872
0,339,45,12.53425032
0,339,46,17.14135625
0,339,47,
0,339,48,
0,339,51,14.10912091
0,339,53,
0,339,54,
0,339,55,
0,339,56,12.24839208
0,339,57,20.6323098
0,339,58,20.31202299
0,339,59,
0,339,60,12.08087994
0,340,2,
0,340,4,
0,340,5,
0,340,6,16.47478633
0,340,7,18.89516485
0,340,8,
0,340,10,14.217271
0,340,11,
0,340,12,
0,340,13,
0,340,14,
0,340,16,23.07745778
0,340,18,
0,340,19,
0,340,22,
0,340,24,
0,340,27,18.89933402
0,340,28,12.42028647
0,340,29,
0,340,30,15.27678858
0,340,31,
0,340,32,15.05449767
0,340,33,20.85793558
0,340,34,15.43759729
0,340,35,7.8001349
0,340,36,
0,340,37,
0,340,39,
0,340,41,17.51020528
0,340,42,
0,340,43,
0,340,44,19.79346949
0,340,45,10.48484626
0,340,46,18.20419138
0,340,47,
0,340,48,
0,340,52,2.11023247
0,340,53,
0,340,54,
0,340,55,
0,340,56,7.76260138
0,340,57,20.38318673
0,340,58,19.19324665
0,340,59,
0,340,60,12.97023763
0,341,2,
0,341,4,
0,341,5,
0,341,6,16.96635995
0,341,7,19.85032864
0,341,8,
0,341,10,19.14880438
0,341,11,
0,341,12,
0,341,13,
0,341,14,
0,341,16,22.68836761
0,341,18,
0,341,19,
0,341,22,
0,341,24,
0,341,26,11.29876459
0,341,27,17.85445785
0,341,28,7.69399397
0,341,29,
0,341,31,
0,341,33,21.19608056
0,341,34,15.06302097
0,341,35,9.25106669
0,341,36,
0,341,37,
0,341,39,
0,341,40,8.79661093
0,341,41,20.59691921
0,341,42,
0,341,43,
0,341,44,18.70182472
0,341,45,11.70666734
0,341,46,17.64497374
0,341,47,
0,341,48,
0,341,51,14.64555942
0,341,53,
0,341,54,
0,341,55,
0,341,56,7.01362939
0,341,57,21.26517467
0,341,58,20.89943164
0,341,59,
0,341,60,15.88026752
0,342,2,
0,342,4,
0,342,5,
0,342,6,17.82370766
0,342,7,19.20336307
0,342,8,
0,342,9,15.8027151
0,342,10,13.78612013
0,342,11,
0,342,12,
0,342,13,
0,342,14,
0,342,16,22.767937
0,342,18,
0,342,19,
0,342,22,
0,342,24,
0,342,26,14.70301525
0,342,27,19.41399892
0,342,28,9.31564335
0,342,29,
0,342,31,
0,342,32,15.77447902
0,342,33,20.17211229
0,342,34,16.1720159
0,342,35,4.49665184
0,342,36,
0,342,37,
0,342,39,
0,342,41,19.84845839
0,342,42,
0,342,43,
0,342,44,19.14503812
0,342,45,12.15776287
0,342,46,17.85722708
0,342,47,
0,342,48,
0,342,52,6.41889004
0,342,53,
0,342,54,
0,342,55,
0,342,57,20.7790867
0,342,58,19.43083035
0,342,59,
0,343,2,
0,343,4,
0,343,5,
0,343,7,19.63140306
0,343,8,
0,343,10,18.49008823
0,343,11,
0,343,12,
0,343,13,
0,343,14,
0,343,16,22.88524861
0,343,18,
0,343,19,
0,343,22,
0,343,24,
0,343,26,13.78126092
0,343,27,18.26582403
0,343,29,
0,343,30,5.4530468
0,343,31,
0,343,32,14.74945581
0,343,33,21.03206873
0,343,34,15.63700891
0,343,35,4.73364297
0,343,36,
0,343,37,
0,343,39,
0,343,41,18.69279901
0,343,42,
0,343,43,
0,343,44,18.01576633
0,343,45,10.52017751
0,343,46,18.2774058
0,343,47,
0,343,48,
0,343,51,14.7025527
0,343,53,
0,343,54,
0,343,55,
0,343,57,21.02267992
0,343,58,19.88600517
0,343,59,
1,120,61,1.0
1,120,62,
1,120,63,1.0
1,120,65,
1,120,66,
1,120,68,
1,120,69,
1,120,70,1.0
1,120,72,1.0
1,120,73,1.0
1,120,74,
1,120,75,
1,120,76,
1,120,78,1.0
1,120,79,
1,120,80,
1,120,81,1.0
1,120,82,
1,120,83,1.0
1,120,84,
1,120,85,
1,120,87,
1,120,89,
1,120,90,1.0
1,120,91,
1,120,92,
1,120,93,
1,120,94,
1,120,95,1.0
1,120,96,1.0
1,120,97,
1,120,98,1.0
1,120,99,
1,120,100,
1,120,102,1.0
1,120,103,
1,120,104,
1,120,105,
1,120,106,1.0
1,120,108,
1,120,109,1.0
1,120,110,
1,120,111,
1,120,113,1.0
1,120,115,
1,120,116,
1,120,117,
1,120,119,
1,121,61,1.0
1,121,62,
1,121,63,1.0
1,121,65,
1,121,66,
1,121,67,1.0
1,121,68,
1,121,69,
1,121,72,1.0
1,121,74,
1,121,75,
1,121,76,
1,121,78,1.0
1,121,79,
1,121,80,
1,121,81,1.0
1,121,82,
1,121,83,1.0
1,121,84,
1,121,85,
1,121,87,
1,121,89,
1,121,90,1.0
1,121,91,
1,121,92,
1,121,93,
1,121,94,
1,121,95,1.0
1,121,96,1.0
1,121,97,
1,121,99,
1,121,100,
1,121,102,1.0
1,121,103,
1,121,104,
1,121,105,
1,121,108,
1,121,109,1.0
1,121,110,
1,121,111,
1,121,115,
1,121,116,
1,121,117,
1,121,118,1.0
1,121,119,
1,122,61,1.0
1,122,62,
1,122,63,1.0
1,122,65,
1,122,66,
1,122,68,
1,122,69,
1,122,72,1.0
1,122,74,
1,122,75,
1,122,76,
1,122,78,1.0
1,122,79,
1,122,80,
1,122,81,1.0
1,122,82,
1,122,83,1.0
1,122,84,
1,122,85,
1,122,87,
1,122,89,
1,122,90,1.0
1,122,91,
1,122,92,
1,122,93,
1,122,94,
1,122,95,1.0
1,122,96,1.0
1,122,97,
1,122,99,
1,122,100,
1,122,102,1.0
1,122,103,
1,122,104,
1,122,105,
1,122,108,
1,122,109,1.0
1,122,110,
1,122,111,
1,122,115,
1,122,116,
1,122,117,
1,122,119,
1,123,61,1.0
1,123,62,
1,123,63,1.0
1,123,65,
1,123,66,
1,123,68,
1,123,69,
1,123,70,1.0
1,123,72,1.0
1,123,74,
1,123,75,
1,123,76,
1,123,78,1.0
1,123,79,
1,123,80,
1,123,81,1.0
1,123,82,
1,123,83,1.0
1,123,84,
1,123,85,
1,123,87,
1,123,89,
1,123,90,1.0
1,123,91,
1,123,92,
1,123,93,
1,123,94,
1,123,95,1.0
1,123,96,1.0
1,123,97,
1,123,99,
1,123,100,
1,123,102,1.0
1,123,103,
1,123,104,
1,123,105,
1,123,106,1.0
1,123,108,
1,123,109,1.0
1,123,110,
1,123,111,
1,123,115,
1,123,116,
1,123,117,
1,123,119,
1,124,61,1.0
1,124,62,
1,124,63,1.0
1,124,65,
1,124,66,
1,124,68,
1,124,69,
1,124,72,1.0
1,124,73,1.0
1,124,74,
1,124,75,
1,124,76,
1,124,78,1.0
1,124,79,
1,124,80,
1,124,81,1.0
1,124,82,
1,124,83,1.0
1,124,84,
1,124,85,
1,124,87,
1,124,89,
1,124,90,1.0
1,124,91,
1,124,92,
1,124,93,
1,124,94,
1,124,95,1.0
1,124,96,1.0
1,124,97,
1,124,99,
1,124,100,
1,124,102,1.0
1,124,103,
1,124,104,
1,124,105,
1,124,108,
1,124,109,1.0
1,124,110,
1,124,111,
1,124,115,
1,124,116,
1,124,117,
1,124,119,
1,125,61,1.0
1,125,62,
1,125,63,1.0
1,125,65,
1,125,66,
1,125,68,
1,125,69,
1,125,72,1.0
1,125,73,1.0
1,125,74,
1,125,75,
1,125,76,
1,125,78,1.0
1,125,79,
1,125,80,
1,125,81,1.0
1,125,82,
1,125,83,1.0
1,125,84,
1,125,85,
1,125,87,
1,125,89,
1,125,90,1.0
1,125,91,
1,125,92,
1,125,93,
1,125,94,
1,125,95,1.0
1,125,96,1.0
1,125,97,
1,125,99,
1,125,100,
1,125,102,1.0
1,125,103,
1,125,104,
1,125,105,
1,125,108,
1,125,109,1.0
1,125,110,
1,125,111,
1,125,115,
1,125,116,
1,125,117,
1,125,119,
1,126,61,1.0
1,126,62,
1,126,63,1.0
1,126,65,
1,126,66,
1,126,68,
1,126,69,
1,126,72,1.0
1,126,73,1.0
1,126,74,
1,126,75,
1,126,76,
1,126,78,1.0
1,126,79,
1,126,80,
1,126,81,1.0
1,126,82,
1,126,83,1.0
1,126,84,
1,126,85,
1,126,87,
1,126,89,
1,126,90,1.0
1,126,91,
1,126,92,
1,126,93,
1,126,94,
1,126,95,1.0
1,126,96,1.0
1,126,97,
1,126,99,
1,126,100,
1,126,102,1.0
1,126,103,
1,126,104,
1,126,105,
1,126,106,1.0
1,126,108,
1,126,109,1.0
1,126,110,
1,126,111,
1,126,115,
1,126,116,
1,126,117,
1,126,119,
1,127,61,1.0
1,127,62,
1,127,65,
1,127,66,
1,127,68,
1,127,69,
1,127,72,1.0
1,127,74,
1,127,75,
1,127,76,
1,127,78,1.0
1,127,79,
1,127,80,
1,127,81,1.0
1,127,82,
1,127,84,
1,127,85,
1,127,87,
1,127,89,
1,127,90,1.0
1,127,91,
1,127,92,
1,127,93,
1,127,94,
1,127,95,1.0
1,127,96,1.0
1,127,97,
1,127,99,
1,127,100,
1,127,102,1.0
1,127,103,
1,127,104,
1,127,105,
1,127,106,1.0
1,127,107,1.0
1,127,108,
1,127,109,1.0
1,127,110,
1,127,111,
1,127,115,
1,127,116,
1,127,117,
1,127,119,
1,128,61,1.0
1,128,62,
1,128,65,
1,128,66,
1,128,68,
1,128,69,
1,128,71,1.0
1,128,72,1.0
1,128,74,
1,128,75,
1,128,76,
1,128,77,1.0
1,128,78,1.0
1,128,79,
1,128,80,
1,128,81,1.0
1,128,82,
1,128,83,1.0
1,128,84,
1,128,85,
1,128,87,
1,128,89,
1,128,90,1.0
1,128,91,
1,128,92,
1,128,93,
1,128,94,
1,128,95,1.0
1,128,96,1.0
1,128,97,
1,128,99,
1,128,100,
1,128,102,1.0
1,128,103,
1,128,104,
1,128,105,
1,128,106,1.0
1,128,108,
1,128,109,1.0
1,128,110,
1,128,111,
1,128,115,
1,128,116,
1,128,117,
1,128,119,
1,129,61,1.0
1,129,62,
1,129,65,
1,129,66,
1,129,68,
1,129,69,
1,129,71,1.0
1,129,72,1.0
1,129,74,
1,129,75,
1,129,76,
1,129,78,1.0
1,129,79,
1,129,80,
1,129,81,1.0
1,129,82,
1,129,83,1.0
1,129,84,
1,129,85,
1,129,87,
1,129,89,
1,129,90,1.0
1,129,91,
1,129,92,
1,129,93,
1,129,94,
1,129,95,1.0
1,129,96,1.0
1,129,97,
1,129,99,
1,129,100,
1,129,102,1.0
1,129,103,
1,129,104,
1,129,105,
1,129,106,1.0
1,129,108,
1,129,109,1.0
1,129,110,
1,129,111,
1,129,115,
1,129,116,
1,129,117,
1,129,118,1.0
1,129,119,
1,130,61,1.0
1,130,62,
1,130,63,1.0
1,130,64,1.0
1,130,65,
1,130,66,
1,130,68,
1,130,69,
1,130,71,1.0
1,130,72,1.0
1,130,74,
1,130,75,
1,130,76,
1,130,78,1.0
1,130,79,
1,130,80,
1,130,81,1.0
1,130,82,
1,130,83,1.0
1,130,84,
1,130,85,
1,130,86,1.0
1,130,87,
1,130,88,1.0
1,130,89,
1,130,90,1.0
1,130,91,
1,130,92,
1,130,93,
1,130,94,
1,130,95,1.0
1,130,96,1.0
1,130,97,
1,130,99,
1,130,100,
1,130,102,1.0
1,130,103,
1,130,104,
1,130,105,
1,130,106,1.0
1,130,108,
1,130,109,1.0
1,130,110,
1,130,111,
1,130,115,
1,130,116,
1,130,117,
1,130,119,
1,131,61,1.0
1,131,62,
1,131,63,1.0
1,131,64,1.0
1,131,65,
1,131,66,
1,131,67,1.0
1,131,68,
1,131,69,
1,131,70,1.0
1,131,72,1.0
1,131,73,1.0
1,131,74,
1,131,75,
1,131,76,
1,131,78,1.0
1,131,79,
1,131,80,
1,131,81,1.0
1,131,82,
1,131,83,1.0
1,131,84,
1,131,85,
1,131,87,
1,131,89,
1,131,90,1.0
1,131,91,
1,131,92,
1,131,93,
1,131,94,
1,131,95,1.0
1,131,96,1.0
1,131,97,
1,131,99,
1,131,100,
1,131,102,1.0
1,131,103,
1,131,104,
1,131,105,
1,131,106,1.0
1,131,108,
1,131,109,1.0
1,131,110,
1,131,111,
1,131,115,
1,131,116,
1,131,117,
1,131,119,
1,132,61,1.0
1,132,62,
1,132,63,1.0
1,132,65,
1,132,66,
1,132,68,
1,132,69,
1,132,72,1.0
1,132,73,1.0
1,132,74,
1,132,75,
1,132,76,
1,132,78,1.0
1,132,79,
1,132,80,
1,132,81,1.0
1,132,82,
1,132,83,1.0
1,132,84,
1,132,85,
1,132,87,
1,132,89,
1,132,90,1.0
1,132,91,
1,132,92,
1,132,93,
1,132,94,
1,132,95,1.0
1,132,96,1.0
1,132,97,
1,132,98,1.0
1,132,99,
1,132,100,
1,132,103,
1,132,104,
1,132,105,
1,132,106,1.0
1,132,108,
1,132,109,1.0
1,132,110,
1,132,111,
1,132,112,1.0
1,132,115,
1,132,116,
1,132,117,
1,132,119,
1,133,61,1.0
1,133,62,
1,133,65,
1,133,66,
1,133,68,
1,133,69,
1,133,72,1.0
1,133,73,1.0
1,133,74,
1,133,75,
1,133,76,
1,133,78,1.0
1,133,79,
1,133,80,
1,133,81,1.0
1,133,82,
1,133,83,1.0
1,133,84,
1,133,85,
1,133,87,
1,133,89,
1,133,90,1.0
1,133,91,
1,133,92,
1,133,93,
1,133,94,
1,133,95,1.0
1,133,96,1.0
1,133,97,
1,133,99,
1,133,100,
1,133,102,1.0
1,133,103,
1,133,104,
1,133,105,
1,133,108,
1,133,109,1.0
1,133,110,
1,133,111,
1,133,112,1.0
1,133,115,
1,133,116,
1,133,117,
1,133,119,
1,134,61,1.0
1,134,62,
1,134,63,1.0
1,134,65,
1,134,66,
1,134,68,
1,134,69,
1,134,71,1.0
1,134,72,1.0
1,134,73,1.0
1,134,74,
1,134,75,
1,134,76,
1,134,78,1.0
1,134,79,
1,134,80,
1,134,81,1.0
1,134,82,
1,134,83,1.0
1,134,84,
1,134,85,
1,134,87,
1,134,89,
1,134,90,1.0
1,134,91,
1,134,92,
1,134,93,
1,134,94,
1,134,95,1.0
1,134,96,1.0
1,134,97,
1,134,99,
1,134,100,
1,134,102,1.0
1,134,103,
1,134,104,
1,134,105,
1,134,106,1.0
1,134,108,
1,134,109,1.0
1,134,110,
1,134,111,
1,134,112,1.0
1,134,115,
1,134,116,
1,134,117,
1,134,119,
1,135,61,1.0
1,135,62,
1,135,63,1.0
1,135,65,
1,135,66,
1,135,68,
1,135,69,
1,135,72,1.0
1,135,73,1.0
1,135,74,
1,135,75,
1,135,76,
1,135,78,1.0
1,135,79,
1,135,80,
1,135,81,1.0
1,135,82,
1,135,83,1.0
1,135,84,
1,135,85,
1,135,87,
1,135,88,1.0
1,135,89,
1,135,90,1.0
1,135,91,
1,135,92,
1,135,93,
1,135,94,
1,135,95,1.0
1,135,96,1.0
1,135,97,
1,135,99,
1,135,100,
1,135,101,1.0
1,135,102,1.0
1,135,103,
1,135,104,
1,135,105,
1,135,106,1.0
1,135,107,1.0
1,135,108,
1,135,109,1.0
1,135,110,
1,135,111,
1,135,112,1.0
1,135,115,
1,135,116,
1,135,117,
1,135,119,
1,136,61,1.0
1,136,62,
1,136,65,
1,136,66,
1,136,68,
1,136,69,
1,136,70,1.0
1,136,71,1.0
1,136,72,1.0
1,136,74,
1,136,75,
1,136,76,
1,136,78,1.0
1,136,79,
1,136,80,
1,136,81,1.0
1,136,82,
1,136,83,1.0
1,136,84,
1,136,85,
1,136,87,
1,136,89,
1,136,90,1.0
1,136,91,
1,136,92,
1,136,93,
1,136,94,
1,136,95,1.0
1,136,96,1.0
1,136,97,
1,136,99,
1,136,100,
1,136,102,1.0
1,136,103,
1,136,104,
1,136,105,
1,136,108,
1,136,109,1.0
1,136,110,
1,136,111,
1,136,115,
1,136,116,
1,136,117,
1,136,119,
1,137,61,1.0
1,137,62,
1,137,65,
1,137,66,
1,137,68,
1,137,69,
1,137,70,1.0
1,137,72,1.0
1,137,74,
1,137,75,
1,137,76,
1,137,78,1.0
1,137,79,
1,137,80,
1,137,81,1.0
1,137,82,
1,137,83,1.0
1,137,84,
1,137,85,
1,137,86,1.0
1,137,87,
1,137,89,
1,137,90,1.0
1,137,91,
1,137,92,
1,137,93,
1,137,94,
1,137,95,1.0
1,137,96,1.0
1,137,97,
1,137,99,
1,137,100,
1,137,102,1.0
1,137,103,
1,137,104,
1,137,105,
1,137,108,
1,137,109,1.0
1,137,110,
1,137,111,
1,137,115,
1,137,116,
1,137,117,
1,137,119,
1,138,61,1.0
1,138,62,
1,138,65,
1,138,66,
1,138,68,
1,138,69,
1,138,70,1.0
1,138,71,1.0
1,138,72,1.0
1,138,74,
1,138,75,
1,138,76,
1,138,78,1.0
1,138,79,
1,138,80,
1,138,81,1.0
1,138,82,
1,138,83,1.0
1,138,84,
1,138,85,
1,138,87,
1,138,89,
1,138,90,1.0
1,138,91,
1,138,92,
1,138,93,
1,138,94,
1,138,95,1.0
1,138,96,1.0
1,138,97,
1,138,99,
1,138,100,
1,138,102,1.0
1,138,103,
1,138,104,
1,138,105,
1,138,108,
1,138,109,1.0
1,138,110,
1,138,111,
1,138,112,1.0
1,138,113,1.0
1,138,115,
1,138,116,
1,138,117,
1,138,119,
1,139,61,1.0
1,139,62,
1,139,65,
1,139,66,
1,139,68,
1,139,69,
1,139,72,1.0
1,139,74,
1,139,75,
1,139,76,
1,139,78,1.0
1,139,79,
1,139,80,
1,139,81,1.0
1,139,82,
1,139,83,1.0
1,139,84,
1,139,85,
1,139,87,
1,139,89,
1,139,91,
1,139,92,
1,139,93,
1,139,94,
1,139,95,1.0
1,139,96,1.0
1,139,97,
1,139,99,
1,139,100,
1,139,102,1.0
1,139,103,
1,139,104,
1,139,105,
1,139,106,1.0
1,139,108,
1,139,109,1.0
1,139,110,
1,139,111,
1,139,113,1.0
1,139,115,
1,139,116,
1,139,117,
1,139,119,
1,140,61,1.0
1,140,62,
1,140,65,
1,140,66,
1,140,68,
1,140,69,
1,140,72,1.0
1,140,74,
1,140,75,
1,140,76,
1,140,78,1.0
1,140,79,
1,140,80,
1,140,81,1.0
1,140,82,
1,140,83,1.0
1,140,84,
1,140,85,
1,140,86,1.0
1,140,87,
1,140,89,
1,140,90,1.0
1,140,91,
1,140,92,
1,140,93,
1,140,94,
1,140,95,1.0
1,140,96,1.0
1,140,97,
1,140,99,
1,140,100,
1,140,102,1.0
1,140,103,
1,140,104,
1,140,105,
1,140,108,
1,140,109,1.0
1,140,110,
1,140,111,
1,140,113,1.0
1,140,115,
1,140,116,
1,140,117,
1,140,119,
1,141,61,1.0
1,141,62,
1,141,65,
1,141,66,
1,141,67,1.0
1,141,68,
1,141,69,
1,141,70,1.0
1,141,72,1.0
1,141,74,
1,141,75,
1,141,76,
1,141,78,1.0
1,141,79,
1,141,80,
1,141,81,1.0
1,141,82,
1,141,83,1.0
1,141,84,
1,141,85,
1,141,87,
1,141,89,
1,141,90,1.0
1,141,91,
1,141,92,
1,141,93,
1,141,94,
1,141,95,1.0
1,141,96,1.0
1,141,97,
1,141,99,
1,141,100,
1,141,102,1.0
1,141,103,
1,141,104,
1,141,105,
1,141,107,1.0
1,141,108,
1,141,109,1.0
1,141,110,
1,141,111,
1,141,113,1.0
1,141,115,
1,141,116,
1,141,117,
1,141,119,
1,142,61,1.0
1,142,62,
1,142,65,
1,142,66,
1,142,67,1.0
1,142,68,
1,142,69,
1,142,70,1.0
1,142,72,1.0
1,142,74,
1,142,75,
1,142,76,
1,142,78,1.0
1,142,79,
1,142,80,
1,142,81,1.0
1,142,82,
1,142,83,1.0
1,142,84,
1,142,85,
1,142,87,
1,142,89,
1,142,91,
1,142,92,
1,142,93,
1,142,94,
1,142,95,1.0
1,142,96,1.0
1,142,97,
1,142,98,1.0
1,142,99,
1,142,100,
1,142,101,1.0
1,142,102,1.0
1,142,103,
1,142,104,
1,142,105,
1,142,108,
1,142,109,1.0
1,142,110,
1,142,111,
1,142,112,1.0
1,142,115,
1,142,116,
1,142,117,
1,142,118,1.0
1,142,119,
1,143,61,1.0
1,143,62,
1,143,65,
1,143,66,
1,143,68,
1,143,69,
1,143,70,1.0
1,143,72,1.0
1,143,73,1.0
1,143,74,
1,143,75,
1,143,76,
1,143,77,1.0
1,143,78,1.0
1,143,79,
1,143,80,
1,143,81,1.0
1,143,82,
1,143,83,1.0
1,143,84,
1,143,85,
1,143,87,
1,143,89,
1,143,91,
1,143,92,
1,143,93,
1,143,94,
1,143,95,1.0
1,143,96,1.0
1,143,97,
1,143,99,
1,143,100,
1,143,102,1.0
1,143,103,
1,143,104,
1,143,105,
1,143,107,1.0
1,143,108,
1,143,109,1.0
1,143,110,
1,143,111,
1,143,115,
1,143,116,
1,143,117,
1,143,119,
1,144,61,1.0
1,144,62,
1,144,63,1.0
1,144,65,
1,144,66,
1,144,68,
1,144,69,
1,144,70,1.0
1,144,72,1.0
1,144,73,1.0
1,144,74,
1,144,75,
1,144,76,
1,144,78,1.0
1,144,79,
1,144,80,
1,144,81,1.0
1,144,82,
1,144,83,1.0
1,144,84,
1,144,85,
1,144,87,
1,144,89,
1,144,90,1.0
1,144,91,
1,144,92,
1,144,93,
1,144,94,
1,144,95,1.0
1,144,96,1.0
1,144,97,
1,144,99,
1,144,100,
1,144,102,1.0
1,144,103,
1,144,104,
1,144,105,
1,144,106,1.0
1,144,107,1.0
1,144,108,
1,144,109,1.0
1,144,110,
1,144,111,
1,144,112,1.0
1,144,113,1.0
1,144,114,1.0
1,144,115,
1,144,116,
1,144,117,
1,144,119,
1,145,61,1.0
1,145,62,
1,145,63,1.0
1,145,65,
1,145,66,
1,145,68,
1,145,69,
1,145,72,1.0
1,145,73,1.0
1,145,74,
1,145,75,
1,145,76,
1,145,78,1.0
1,145,79,
1,145,80,
1,145,81,1.0
1,145,82,
1,145,83,1.0
1,145,84,
1,145,85,
1,145,87,
1,145,89,
1,145,91,
1,145,92,
1,145,93,
1,145,94,
1,145,95,1.0
1,145,96,1.0
1,145,97,
1,145,99,
1,145,100,
1,145,102,1.0
1,145,103,
1,145,104,
1,145,105,
1,145,106,1.0
1,145,108,
1,145,109,1.0
1,145,110,
1,145,111,
1,145,112,1.0
1,145,114,1.0
1,145,115,
1,145,116,
1,145,117,
1,145,119,
1,146,61,1.0
1,146,62,
1,146,64,1.0
1,146,65,
1,146,66,
1,146,67,1.0
1,146,68,
1,146,69,
1,146,70,1.0
1,146,72,1.0
1,146,74,
1,146,75,
1,146,76,
1,146,78,1.0
1,146,79,
1,146,80,
1,146,81,1.0
1,146,82,
1,146,83,1.0
1,146,84,
1,146,85,
1,146,87,
1,146,89,
1,146,91,
1,146,92,
1,146,93,
1,146,94,
1,146,95,1.0
1,146,96,1.0
1,146,97,
1,146,99,
1,146,100,
1,146,102,1.0
1,146,103,
1,146,104,
1,146,105,
1,146,106,1.0
1,146,107,1.0
1,146,108,
1,146,109,1.0
1,146,110,
1,146,111,
1,146,114,1.0
1,146,115,
1,146,116,
1,146,117,
1,146,119,
1,147,61,1.0
1,147,62,
1,147,63,1.0
1,147,64,1.0
1,147,65,
1,147,66,
1,147,67,1.0
1,147,68,
1,147,69,
1,147,70,1.0
1,147,71,1.0
1,147,72,1.0
1,147,74,
1,147,75,
1,147,76,
1,147,78,1.0
1,147,79,
1,147,80,
1,147,81,1.0
1,147,82,
1,147,83,1.0
1,147,84,
1,147,85,
1,147,87,
1,147,89,
1,147,90,1.0
1,147,91,
1,147,92,
1,147,93,
1,147,94,
1,147,95,1.0
1,147,96,1.0
1,147,97,
1,147,99,
1,147,100,
1,147,102,1.0
1,147,103,
1,147,104,
1,147,105,
1,147,106,1.0
1,147,108,
1,147,109,1.0
1,147,110,
1,147,111,
1,147,114,1.0
1,147,115,
1,147,116,
1,147,117,
1,147,119,
1,148,61,1.0
1,148,62,
1,148,63,1.0
1,148,64,1.0
1,148,65,
1,148,66,
1,148,67,1.0
1,148,68,
1,148,69,
1,148,70,1.0
1,148,71,1.0
1,148,72,1.0
1,148,73,1.0
1,148,74,
1,148,75,
1,148,76,
1,148,78,1.0
1,148,79,
1,148,80,
1,148,81,1.0
1,148,82,
1,148,83,1.0
1,148,84,
1,148,85,
1,148,86,1.0
1,148,87,
1,148,89,
1,148,90,1.0
1,148,91,
1,148,92,
1,148,93,
1,148,94,
1,148,95,1.0
1,148,96,1.0
1,148,97,
1,148,99,
1,148,100,
1,148,101,1.0
1,148,102,1.0
1,148,103,
1,148,104,
1,148,105,
1,148,106,1.0
1,148,107,1.0
1,148,108,
1,148,109,1.0
1,148,110,
1,148,111,
1,148,115,
1,148,116,
1,148,117,
1,148,118,1.0
1,148,119,
1,149,61,1.0
1,149,62,
1,149,63,1.0
1,149,64,1.0
1,149,65,
1,149,66,
1,149,68,
1,149,69,
1,149,71,1.0
1,149,72,1.0
1,149,73,1.0
1,149,74,
1,149,75,
1,149,76,
1,149,78,1.0
1,149,79,
1,149,80,
1,149,81,1.0
1,149,82,
1,149,83,1.0
1,149,84,
1,149,85,
1,149,87,
1,149,89,
1,149,90,1.0
1,149,91,
1,149,92,
1,149,93,
1,149,94,
1,149,95,1.0
1,149,96,1.0
1,149,97,
1,149,99,
1,149,100,
1,149,102,1.0
1,149,103,
1,149,104,
1,149,105,
1,149,107,1.0
1,149,108,
1,149,109,1.0
1,149,110,
1,149,111,
1,149,113,1.0
1,149,114,1.0
1,149,115,
1,149,116,
1,149,117,
1,149,119,
1,150,61,1.0
1,150,62,
1,150,63,1.0
1,150,65,
1,150,66,
1,150,68,
1,150,69,
1,150,72,1.0
1,150,73,1.0
1,150,74,
1,150,75,
1,150,76,
1,150,78,1.0
1,150,79,
1,150,80,
1,150,81,1.0
1,150,82,
1,150,83,1.0
1,150,84,
1,150,85,
1,150,87,
1,150,89,
1,150,90,1.0
1,150,91,
1,150,92,
1,150,93,
1,150,94,
1,150,95,1.0
1,150,96,1.0
1,150,97,
1,150,99,
1,150,100,
1,150,102,1.0
1,150,103,
1,150,104,
1,150,105,
1,150,108,
1,150,109,1.0
1,150,110,
1,150,111,
1,150,113,1.0
1,150,114,1.0
1,150,115,
1,150,116,
1,150,117,
1,150,119,
1,151,61,1.0
1,151,62,
1,151,64,1.0
1,151,65,
1,151,66,
1,151,68,
1,151,69,
1,151,71,1.0
1,151,72,1.0
1,151,73,1.0
1,151,74,
1,151,75,
1,151,76,
1,151,78,1.0
1,151,79,
1,151,80,
1,151,81,1.0
1,151,82,
1,151,83,1.0
1,151,84,
1,151,85,
1,151,87,
1,151,89,
1,151,90,1.0
1,151,91,
1,151,92,
1,151,93,
1,151,94,
1,151,95,1.0
1,151,96,1.0
1,151,97,
1,151,99,
1,151,100,
1,151,102,1.0
1,151,103,
1,151,104,
1,151,105,
1,151,108,
1,151,109,1.0
1,151,110,
1,151,111,
1,151,113,1.0
1,151,115,
1,151,116,
1,151,117,
1,151,119,
1,152,61,1.0
1,152,62,
1,152,63,1.0
1,152,65,
1,152,66,
1,152,68,
1,152,69,
1,152,72,1.0
1,152,73,1.0
1,152,74,
1,152,75,
1,152,76,
1,152,77,1.0
1,152,78,1.0
1,152,79,
1,152,80,
1,152,81,1.0
1,152,82,
1,152,83,1.0
1,152,84,
1,152,85,
1,152,87,
1,152,89,
1,152,90,1.0
1,152,91,
1,152,92,
1,152,93,
1,152,94,
1,152,95,1.0
1,152,96,1.0
1,152,97,
1,152,99,
1,152,100,
1,152,102,1.0
1,152,103,
1,152,104,
1,152,105,
1,152,107,1.0
1,152,108,
1,152,109,1.0
1,152,110,
1,152,111,
1,152,113,1.0
1,152,115,
1,152,116,
1,152,117,
1,152,118,1.0
1,152,119,
1,153,62,
1,153,65,
1,153,66,
1,153,68,
1,153,69,
1,153,71,1.0
1,153,72,1.0
1,153,73,1.0
1,153,74,
1,153,75,
1,153,76,
1,153,77,1.0
1,153,78,1.0
1,153,79,
1,153,80,
1,153,81,1.0
1,153,82,
1,153,83,1.0
1,153,84,
1,153,85,
1,153,87,
1,153,89,
1,153,90,1.0
1,153,91,
1,153,92,
1,153,93,
1,153,94,
1,153,95,1.0
1,153,96,1.0
1,153,97,
1,153,99,
1,153,100,
1,153,103,
1,153,104,
1,153,105,
1,153,107,1.0
1,153,108,
1,153,109,1.0
1,153,110,
1,153,111,
1,153,113,1.0
1,153,114,1.0
1,153,115,
1,153,116,
1,153,117,
1,153,118,1.0
1,153,119,
1,154,61,1.0
1,154,62,
1,154,63,1.0
1,154,64,1.0
1,154,65,
1,154,66,
1,154,68,
1,154,69,
1,154,70,1.0
1,154,72,1.0
1,154,74,
1,154,75,
1,154,76,
1,154,77,1.0
1,154,78,1.0
1,154,79,
1,154,80,
1,154,81,1.0
1,154,82,
1,154,83,1.0
1,154,84,
1,154,85,
1,154,87,
1,154,88,1.0
1,154,89,
1,154,90,1.0
1,154,91,
1,154,92,
1,154,93,
1,154,94,
1,154,95,1.0
1,154,96,1.0
1,154,97,
1,154,99,
1,154,100,
1,154,102,1.0
1,154,103,
1,154,104,
1,154,105,
1,154,106,1.0
1,154,107,1.0
1,154,108,
1,154,109,1.0
1,154,110,
1,154,111,
1,154,113,1.0
1,154,114,1.0
1,154,115,
1,154,116,
1,154,117,
1,154,118,1.0
1,154,119,
1,155,61,1.0
1,155,62,
1,155,63,1.0
1,155,65,
1,155,66,
1,155,68,
1,155,69,
1,155,72,1.0
1,155,74,
1,155,75,
1,155,76,
1,155,78,1.0
1,155,79,
1,155,80,
1,155,81,1.0
1,155,82,
1,155,83,1.0
1,155,84,
1,155,85,
1,155,87,
1,155,89,
1,155,90,1.0
1,155,91,
1,155,92,
1,155,93,
1,155,94,
1,155,95,1.0
1,155,96,1.0
1,155,97,
1,155,99,
1,155,100,
1,155,102,1.0
1,155,103,
1,155,104,
1,155,105,
1,155,108,
1,155,109,1.0
1,155,110,
1,155,111,
1,155,113,1.0
1,155,114,1.0
1,155,115,
1,155,116,
1,155,117,
1,155,119,
1,156,61,1.0
1,156,62,
1,156,63,1.0
1,156,65,
1,156,66,
1,156,68,
1,156,69,
1,156,72,1.0
1,156,74,
1,156,75,
1,156,76,
1,156,78,1.0
1,156,79,
1,156,80,
1,156,81,1.0
1,156,82,
1,156,83,1.0
1,156,84,
1,156,85,
1,156,87,
1,156,89,
1,156,90,1.0
1,156,91,
1,156,92,
1,156,93,
1,156,94,
1,156,95,1.0
1,156,96,1.0
1,156,97,
1,156,99,
1,156,100,
1,156,102,1.0
1,156,103,
1,156,104,
1,156,105,
1,156,108,
1,156,109,1.0
1,156,110,
1,156,111,
1,156,114,1.0
1,156,115,
1,156,116,
1,156,117,
1,156,119,
1,157,61,1.0
1,157,62,
1,157,63,1.0
1,157,65,
1,157,66,
1,157,68,
1,157,69,
1,157,72,1.0
1,157,74,
1,157,75,
1,157,76,
1,157,78,1.0
1,157,79,
1,157,80,
1,157,81,1.0
1,157,82,
1,157,83,1.0
1,157,84,
1,157,85,
1,157,87,
1,157,89,
1,157,90,1.0
1,157,91,
1,157,92,
1,157,93,
1,157,94,
1,157,95,1.0
1,157,96,1.0
1,157,97,
1,157,99,
1,157,100,
1,157,102,1.0
1,157,103,
1,157,104,
1,157,105,
1,157,108,
1,157,109,1.0
1,157,110,
1,157,111,
1,157,114,1.0
1,157,115,
1,157,116,
1,157,117,
1,157,119,
1,158,61,1.0
1,158,62,
1,158,63,1.0
1,158,65,
1,158,66,
1,158,68,
1,158,69,
1,158,72,1.0
1,158,73,1.0
1,158,74,
1,158,75,
1,158,76,
1,158,78,1.0
1,158,79,
1,158,80,
1,158,81,1.0
1,158,82,
1,158,83,1.0
1,158,84,
1,158,85,
1,158,87,
1,158,89,
1,158,90,1.0
1,158,91,
1,158,92,
1,158,93,
1,158,94,
1,158,95,1.0
1,158,96,1.0
1,158,97,
1,158,99,
1,158,100,
1,158,102,1.0
1,158,103,
1,158,104,
1,158,105,
1,158,108,
1,158,109,1.0
1,158,110,
1,158,111,
1,158,113,1.0
1,158,115,
1,158,116,
1,158,117,
1,158,119,
1,159,61,1.0
1,159,62,
1,159,63,1.0
1,159,65,
1,159,66,
1,159,68,
1,159,69,
1,159,72,1.0
1,159,74,
1,159,75,
1,159,76,
1,159,78,1.0
1,159,79,
1,159,80,
1,159,81,1.0
1,159,82,
1,159,83,1.0
1,159,84,
1,159,85,
1,159,87,
1,159,89,
1,159,90,1.0
1,159,91,
1,159,92,
1,159,93,
1,159,94,
1,159,95,1.0
1,159,96,1.0
1,159,97,
1,159,99,
1,159,100,
1,159,102,1.0
1,159,103,
1,159,104,
1,159,105,
1,159,108,
1,159,109,1.0
1,159,110,
1,159,111,
1,159,115,
1,159,116,
1,159,117,
1,159,119,
1,160,61,1.0
1,160,62,
1,160,65,
1,160,66,
1,160,68,
1,160,69,
1,160,72,1.0
1,160,74,
1,160,75,
1,160,76,
1,160,77,1.0
1,160,78,1.0
1,160,79,
1,160,80,
1,160,81,1.0
1,160,82,
1,160,83,1.0
1,160,84,
1,160,85,
1,160,87,
1,160,89,
1,160,90,1.0
1,160,91,
1,160,92,
1,160,93,
1,160,94,
1,160,95,1.0
1,160,96,1.0
1,160,97,
1,160,99,
1,160,100,
1,160,102,1.0
1,160,103,
1,160,104,
1,160,105,
1,160,106,1.0
1,160,108,
1,160,109,1.0
1,160,110,
1,160,111,
1,160,113,1.0
1,160,115,
1,160,116,
1,160,117,
1,160,118,1.0
1,160,119,
1,161,61,1.0
1,161,62,
1,161,63,1.0
1,161,65,
1,161,66,
1,161,68,
1,161,69,
1,161,71,1.0
1,161,72,1.0
1,161,74,
1,161,75,
1,161,76,
1,161,78,1.0
1,161,79,
1,161,80,
1,161,81,1.0
1,161,82,
1,161,83,1.0
1,161,84,
1,161,85,
1,161,87,
1,161,89,
1,161,90,1.0
1,161,91,
1,161,92,
1,161,93,
1,161,94,
1,161,95,1.0
1,161,96,1.0
1,161,97,
1,161,98,1.0
1,161,99,
1,161,100,
1,161,102,1.0
1,161,103,
1,161,104,
1,161,105,
1,161,106,1.0
1,161,108,
1,161,109,1.0
1,161,110,
1,161,111,
1,161,115,
1,161,116,
1,161,117,
1,161,119,
1,162,61,1.0
1,162,62,
1,162,63,1.0
1,162,65,
1,162,66,
1,162,68,
1,162,69,
1,162,72,1.0
1,162,74,
1,162,75,
1,162,76,
1,162,78,1.0
1,162,79,
1,162,80,
1,162,81,1.0
1,162,82,
1,162,83,1.0
1,162,84,
1,162,85,
1,162,87,
1,162,89,
1,162,90,1.0
1,162,91,
1,162,92,
1,162,93,
1,162,94,
1,162,95,1.0
1,162,96,1.0
1,162,97,
1,162,99,
1,162,100,
1,162,102,1.0
1,162,103,
1,162,104,
1,162,105,
1,162,106,1.0
1,162,108,
1,162,109,1.0
1,162,110,
1,162,111,
1,162,115,
1,162,116,
1,162,117,
1,162,119,
1,163,61,1.0
1,163,62,
1,163,63,1.0
1,163,65,
1,163,66,
1,163,68,
1,163,69,
1,163,72,1.0
1,163,74,
1,163,75,
1,163,76,
1,163,78,1.0
1,163,79,
1,163,80,
1,163,82,
1,163,83,1.0
1,163,84,
1,163,85,
1,163,87,
1,163,89,
1,163,90,1.0
1,163,91,
1,163,92,
1,163,93,
1,163,94,
1,163,95,1.0
1,163,96,1.0
1,163,97,
1,163,98,1.0
1,163,99,
1,163,100,
1,163,102,1.0
1,163,103,
1,163,104,
1,163,105,
1,163,106,1.0
1,163,108,
1,163,109,1.0
1,163,110,
1,163,111,
1,163,113,1.0
1,163,114,1.0
1,163,115,
1,163,116,
1,163,117,
1,163,119,
1,164,61,1.0
1,164,62,
1,164,63,1.0
1,164,64,1.0
1,164,65,
1,164,66,
1,164,68,
1,164,69,
1,164,72,1.0
1,164,73,1.0
1,164,74,
1,164,75,
1,164,76,
1,164,78,1.0
1,164,79,
1,164,80,
1,164,81,1.0
1,164,82,
1,164,83,1.0
1,164,84,
1,164,85,
1,164,87,
1,164,89,
1,164,90,1.0
1,164,91,
1,164,92,
1,164,93,
1,164,94,
1,164,95,1.0
1,164,96,1.0
1,164,97,
1,164,99,
1,164,100,
1,164,102,1.0
1,164,103,
1,164,104,
1,164,105,
1,164,106,1.0
1,164,108,
1,164,109,1.0
1,164,110,
1,164,111,
1,164,114,1.0
1,164,115,
1,164,116,
1,164,117,
1,164,119,
1,165,61,1.0
1,165,62,
1,165,63,1.0
1,165,64,1.0
1,165,65,
1,165,66,
1,165,68,
1,165,69,
1,165,72,1.0
1,165,73,1.0
1,165,74,
1,165,75,
1,165,76,
1,165,78,1.0
1,165,79,
1,165,80,
1,165,81,1.0
1,165,82,
1,165,83,1.0
1,165,84,
1,165,85,
1,165,87,
1,165,89,
1,165,90,1.0
1,165,91,
1,165,92,
1,165,93,
1,165,94,
1,165,95,1.0
1,165,96,1.0
1,165,97,
1,165,98,1.0
1,165,99,
1,165,100,
1,165,102,1.0
1,165,103,
1,165,104,
1,165,105,
1,165,106,1.0
1,165,107,1.0
1,165,108,
1,165,109,1.0
1,165,110,
1,165,111,
1,165,115,
1,165,116,
1,165,117,
1,165,119,
1,166,61,1.0
1,166,62,
1,166,63,1.0
1,166,65,
1,166,66,
1,166,68,
1,166,69,
1,166,70,1.0
1,166,72,1.0
1,166,73,1.0
1,166,74,
1,166,75,
1,166,76,
1,166,78,1.0
1,166,79,
1,166,80,
1,166,81,1.0
1,166,82,
1,166,83,1.0
1,166,84,
1,166,85,
1,166,87,
1,166,89,
1,166,90,1.0
1,166,91,
1,166,92,
1,166,93,
1,166,94,
1,166,95,1.0
1,166,96,1.0
1,166,97,
1,166,99,
1,166,100,
1,166,102,1.0
1,166,103,
1,166,104,
1,166,105,
1,166,106,1.0
1,166,107,1.0
1,166,108,
1,166,109,1.0
1,166,110,
1,166,111,
1,166,112,1.0
1,166,113,1.0
1,166,114,1.0
1,166,115,
1,166,116,
1,166,117,
1,166,119,
1,167,61,1.0
1,167,62,
1,167,63,1.0
1,167,65,
1,167,66,
1,167,68,
1,167,69,
1,167,72,1.0
1,167,73,1.0
1,167,74,
1,167,75,
1,167,76,
1,167,78,1.0
1,167,79,
1,167,80,
1,167,81,1.0
1,167,82,
1,167,83,1.0
1,167,84,
1,167,85,
1,167,87,
1,167,89,
1,167,90,1.0
1,167,91,
1,167,92,
1,167,93,
1,167,94,
1,167,95,1.0
1,167,96,1.0
1,167,97,
1,167,98,1.0
1,167,99,
1,167,100,
1,167,102,1.0
1,167,103,
1,167,104,
1,167,105,
1,167,108,
1,167,109,1.0
1,167,110,
1,167,111,
1,167,112,1.0
1,167,114,1.0
1,167,115,
1,167,116,
1,167,117,
1,167,119,
1,168,61,1.0
1,168,62,
1,168,63,1.0
1,168,65,
1,168,66,
1,168,68,
1,168,69,
1,168,71,1.0
1,168,72,1.0
1,168,73,1.0
1,168,74,
1,168,75,
1,168,76,
1,168,78,1.0
1,168,79,
1,168,80,
1,168,81,1.0
1,168,82,
1,168,83,1.0
1,168,84,
1,168,85,
1,168,87,
1,168,89,
1,168,90,1.0
1,168,91,
1,168,92,
1,168,93,
1,168,94,
1,168,95,1.0
1,168,96,1.0
1,168,97,
1,168,99,
1,168,100,
1,168,102,1.0
1,168,103,
1,168,104,
1,168,105,
1,168,108,
1,168,109,1.0
1,168,110,
1,168,111,
1,168,114,1.0
1,168,115,
1,168,116,
1,168,117,
1,168,119,
1,169,61,1.0
1,169,62,
1,169,65,
1,169,66,
1,169,68,
1,169,69,
1,169,71,1.0
1,169,72,1.0
1,169,74,
1,169,75,
1,169,76,
1,169,78,1.0
1,169,79,
1,169,80,
1,169,81,1.0
1,169,82,
1,169,83,1.0
1,169,84,
1,169,85,
1,169,87,
1,169,89,
1,169,90,1.0
1,169,91,
1,169,92,
1,169,93,
1,169,94,
1,169,95,1.0
1,169,96,1.0
1,169,97,
1,169,98,1.0
1,169,99,
1,169,100,
1,169,102,1.0
1,169,103,
1,169,104,
1,169,105,
1,169,108,
1,169,109,1.0
1,169,110,
1,169,111,
1,169,114,1.0
1,169,115,
1,169,116,
1,169,117,
1,169,119,
1,170,61,1.0
1,170,62,
1,170,65,
1,170,66,
1,170,68,
1,170,69,
1,170,71,1.0
1,170,72,1.0
1,170,73,1.0
1,170,74,
1,170,75,
1,170,76,
1,170,78,1.0
1,170,79,
1,170,80,
1,170,81,1.0
1,170,82,
1,170,83,1.0
1,170,84,
1,170,85,
1,170,87,
1,170,89,
1,170,90,1.0
1,170,91,
1,170,92,
1,170,93,
1,170,94,
1,170,95,1.0
1,170,96,1.0
1,170,97,
1,170,99,
1,170,100,
1,170,102,1.0
1,170,103,
1,170,104,
1,170,105,
1,170,106,1.0
1,170,108,
1,170,109,1.0
1,170,110,
1,170,111,
1,170,114,1.0
1,170,115,
1,170,116,
1,170,117,
1,170,119,
1,171,61,1.0
1,171,62,
1,171,63,1.0
1,171,64,1.0
1,171,65,
1,171,66,
1,171,68,
1,171,69,
1,171,71,1.0
1,171,72,1.0
1,171,73,1.0
1,171,74,
1,171,75,
1,171,76,
1,171,78,1.0
1,171,79,
1,171,80,
1,171,81,1.0
1,171,82,
1,171,83,1.0
1,171,84,
1,171,85,
1,171,87,
1,171,89,
1,171,90,1.0
1,171,91,
1,171,92,
1,171,93,
1,171,94,
1,171,95,1.0
1,171,96,1.0
1,171,97,
1,171,98,1.0
1,171,99,
1,171,100,
1,171,101,1.0
1,171,102,1.0
1,171,103,
1,171,104,
1,171,105,
1,171,108,
1,171,109,1.0
1,171,110,
1,171,111,
1,171,113,1.0
1,171,114,1.0
1,171,115,
1,171,116,
1,171,117,
1,171,119,
1,172,61,1.0
1,172,62,
1,172,65,
1,172,66,
1,172,68,
1,172,69,
1,172,71,1.0
1,172,72,1.0
1,172,74,
1,172,75,
1,172,76,
1,172,78,1.0
1,172,79,
1,172,80,
1,172,81,1.0
1,172,82,
1,172,83,1.0
1,172,84,
1,172,85,
1,172,86,1.0
1,172,87,
1,172,89,
1,172,90,1.0
1,172,91,
1,172,92,
1,172,93,
1,172,94,
1,172,95,1.0
1,172,96,1.0
1,172,97,
1,172,98,1.0
1,172,99,
1,172,100,
1,172,102,1.0
1,172,103,
1,172,104,
1,172,105,
1,172,108,
1,172,109,1.0
1,172,110,
1,172,111,
1,172,113,1.0
1,172,114,1.0
1,172,115,
1,172,116,
1,172,117,
1,172,119,
1,173,61,1.0
1,173,62,
1,173,65,
1,173,66,
1,173,68,
1,173,69,
1,173,71,1.0
1,173,72,1.0
1,173,74,
1,173,75,
1,173,76,
1,173,78,1.0
1,173,79,
1,173,80,
1,173,81,1.0
1,173,82,
1,173,83,1.0
1,173,84,
1,173,85,
1,173,86,1.0
1,173,87,
1,173,89,
1,173,90,1.0
1,173,91,
1,173,92,
1,173,93,
1,173,94,
1,173,95,1.0
1,173,96,1.0
1,173,97,
1,173,99,
1,173,100,
1,173,102,1.0
1,173,103,
1,173,104,
1,173,105,
1,173,108,
1,173,109,1.0
1,173,110,
1,173,111,
1,173,112,1.0
1,173,113,1.0
1,173,114,1.0
1,173,115,
1,173,116,
1,173,117,
1,173,119,
1,174,61,1.0
1,174,62,
1,174,63,1.0
1,174,65,
1,174,66,
1,174,68,
1,174,69,
1,174,70,1.0
1,174,71,1.0
1,174,72,1.0
1,174,73,1.0
1,174,74,
1,174,75,
1,174,76,
1,174,78,1.0
1,174,79,
1,174,80,
1,174,81,1.0
1,174,82,
1,174,83,1.0
1,174,84,
1,174,85,
1,174,87,
1,174,89,
1,174,90,1.0
1,174,91,
1,174,92,
1,174,93,
1,174,94,
1,174,95,1.0
1,174,96,1.0
1,174,97,
1,174,98,1.0
1,174,99,
1,174,100,
1,174,102,1.0
1,174,103,
1,174,104,
1,174,105,
1,174,108,
1,174,109,1.0
1,174,110,
1,174,111,
1,174,113,1.0
1,174,115,
1,174,116,
1,174,117,
1,174,118,1.0
1,174,119,
1,175,61,1.0
1,175,62,
1,175,63,1.0
1,175,65,
1,175,66,
1,175,68,
1,175,69,
1,175,70,1.0
1,175,71,1.0
1,175,72,1.0
1,175,74,
1,175,75,
1,175,76,
1,175,78,1.0
1,175,79,
1,175,80,
1,175,81,1.0
1,175,82,
1,175,83,1.0
1,175,84,
1,175,85,
1,175,87,
1,175,89,
1,175,90,1.0
1,175,91,
1,175,92,
1,175,93,
1,175,94,
1,175,96,1.0
1,175,97,
1,175,98,1.0
1,175,99,
1,175,100,
1,175,102,1.0
1,175,103,
1,175,104,
1,175,105,
1,175,108,
1,175,109,1.0
1,175,110,
1,175,111,
1,175,113,1.0
1,175,115,
1,175,116,
1,175,117,
1,175,118,1.0
1,175,119,
1,176,61,1.0
1,176,62,
1,176,63,1.0
1,176,65,
1,176,66,
1,176,68,
1,176,69,
1,176,71,1.0
1,176,72,1.0
1,176,74,
1,176,75,
1,176,76,
1,176,78,1.0
1,176,79,
1,176,80,
1,176,81,1.0
1,176,82,
1,176,83,1.0
1,176,84,
1,176,85,
1,176,87,
1,176,89,
1,176,90,1.0
1,176,91,
1,176,92,
1,176,93,
1,176,94,
1,176,95,1.0
1,176,97,
1,176,99,
1,176,100,
1,176,102,1.0
1,176,103,
1,176,104,
1,176,105,
1,176,108,
1,176,109,1.0
1,176,110,
1,176,111,
1,176,113,1.0
1,176,115,
1,176,116,
1,176,117,
1,176,119,
1,177,61,1.0
1,177,62,
1,177,63,1.0
1,177,65,
1,177,66,
1,177,67,1.0
1,177,68,
1,177,69,
1,177,70,1.0
1,177,72,1.0
1,177,73,1.0
1,177,74,
1,177,75,
1,177,76,
1,177,78,1.0
1,177,79,
1,177,80,
1,177,81,1.0
1,177,82,
1,177,83,1.0
1,177,84,
1,177,85,
1,177,87,
1,177,89,
1,177,90,1.0
1,177,91,
1,177,92,
1,177,93,
1,177,94,
1,177,95,1.0
1,177,96,1.0
1,177,97,
1,177,99,
1,177,100,
1,177,102,1.0
1,177,103,
1,177,104,
1,177,105,
1,177,108,
1,177,109,1.0
1,177,110,
1,177,111,
1,177,113,1.0
1,177,115,
1,177,116,
1,177,117,
1,177,119,
1,178,61,1.0
1,178,62,
1,178,63,1.0
1,178,65,
1,178,66,
1,178,68,
1,178,69,
1,178,72,1.0
1,178,73,1.0
1,178,74,
1,178,75,
1,178,76,
1,178,78,1.0
1,178,79,
1,178,80,
1,178,81,1.0
1,178,82,
1,178,83,1.0
1,178,84,
1,178,85,
1,178,87,
1,178,88,1.0
1,178,89,
1,178,90,1.0
1,178,91,
1,178,92,
1,178,93,
1,178,94,
1,178,95,1.0
1,178,96,1.0
1,178,97,
1,178,99,
1,178,100,
1,178,102,1.0
1,178,103,
1,178,104,
1,178,105,
1,178,108,
1,178,109,1.0
1,178,110,
1,178,111,
1,178,113,1.0
1,178,115,
1,178,116,
1,178,117,
1,178,119,
1,179,61,1.0
1,179,62,
1,179,63,1.0
1,179,65,
1,179,66,
1,179,68,
1,179,69,
1,179,70,1.0
1,179,71,1.0
1,179,72,1.0
1,179,73,1.0
1,179,74,
1,179,75,
1,179,76,
1,179,77,1.0
1,179,78,1.0
1,179,79,
1,179,80,
1,179,81,1.0
1,179,82,
1,179,83,1.0
1,179,84,
1,179,85,
1,179,87,
1,179,89,
1,179,90,1.0
1,179,91,
1,179,92,
1,179,93,
1,179,94,
1,179,95,1.0
1,179,97,
1,179,99,
1,179,100,
1,179,102,1.0
1,179,103,
1,179,104,
1,179,105,
1,179,108,
1,179,109,1.0
1,179,110,
1,179,111,
1,179,114,1.0
1,179,115,
1,179,116,
1,179,117,
1,179,118,1.0
1,179,119,
1,180,61,1.0
1,180,62,
1,180,63,1.0
1,180,65,
1,180,66,
1,180,68,
1,180,69,
1,180,70,1.0
1,180,72,1.0
1,180,74,
1,180,75,
1,180,76,
1,180,78,1.0
1,180,79,
1,180,80,
1,180,81,1.0
1,180,82,
1,180,83,1.0
1,180,84,
1,180,85,
1,180,87,
1,180,89,
1,180,90,1.0
1,180,91,
1,180,92,
1,180,93,
1,180,94,
1,180,95,1.0
1,180,96,1.0
1,180,97,
1,180,99,
1,180,100,
1,180,102,1.0
1,180,103,
1,180,104,
1,180,105,
1,180,106,1.0
1,180,108,
1,180,109,1.0
1,180,110,
1,180,111,
1,180,113,1.0
1,180,114,1.0
1,180,115,
1,180,116,
1,180,117,
1,180,119,
1,181,61,1.0
1,181,62,
1,181,63,1.0
1,181,65,
1,181,66,
1,181,68,
1,181,69,
1,181,70,1.0
1,181,72,1.0
1,181,74,
1,181,75,
1,181,76,
1,181,78,1.0
1,181,79,
1,181,80,
1,181,81,1.0
1,181,82,
1,181,83,1.0
1,181,84,
1,181,85,
1,181,87,
1,181,89,
1,181,90,1.0
1,181,91,
1,181,92,
1,181,93,
1,181,94,
1,181,95,1.0
1,181,96,1.0
1,181,97,
1,181,98,1.0
1,181,99,
1,181,100,
1,181,102,1.0
1,181,103,
1,181,104,
1,181,105,
1,181,108,
1,181,109,1.0
1,181,110,
1,181,111,
1,181,115,
1,181,116,
1,181,117,
1,181,119,
1,182,61,1.0
1,182,62,
1,182,63,1.0
1,182,65,
1,182,66,
1,182,68,
1,182,69,
1,182,72,1.0
1,182,74,
1,182,75,
1,182,76,
1,182,78,1.0
1,182,79,
1,182,80,
1,182,81,1.0
1,182,82,
1,182,83,1.0
1,182,84,
1,182,85,
1,182,87,
1,182,89,
1,182,90,1.0
1,182,91,
1,182,92,
1,182,93,
1,182,94,
1,182,95,1.0
1,182,96,1.0
1,182,97,
1,182,98,1.0
1,182,99,
1,182,100,
1,182,102,1.0
1,182,103,
1,182,104,
1,182,105,
1,182,106,1.0
1,182,108,
1,182,109,1.0
1,182,110,
1,182,111,
1,182,115,
1,182,116,
1,182,117,
1,182,119,
1,183,61,1.0
1,183,62,
1,183,63,1.0
1,183,65,
1,183,66,
1,183,68,
1,183,69,
1,183,72,1.0
1,183,74,
1,183,75,
1,183,76,
1,183,78,1.0
1,183,79,
1,183,80,
1,183,81,1.0
1,183,82,
1,183,83,1.0
1,183,84,
1,183,85,
1,183,87,
1,183,89,
1,183,90,1.0
1,183,91,
1,183,92,
1,183,93,
1,183,94,
1,183,95,1.0
1,183,96,1.0
1,183,97,
1,183,99,
1,183,100,
1,183,102,1.0
1,183,103,
1,183,104,
1,183,105,
1,183,107,1.0
1,183,108,
1,183,109,1.0
1,183,110,
1,183,111,
1,183,115,
1,183,116,
1,183,117,
1,183,119,
1,184,61,1.0
1,184,62,
1,184,63,1.0
1,184,64,1.0
1,184,65,
1,184,66,
1,184,68,
1,184,69,
1,184,72,1.0
1,184,73,1.0
1,184,74,
1,184,75,
1,184,76,
1,184,78,1.0
1,184,79,
1,184,80,
1,184,81,1.0
1,184,82,
1,184,83,1.0
1,184,84,
1,184,85,
1,184,87,
1,184,89,
1,184,90,1.0
1,184,91,
1,184,92,
1,184,93,
1,184,94,
1,184,95,1.0
1,184,96,1.0
1,184,97,
1,184,99,
1,184,100,
1,184,102,1.0
1,184,103,
1,184,104,
1,184,105,
1,184,108,
1,184,109,1.0
1,184,110,
1,184,111,
1,184,115,
1,184,116,
1,184,117,
1,184,119,
1,185,61,1.0
1,185,62,
1,185,63,1.0
1,185,64,1.0
1,185,65,
1,185,66,
1,185,68,
1,185,69,
1,185,70,1.0
1,185,72,1.0
1,185,73,1.0
1,185,74,
1,185,75,
1,185,76,
1,185,78,1.0
1,185,79,
1,185,80,
1,185,82,
1,185,83,1.0
1,185,84,
1,185,85,
1,185,87,
1,185,89,
1,185,90,1.0
1,185,91,
1,185,92,
1,185,93,
1,185,94,
1,185,95,1.0
1,185,96,1.0
1,185,97,
1,185,99,
1,185,100,
1,185,102,1.0
1,185,103,
1,185,104,
1,185,105,
1,185,106,1.0
1,185,108,
1,185,109,1.0
1,185,110,
1,185,111,
1,185,115,
1,185,116,
1,185,117,
1,185,119,
1,186,61,1.0
1,186,62,
1,186,64,1.0
1,186,65,
1,186,66,
1,186,68,
1,186,69,
1,186,70,1.0
1,186,71,1.0
1,186,72,1.0
1,186,74,
1,186,75,
1,186,76,
1,186,78,1.0
1,186,79,
1,186,80,
1,186,81,1.0
1,186,82,
1,186,83,1.0
1,186,84,
1,186,85,
1,186,87,
1,186,89,
1,186,90,1.0
1,186,91,
1,186,92,
1,186,93,
1,186,94,
1,186,95,1.0
1,186,96,1.0
1,186,97,
1,186,99,
1,186,100,
1,186,102,1.0
1,186,103,
1,186,104,
1,186,105,
1,186,108,
1,186,109,1.0
1,186,110,
1,186,111,
1,186,113,1.0
1,186,115,
1,186,116,
1,186,117,
1,186,119,
1,187,61,1.0
1,187,62,
1,187,63,1.0
1,187,64,1.0
1,187,65,
1,187,66,
1,187,68,
1,187,69,
1,187,70,1.0
1,187,71,1.0
1,187,72,1.0
1,187,74,
1,187,75,
1,187,76,
1,187,78,1.0
1,187,79,
1,187,80,
1,187,81,1.0
1,187,82,
1,187,83,1.0
1,187,84,
1,187,85,
1,187,86,1.0
1,187,87,
1,187,89,
1,187,90,1.0
1,187,91,
1,187,92,
1,187,93,
1,187,94,
1,187,95,1.0
1,187,96,1.0
1,187,97,
1,187,99,
1,187,100,
1,187,102,1.0
1,187,103,
1,187,104,
1,187,105,
1,187,106,1.0
1,187,108,
1,187,109,1.0
1,187,110,
1,187,111,
1,187,114,1.0
1,187,115,
1,187,116,
1,187,117,
1,187,118,1.0
1,187,119,
1,188,61,1.0
1,188,62,
1,188,63,1.0
1,188,65,
1,188,66,
1,188,68,
1,188,69,
1,188,71,1.0
1,188,72,1.0
1,188,74,
1,188,75,
1,188,76,
1,188,77,1.0
1,188,78,1.0
1,188,79,
1,188,80,
1,188,81,1.0
1,188,82,
1,188,83,1.0
1,188,84,
1,188,85,
1,188,87,
1,188,89,
1,188,90,1.0
1,188,91,
1,188,92,
1,188,93,
1,188,94,
1,188,95,1.0
1,188,96,1.0
1,188,97,
1,188,98,1.0
1,188,99,
1,188,100,
1,188,102,1.0
1,188,103,
1,188,104,
1,188,105,
1,188,106,1.0
1,188,107,1.0
1,188,108,
1,188,109,1.0
1,188,110,
1,188,111,
1,188,113,1.0
1,188,114,1.0
1,188,115,
1,188,116,
1,188,117,
1,188,119,
1,189,61,1.0
1,189,62,
1,189,63,1.0
1,189,65,
1,189,66,
1,189,68,
1,189,69,
1,189,71,1.0
1,189,72,1.0
1,189,73,1.0
1,189,74,
1,189,75,
1,189,76,
1,189,77,1.0
1,189,78,1.0
1,189,79,
1,189,80,
1,189,81,1.0
1,189,82,
1,189,83,1.0
1,189,84,
1,189,85,
1,189,87,
1,189,89,
1,189,90,1.0
1,189,91,
1,189,92,
1,189,93,
1,189,94,
1,189,95,1.0
1,189,96,1.0
1,189,97,
1,189,99,
1,189,100,
1,189,102,1.0
1,189,103,
1,189,104,
1,189,105,
1,189,106,1.0
1,189,108,
1,189,109,1.0
1,189,110,
1,189,111,
1,189,115,
1,189,116,
1,189,117,
1,189,119,
1,190,61,1.0
1,190,62,
1,190,63,1.0
1,190,65,
1,190,66,
1,190,68,
1,190,69,
1,190,71,1.0
1,190,72,1.0
1,190,74,
1,190,75,
1,190,76,
1,190,77,1.0
1,190,78,1.0
1,190,79,
1,190,80,
1,190,81,1.0
1,190,82,
1,190,83,1.0
1,190,84,
1,190,85,
1,190,87,
1,190,89,
1,190,90,1.0
1,190,91,
1,190,92,
1,190,93,
1,190,94,
1,190,95,1.0
1,190,96,1.0
1,190,97,
1,190,99,
1,190,100,
1,190,102,1.0
1,190,103,
1,190,104,
1,190,105,
1,190,108,
1,190,109,1.0
1,190,110,
1,190,111,
1,190,115,
1,190,116,
1,190,117,
1,190,119,
1,191,61,1.0
1,191,62,
1,191,65,
1,191,66,
1,191,68,
1,191,69,
1,191,70,1.0
1,191,72,1.0
1,191,73,1.0
1,191,74,
1,191,75,
1,191,76,
1,191,78,1.0
1,191,79,
1,191,80,
1,191,81,1.0
1,191,82,
1,191,83,1.0
1,191,84,
1,191,85,
1,191,87,
1,191,89,
1,191,90,1.0
1,191,91,
1,191,92,
1,191,93,
1,191,94,
1,191,95,1.0
1,191,96,1.0
1,191,97,
1,191,99,
1,191,100,
1,191,102,1.0
1,191,103,
1,191,104,
1,191,105,
1,191,108,
1,191,109,1.0
1,191,110,
1,191,111,
1,191,112,1.0
1,191,113,1.0
1,191,115,
1,191,116,
1,191,117,
1,191,119,
1,192,61,1.0
1,192,62,
1,192,63,1.0
1,192,65,
1,192,66,
1,192,67,1.0
1,192,68,
1,192,69,
1,192,70,1.0
1,192,71,1.0
1,192,72,1.0
1,192,73,1.0
1,192,74,
1,192,75,
1,192,76,
1,192,78,1.0
1,192,79,
1,192,80,
1,192,81,1.0
1,192,82,
1,192,83,1.0
1,192,84,
1,192,85,
1,192,87,
1,192,88,1.0
1,192,89,
1,192,90,1.0
1,192,91,
1,192,92,
1,192,93,
1,192,94,
1,192,95,1.0
1,192,96,1.0
1,192,97,
1,192,98,1.0
1,192,99,
1,192,100,
1,192,102,1.0
1,192,103,
1,192,104,
1,192,105,
1,192,107,1.0
1,192,108,
1,192,109,1.0
1,192,110,
1,192,111,
1,192,115,
1,192,116,
1,192,117,
1,192,119,
1,193,61,1.0
1,193,62,
1,193,63,1.0
1,193,64,1.0
1,193,65,
1,193,66,
1,193,68,
1,193,69,
1,193,70,1.0
1,193,71,1.0
1,193,72,1.0
1,193,73,1.0
1,193,74,
1,193,75,
1,193,76,
1,193,78,1.0
1,193,79,
1,193,80,
1,193,81,1.0
1,193,82,
1,193,83,1.0
1,193,84,
1,193,85,
1,193,87,
1,193,89,
1,193,90,1.0
1,193,91,
1,193,92,
1,193,93,
1,193,94,
1,193,95,1.0
1,193,96,1.0
1,193,97,
1,193,99,
1,193,100,
1,193,102,1.0
1,193,103,
1,193,104,
1,193,105,
1,193,106,1.0
1,193,107,1.0
1,193,108,
1,193,109,1.0
1,193,110,
1,193,111,
1,193,113,1.0
1,193,115,
1,193,116,
1,193,117,
1,193,119,
1,194,61,1.0
1,194,62,
1,194,63,1.0
1,194,64,1.0
1,194,65,
1,194,66,
1,194,67,1.0
1,194,68,
1,194,69,
1,194,70,1.0
1,194,71,1.0
1,194,72,1.0
1,194,73,1.0
1,194,74,
1,194,75,
1,194,76,
1,194,77,1.0
1,194,78,1.0
1,194,79,
1,194,80,
1,194,81,1.0
1,194,82,
1,194,83,1.0
1,194,84,
1,194,85,
1,194,86,1.0
1,194,87,
1,194,88,1.0
1,194,89,
1,194,90,1.0
1,194,91,
1,194,92,
1,194,93,
1,194,94,
1,194,95,1.0
1,194,96,1.0
1,194,97,
1,194,98,1.0
1,194,99,
1,194,100,
1,194,101,1.0
1,194,103,
1,194,104,
1,194,105,
1,194,106,1.0
1,194,107,1.0
1,194,108,
1,194,109,1.0
1,194,110,
1,194,111,
1,194,112,1.0
1,194,113,1.0
1,194,114,1.0
1,194,115,
1,194,116,
1,194,117,
1,194,119,
1,195,61,1.0
1,195,62,
1,195,63,1.0
1,195,65,
1,195,66,
1,195,68,
1,195,69,
1,195,70,1.0
1,195,71,1.0
1,195,72,1.0
1,195,74,
1,195,75,
1,195,76,
1,195,78,1.0
1,195,79,
1,195,80,
1,195,81,1.0
1,195,82,
1,195,84,
1,195,85,
1,195,87,
1,195,89,
1,195,90,1.0
1,195,91,
1,195,92,
1,195,93,
1,195,94,
1,195,95,1.0
1,195,96,1.0
1,195,97,
1,195,99,
1,195,100,
1,195,102,1.0
1,195,103,
1,195,104,
1,195,105,
1,195,108,
1,195,109,1.0
1,195,110,
1,195,111,
1,195,113,1.0
1,195,115,
1,195,116,
1,195,117,
1,195,118,1.0
1,195,119,
1,196,61,1.0
1,196,62,
1,196,63,1.0
1,196,65,
1,196,66,
1,196,67,1.0
1,196,68,
1,196,69,
1,196,72,1.0
1,196,73,1.0
1,196,74,
1,196,75,
1,196,76,
1,196,78,1.0
1,196,79,
1,196,80,
1,196,81,1.0
1,196,82,
1,196,83,1.0
1,196,84,
1,196,85,
1,196,87,
1,196,88,1.0
1,196,89,
1,196,90,1.0
1,196,91,
1,196,92,
1,196,93,
1,196,94,
1,196,95,1.0
1,196,96,1.0
1,196,97,
1,196,99,
1,196,100,
1,196,102,1.0
1,196,103,
1,196,104,
1,196,105,
1,196,108,
1,196,109,1.0
1,196,110,
1,196,111,
1,196,115,
1,196,116,
1,196,117,
1,196,119,
1,197,61,1.0
1,197,62,
1,197,65,
1,197,66,
1,197,68,
1,197,69,
1,197,71,1.0
1,197,72,1.0
1,197,73,1.0
1,197,74,
1,197,75,
1,197,76,
1,197,78,1.0
1,197,79,
1,197,80,
1,197,81,1.0
1,197,82,
1,197,83,1.0
1,197,84,
1,197,85,
1,197,87,
1,197,89,
1,197,90,1.0
1,197,91,
1,197,92,
1,197,93,
1,197,94,
1,197,95,1.0
1,197,96,1.0
1,197,97,
1,197,99,
1,197,100,
1,197,102,1.0
1,197,103,
1,197,104,
1,197,105,
1,197,108,
1,197,109,1.0
1,197,110,
1,197,111,
1,197,113,1.0
1,197,115,
1,197,116,
1,197,117,
1,197,119,
1,198,61,1.0
1,198,62,
1,198,65,
1,198,66,
1,198,68,
1,198,69,
1,198,71,1.0
1,198,72,1.0
1,198,74,
1,198,75,
1,198,76,
1,198,78,1.0
1,198,79,
1,198,80,
1,198,81,1.0
1,198,82,
1,198,83,1.0
1,198,84,
1,198,85,
1,198,87,
1,198,89,
1,198,90,1.0
1,198,91,
1,198,92,
1,198,93,
1,198,94,
1,198,95,1.0
1,198,96,1.0
1,198,97,
1,198,99,
1,198,100,
1,198,102,1.0
1,198,103,
1,198,104,
1,198,105,
1,198,108,
1,198,109,1.0
1,198,110,
1,198,111,
1,198,115,
1,198,116,
1,198,117,
1,198,119,
1,199,61,1.0
1,199,62,
1,199,63,1.0
1,199,64,1.0
1,199,65,
1,199,66,
1,199,68,
1,199,69,
1,199,72,1.0
1,199,73,1.0
1,199,74,
1,199,75,
1,199,76,
1,199,78,1.0
1,199,79,
1,199,80,
1,199,81,1.0
1,199,82,
1,199,83,1.0
1,199,84,
1,199,85,
1,199,87,
1,199,89,
1,199,90,1.0
1,199,91,
1,199,92,
1,199,93,
1,199,94,
1,199,95,1.0
1,199,96,1.0
1,199,97,
1,199,99,
1,199,100,
1,199,102,1.0
1,199,103,
1,199,104,
1,199,105,
1,199,106,1.0
1,199,108,
1,199,109,1.0
1,199,110,
1,199,111,
1,199,115,
1,199,116,
1,199,117,
1,199,119,
1,200,61,1.0
1,200,62,
1,200,65,
1,200,66,
1,200,68,
1,200,69,
1,200,72,1.0
1,200,74,
1,200,75,
1,200,76,
1,200,78,1.0
1,200,79,
1,200,80,
1,200,81,1.0
1,200,82,
1,200,83,1.0
1,200,84,
1,200,85,
1,200,87,
1,200,89,
1,200,90,1.0
1,200,91,
1,200,92,
1,200,93,
1,200,94,
1,200,95,1.0
1,200,96,1.0
1,200,97,
1,200,99,
1,200,100,
1,200,102,1.0
1,200,103,
1,200,104,
1,200,105,
1,200,107,1.0
1,200,108,
1,200,109,1.0
1,200,110,
1,200,111,
1,200,115,
1,200,116,
1,200,117,
1,200,118,1.0
1,200,119,
1,201,61,1.0
1,201,62,
1,201,63,1.0
1,201,64,1.0
1,201,65,
1,201,66,
1,201,67,1.0
1,201,68,
1,201,69,
1,201,70,1.0
1,201,71,1.0
1,201,72,1.0
1,201,73,1.0
1,201,74,
1,201,75,
1,201,76,
1,201,78,1.0
1,201,79,
1,201,80,
1,201,81,1.0
1,201,82,
1,201,83,1.0
1,201,84,
1,201,85,
1,201,87,
1,201,89,
1,201,90,1.0
1,201,91,
1,201,92,
1,201,93,
1,201,94,
1,201,95,1.0
1,201,96,1.0
1,201,97,
1,201,99,
1,201,100,
1,201,102,1.0
1,201,103,
1,201,104,
1,201,105,
1,201,106,1.0
1,201,107,1.0
1,201,108,
1,201,109,1.0
1,201,110,
1,201,111,
1,201,114,1.0
1,201,115,
1,201,116,
1,201,117,
1,201,118,1.0
1,201,119,
1,202,61,1.0
1,202,62,
1,202,63,1.0
1,202,65,
1,202,66,
1,202,68,
1,202,69,
1,202,72,1.0
1,202,73,1.0
1,202,74,
1,202,75,
1,202,76,
1,202,77,1.0
1,202,78,1.0
1,202,79,
1,202,80,
1,202,81,1.0
1,202,82,
1,202,83,1.0
1,202,84,
1,202,85,
1,202,87,
1,202,88,1.0
1,202,89,
1,202,90,1.0
1,202,91,
1,202,92,
1,202,93,
1,202,94,
1,202,95,1.0
1,202,96,1.0
1,202,97,
1,202,99,
1,202,100,
1,202,102,1.0
1,202,103,
1,202,104,
1,202,105,
1,202,106,1.0
1,202,107,1.0
1,202,108,
1,202,110,
1,202,111,
1,202,115,
1,202,116,
1,202,117,
1,202,118,1.0
1,202,119,
1,203,61,1.0
1,203,62,
1,203,63,1.0
1,203,64,1.0
1,203,65,
1,203,66,
1,203,68,
1,203,69,
1,203,71,1.0
1,203,72,1.0
1,203,73,1.0
1,203,74,
1,203,75,
1,203,76,
1,203,77,1.0
1,203,78,1.0
1,203,79,
1,203,80,
1,203,81,1.0
1,203,82,
1,203,83,1.0
1,203,84,
1,203,85,
1,203,87,
1,203,88,1.0
1,203,89,
1,203,90,1.0
1,203,91,
1,203,92,
1,203,93,
1,203,94,
1,203,95,1.0
1,203,96,1.0
1,203,97,
1,203,99,
1,203,100,
1,203,103,
1,203,104,
1,203,105,
1,203,108,
1,203,109,1.0
1,203,110,
1,203,111,
1,203,115,
1,203,116,
1,203,117,
1,203,119,
1,204,61,1.0
1,204,62,
1,204,65,
1,204,66,
1,204,68,
1,204,69,
1,204,71,1.0
1,204,72,1.0
1,204,73,1.0
1,204,74,
1,204,75,
1,204,76,
1,204,78,1.0
1,204,79,
1,204,80,
1,204,81,1.0
1,204,82,
1,204,83,1.0
1,204,84,
1,204,85,
1,204,87,
1,204,88,1.0
1,204,89,
1,204,90,1.0
1,204,91,
1,204,92,
1,204,93,
1,204,94,
1,204,95,1.0
1,204,96,1.0
1,204,97,
1,204,99,
1,204,100,
1,204,102,1.0
1,204,103,
1,204,104,
1,204,105,
1,204,106,1.0
1,204,108,
1,204,109,1.0
1,204,110,
1,204,111,
1,204,115,
1,204,116,
1,204,117,
1,204,118,1.0
1,204,119,
1,205,61,1.0
1,205,62,
1,205,65,
1,205,66,
1,205,67,1.0
1,205,68,
1,205,69,
1,205,70,1.0
1,205,72,1.0
1,205,73,1.0
1,205,74,
1,205,75,
1,205,76,
1,205,77,1.0
1,205,78,1.0
1,205,79,
1,205,80,
1,205,81,1.0
1,205,82,
1,205,83,1.0
1,205,84,
1,205,85,
1,205,87,
1,205,89,
1,205,90,1.0
1,205,91,
1,205,92,
1,205,93,
1,205,94,
1,205,95,1.0
1,205,96,1.0
1,205,97,
1,205,99,
1,205,100,
1,205,102,1.0
1,205,103,
1,205,104,
1,205,105,
1,205,108,
1,205,109,1.0
1,205,110,
1,205,111,
1,205,115,
1,205,116,
1,205,117,
1,205,118,1.0
1,205,119,
1,206,61,1.0
1,206,62,
1,206,63,1.0
1,206,64,1.0
1,206,65,
1,206,66,
1,206,68,
1,206,69,
1,206,72,1.0
1,206,73,1.0
1,206,74,
1,206,75,
1,206,76,
1,206,77,1.0
1,206,79,
1,206,80,
1,206,81,1.0
1,206,82,
1,206,84,
1,206,85,
1,206,87,
1,206,89,
1,206,91,
1,206,92,
1,206,93,
1,206,94,
1,206,95,1.0
1,206,96,1.0
1,206,97,
1,206,99,
1,206,100,
1,206,102,1.0
1,206,103,
1,206,104,
1,206,105,
1,206,108,
1,206,109,1.0
1,206,110,
1,206,111,
1,206,115,
1,206,116,
1,206,117,
1,206,119,
1,207,61,1.0
1,207,62,
1,207,63,1.0
1,207,64,1.0
1,207,65,
1,207,66,
1,207,67,1.0
1,207,68,
1,207,69,
1,207,70,1.0
1,207,72,1.0
1,207,73,1.0
1,207,74,
1,207,75,
1,207,76,
1,207,77,1.0
1,207,78,1.0
1,207,79,
1,207,80,
1,207,81,1.0
1,207,82,
1,207,83,1.0
1,207,84,
1,207,85,
1,207,87,
1,207,89,
1,207,90,1.0
1,207,91,
1,207,92,
1,207,93,
1,207,94,
1,207,95,1.0
1,207,96,1.0
1,207,97,
1,207,98,1.0
1,207,99,
1,207,100,
1,207,102,1.0
1,207,103,
1,207,104,
1,207,105,
1,207,106,1.0
1,207,107,1.0
1,207,108,
1,207,109,1.0
1,207,110,
1,207,111,
1,207,113,1.0
1,207,115,
1,207,116,
1,207,117,
1,207,118,1.0
1,207,119,
1,208,61,1.0
1,208,62,
1,208,63,1.0
1,208,65,
1,208,66,
1,208,68,
1,208,69,
1,208,70,1.0
1,208,72,1.0
1,208,73,1.0
1,208,74,
1,208,75,
1,208,76,
1,208,78,1.0
1,208,79,
1,208,80,
1,208,81,1.0
1,208,82,
1,208,83,1.0
1,208,84,
1,208,85,
1,208,87,
1,208,89,
1,208,90,1.0
1,208,91,
1,208,92,
1,208,93,
1,208,94,
1,208,95,1.0
1,208,96,1.0
1,208,97,
1,208,99,
1,208,100,
1,208,102,1.0
1,208,103,
1,208,104,
1,208,105,
1,208,107,1.0
1,208,108,
1,208,109,1.0
1,208,110,
1,208,111,
1,208,112,1.0
1,208,113,1.0
1,208,115,
1,208,116,
1,208,117,
1,208,119,
1,209,61,1.0
1,209,62,
1,209,65,
1,209,66,
1,209,68,
1,209,69,
1,209,71,1.0
1,209,72,1.0
1,209,73,1.0
1,209,74,
1,209,75,
1,209,76,
1,209,78,1.0
1,209,79,
1,209,80,
1,209,81,1.0
1,209,82,
1,209,83,1.0
1,209,84,
1,209,85,
1,209,87,
1,209,89,
1,209,90,1.0
1,209,91,
1,209,92,
1,209,93,
1,209,94,
1,209,95,1.0
1,209,96,1.0
1,209,97,
1,209,99,
1,209,100,
1,209,102,1.0
1,209,103,
1,209,104,
1,209,105,
1,209,108,
1,209,109,1.0
1,209,110,
1,209,111,
1,209,113,1.0
1,209,115,
1,209,116,
1,209,117,
1,209,118,1.0
1,209,119,
1,210,61,1.0
1,210,62,
1,210,63,1.0
1,210,65,
1,210,66,
1,210,67,1.0
1,210,68,
1,210,69,
1,210,71,1.0
1,210,72,1.0
1,210,73,1.0
1,210,74,
1,210,75,
1,210,76,
1,210,77,1.0
1,210,78,1.0
1,210,79,
1,210,80,
1,210,81,1.0
1,210,82,
1,210,83,1.0
1,210,84,
1,210,85,
1,210,87,
1,210,89,
1,210,90,1.0
1,210,91,
1,210,92,
1,210,93,
1,210,94,
1,210,95,1.0
1,210,96,1.0
1,210,97,
1,210,98,1.0
1,210,99,
1,210,100,
1,210,102,1.0
1,210,103,
1,210,104,
1,210,105,
1,210,107,1.0
1,210,108,
1,210,109,1.0
1,210,110,
1,210,111,
1,210,113,1.0
1,210,115,
1,210,116,
1,210,117,
1,210,119,
1,211,61,1.0
1,211,62,
1,211,63,1.0
1,211,65,
1,211,66,
1,211,67,1.0
1,211,68,
1,211,69,
1,211,70,1.0
1,211,71,1.0
1,211,72,1.0
1,211,73,1.0
1,211,74,
1,211,75,
1,211,76,
1,211,77,1.0
1,211,78,1.0
1,211,79,
1,211,80,
1,211,81,1.0
1,211,82,
1,211,83,1.0
1,211,84,
1,211,85,
1,211,87,
1,211,89,
1,211,90,1.0
1,211,91,
1,211,92,
1,211,93,
1,211,94,
1,211,95,1.0
1,211,96,1.0
1,211,97,
1,211,99,
1,211,100,
1,211,102,1.0
1,211,103,
1,211,104,
1,211,105,
1,211,107,1.0
1,211,108,
1,211,109,1.0
1,211,110,
1,211,111,
1,211,113,1.0
1,211,115,
1,211,116,
1,211,117,
1,211,119,
1,212,61,1.0
1,212,62,
1,212,63,1.0
1,212,65,
1,212,66,
1,212,68,
1,212,69,
1,212,70,1.0
1,212,71,1.0
1,212,72,1.0
1,212,73,1.0
1,212,74,
1,212,75,
1,212,76,
1,212,77,1.0
1,212,78,1.0
1,212,79,
1,212,80,
1,212,81,1.0
1,212,82,
1,212,83,1.0
1,212,84,
1,212,85,
1,212,87,
1,212,89,
1,212,90,1.0
1,212,91,
1,212,92,
1,212,93,
1,212,94,
1,212,95,1.0
1,212,96,1.0
1,212,97,
1,212,99,
1,212,100,
1,212,102,1.0
1,212,103,
1,212,104,
1,212,105,
1,212,108,
1,212,109,1.0
1,212,110,
1,212,111,
1,212,112,1.0
1,212,115,
1,212,116,
1,212,117,
1,212,118,1.0
1,212,119,
1,213,61,1.0
1,213,62,
1,213,63,1.0
1,213,65,
1,213,66,
1,213,68,
1,213,69,
1,213,72,1.0
1,213,73,1.0
1,213,74,
1,213,75,
1,213,76,
1,213,77,1.0
1,213,78,1.0
1,213,79,
1,213,80,
1,213,81,1.0
1,213,82,
1,213,83,1.0
1,213,84,
1,213,85,
1,213,87,
1,213,89,
1,213,90,1.0
1,213,91,
1,213,92,
1,213,93,
1,213,94,
1,213,95,1.0
1,213,96,1.0
1,213,97,
1,213,99,
1,213,100,
1,213,102,1.0
1,213,103,
1,213,104,
1,213,105,
1,213,108,
1,213,109,1.0
1,213,110,
1,213,111,
1,213,115,
1,213,116,
1,213,117,
1,213,118,1.0
1,213,119,
1,214,61,1.0
1,214,62,
1,214,63,1.0
1,214,65,
1,214,66,
1,214,68,
1,214,69,
1,214,70,1.0
1,214,71,1.0
1,214,73,1.0
1,214,74,
1,214,75,
1,214,76,
1,214,77,1.0
1,214,78,1.0
1,214,79,
1,214,80,
1,214,81,1.0
1,214,82,
1,214,83,1.0
1,214,84,
1,214,85,
1,214,87,
1,214,89,
1,214,90,1.0
1,214,91,
1,214,92,
1,214,93,
1,214,94,
1,214,95,1.0
1,214,96,1.0
1,214,97,
1,214,98,1.0
1,214,99,
1,214,100,
1,214,101,1.0
1,214,102,1.0
1,214,103,
1,214,104,
1,214,105,
1,214,108,
1,214,109,1.0
1,214,110,
1,214,111,
1,214,113,1.0
1,214,114,1.0
1,214,115,
1,214,116,
1,214,117,
1,214,119,
1,215,61,1.0
1,215,62,
1,215,63,1.0
1,215,65,
1,215,66,
1,215,68,
1,215,69,
1,215,72,1.0
1,215,73,1.0
1,215,74,
1,215,75,
1,215,76,
1,215,78,1.0
1,215,79,
1,215,80,
1,215,81,1.0
1,215,82,
1,215,83,1.0
1,215,84,
1,215,85,
1,215,87,
1,215,89,
1,215,90,1.0
1,215,91,
1,215,92,
1,215,93,
1,215,94,
1,215,95,1.0
1,215,96,1.0
1,215,97,
1,215,99,
1,215,100,
1,215,102,1.0
1,215,103,
1,215,104,
1,215,105,
1,215,107,1.0
1,215,108,
1,215,109,1.0
1,215,110,
1,215,111,
1,215,115,
1,215,116,
1,215,117,
1,215,118,1.0
1,215,119,
1,216,61,1.0
1,216,62,
1,216,63,1.0
1,216,65,
1,216,66,
1,216,68,
1,216,69,
1,216,70,1.0
1,216,72,1.0
1,216,73,1.0
1,216,74,
1,216,75,
1,216,76,
1,216,78,1.0
1,216,79,
1,216,80,
1,216,81,1.0
1,216,82,
1,216,83,1.0
1,216,84,
1,216,85,
1,216,87,
1,216,88,1.0
1,216,89,
1,216,90,1.0
1,216,91,
1,216,92,
1,216,93,
1,216,94,
1,216,95,1.0
1,216,96,1.0
1,216,97,
1,216,99,
1,216,100,
1,216,102,1.0
1,216,103,
1,216,104,
1,216,105,
1,216,108,
1,216,109,1.0
1,216,110,
1,216,111,
1,216,115,
1,216,116,
1,216,117,
1,216,118,1.0
1,216,119,
1,217,61,1.0
1,217,62,
1,217,63,1.0
1,217,65,
1,217,66,
1,217,68,
1,217,69,
1,217,71,1.0
1,217,73,1.0
1,217,74,
1,217,75,
1,217,76,
1,217,77,1.0
1,217,78,1.0
1,217,79,
1,217,80,
1,217,81,1.0
1,217,82,
1,217,83,1.0
1,217,84,
1,217,85,
1,217,87,
1,217,89,
1,217,90,1.0
1,217,91,
1,217,92,
1,217,93,
1,217,94,
1,217,95,1.0
1,217,96,1.0
1,217,97,
1,217,99,
1,217,100,
1,217,102,1.0
1,217,103,
1,217,104,
1,217,105,
1,217,108,
1,217,109,1.0
1,217,110,
1,217,111,
1,217,115,
1,217,116,
1,217,117,
1,217,119,
1,218,61,1.0
1,218,62,
1,218,63,1.0
1,218,65,
1,218,66,
1,218,68,
1,218,69,
1,218,72,1.0
1,218,73,1.0
1,218,74,
1,218,75,
1,218,76,
1,218,77,1.0
1,218,79,
1,218,80,
1,218,81,1.0
1,218,82,
1,218,83,1.0
1,218,84,
1,218,85,
1,218,87,
1,218,89,
1,218,91,
1,218,92,
1,218,93,
1,218,94,
1,218,96,1.0
1,218,97,
1,218,99,
1,218,100,
1,218,102,1.0
1,218,103,
1,218,104,
1,218,105,
1,218,106,1.0
1,218,108,
1,218,109,1.0
1,218,110,
1,218,111,
1,218,113,1.0
1,218,115,
1,218,116,
1,218,117,
1,218,119,
1,219,61,1.0
1,219,62,
1,219,63,1.0
1,219,65,
1,219,66,
1,219,68,
1,219,69,
1,219,70,1.0
1,219,71,1.0
1,219,72,1.0
1,219,73,1.0
1,219,74,
1,219,75,
1,219,76,
1,219,77,1.0
1,219,78,1.0
1,219,79,
1,219,80,
1,219,81,1.0
1,219,82,
1,219,83,1.0
1,219,84,
1,219,85,
1,219,87,
1,219,88,1.0
1,219,89,
1,219,90,1.0
1,219,91,
1,219,92,
1,219,93,
1,219,94,
1,219,95,1.0
1,219,96,1.0
1,219,97,
1,219,99,
1,219,100,
1,219,102,1.0
1,219,103,
1,219,104,
1,219,105,
1,219,108,
1,219,109,1.0
1,219,110,
1,219,111,
1,219,112,1.0
1,219,115,
1,219,116,
1,219,117,
1,219,119,
1,220,61,1.0
1,220,62,
1,220,63,1.0
1,220,65,
1,220,66,
1,220,67,1.0
1,220,68,
1,220,69,
1,220,70,1.0
1,220,71,1.0
1,220,72,1.0
1,220,74,
1,220,75,
1,220,76,
1,220,77,1.0
1,220,78,1.0
1,220,79,
1,220,80,
1,220,81,1.0
1,220,82,
1,220,83,1.0
1,220,84,
1,220,85,
1,220,87,
1,220,89,
1,220,90,1.0
1,220,91,
1,220,92,
1,220,93,
1,220,94,
1,220,95,1.0
1,220,96,1.0
1,220,97,
1,220,99,
1,220,100,
1,220,102,1.0
1,220,103,
1,220,104,
1,220,105,
1,220,108,
1,220,109,1.0
1,220,110,
1,220,111,
1,220,112,1.0
1,220,113,1.0
1,220,115,
1,220,116,
1,220,117,
1,220,119,
1,221,61,1.0
1,221,62,
1,221,63,1.0
1,221,65,
1,221,66,
1,221,68,
1,221,69,
1,221,70,1.0
1,221,72,1.0
1,221,73,1.0
1,221,74,
1,221,75,
1,221,76,
1,221,77,1.0
1,221,79,
1,221,80,
1,221,81,1.0
1,221,82,
1,221,83,1.0
1,221,84,
1,221,85,
1,221,87,
1,221,89,
1,221,90,1.0
1,221,91,
1,221,92,
1,221,93,
1,221,94,
1,221,95,1.0
1,221,96,1.0
1,221,97,
1,221,99,
1,221,100,
1,221,102,1.0
1,221,103,
1,221,104,
1,221,105,
1,221,108,
1,221,109,1.0
1,221,110,
1,221,111,
1,221,112,1.0
1,221,113,1.0
1,221,115,
1,221,116,
1,221,117,
1,221,119,
1,222,61,1.0
1,222,62,
1,222,63,1.0
1,222,65,
1,222,66,
1,222,67,1.0
1,222,68,
1,222,69,
1,222,70,1.0
1,222,72,1.0
1,222,73,1.0
1,222,74,
1,222,75,
1,222,76,
1,222,77,1.0
1,222,78,1.0
1,222,79,
1,222,80,
1,222,81,1.0
1,222,82,
1,222,83,1.0
1,222,84,
1,222,85,
1,222,87,
1,222,89,
1,222,90,1.0
1,222,91,
1,222,92,
1,222,93,
1,222,94,
1,222,95,1.0
1,222,96,1.0
1,222,97,
1,222,98,1.0
1,222,99,
1,222,100,
1,222,102,1.0
1,222,103,
1,222,104,
1,222,105,
1,222,108,
1,222,109,1.0
1,222,110,
1,222,111,
1,222,112,1.0
1,222,113,1.0
1,222,115,
1,222,116,
1,222,117,
1,222,119,
1,223,61,1.0
1,223,62,
1,223,63,1.0
1,223,65,
1,223,66,
1,223,68,
1,223,69,
1,223,70,1.0
1,223,72,1.0
1,223,73,1.0
1,223,74,
1,223,75,
1,223,76,
1,223,77,1.0
1,223,78,1.0
1,223,79,
1,223,80,
1,223,81,1.0
1,223,82,
1,223,83,1.0
1,223,84,
1,223,85,
1,223,87,
1,223,88,1.0
1,223,89,
1,223,90,1.0
1,223,91,
1,223,92,
1,223,93,
1,223,94,
1,223,95,1.0
1,223,96,1.0
1,223,97,
1,223,98,1.0
1,223,99,
1,223,100,
1,223,102,1.0
1,223,103,
1,223,104,
1,223,105,
1,223,107,1.0
1,223,108,
1,223,109,1.0
1,223,110,
1,223,111,
1,223,112,1.0
1,223,113,1.0
1,223,115,
1,223,116,
1,223,117,
1,223,118,1.0
1,223,119,
1,224,61,1.0
1,224,62,
1,224,63,1.0
1,224,64,1.0
1,224,65,
1,224,66,
1,224,68,
1,224,69,
1,224,70,1.0
1,224,72,1.0
1,224,73,1.0
1,224,74,
1,224,75,
1,224,76,
1,224,77,1.0
1,224,79,
1,224,80,
1,224,81,1.0
1,224,82,
1,224,83,1.0
1,224,84,
1,224,85,
1,224,87,
1,224,88,1.0
1,224,89,
1,224,90,1.0
1,224,91,
1,224,92,
1,224,93,
1,224,94,
1,224,95,1.0
1,224,96,1.0
1,224,97,
1,224,98,1.0
1,224,99,
1,224,100,
1,224,102,1.0
1,224,103,
1,224,104,
1,224,105,
1,224,107,1.0
1,224,108,
1,224,109,1.0
1,224,110,
1,224,111,
1,224,112,1.0
1,224,113,1.0
1,224,115,
1,224,116,
1,224,117,
1,224,118,1.0
1,224,119,
1,225,61,1.0
1,225,62,
1,225,63,1.0
1,225,65,
1,225,66,
1,225,67,1.0
1,225,68,
1,225,69,
1,225,70,1.0
1,225,71,1.0
1,225,72,1.0
1,225,73,1.0
1,225,74,
1,225,75,
1,225,76,
1,225,77,1.0
1,225,78,1.0
1,225,79,
1,225,80,
1,225,81,1.0
1,225,82,
1,225,83,1.0
1,225,84,
1,225,85,
1,225,87,
1,225,89,
1,225,90,1.0
1,225,91,
1,225,92,
1,225,93,
1,225,94,
1,225,95,1.0
1,225,96,1.0
1,225,97,
1,225,99,
1,225,100,
1,225,102,1.0
1,225,103,
1,225,104,
1,225,105,
1,225,107,1.0
1,225,108,
1,225,109,1.0
1,225,110,
1,225,111,
1,225,112,1.0
1,225,113,1.0
1,225,114,1.0
1,225,115,
1,225,116,
1,225,117,
1,225,118,1.0
1,225,119,
1,226,61,1.0
1,226,62,
1,226,63,1.0
1,226,64,1.0
1,226,65,
1,226,66,
1,226,68,
1,226,69,
1,226,71,1.0
1,226,72,1.0
1,226,73,1.0
1,226,74,
1,226,75,
1,226,76,
1,226,77,1.0
1,226,78,1.0
1,226,79,
1,226,80,
1,226,81,1.0
1,226,82,
1,226,83,1.0
1,226,84,
1,226,85,
1,226,87,
1,226,89,
1,226,90,1.0
1,226,91,
1,226,92,
1,226,93,
1,226,94,
1,226,95,1.0
1,226,96,1.0
1,226,97,
1,226,98,1.0
1,226,99,
1,226,100,
1,226,102,1.0
1,226,103,
1,226,104,
1,226,105,
1,226,107,1.0
1,226,108,
1,226,109,1.0
1,226,110,
1,226,111,
1,226,112,1.0
1,226,113,1.0
1,226,115,
1,226,116,
1,226,117,
1,226,119,
1,227,61,1.0
1,227,62,
1,227,63,1.0
1,227,64,1.0
1,227,65,
1,227,66,
1,227,68,
1,227,69,
1,227,71,1.0
1,227,72,1.0
1,227,73,1.0
1,227,74,
1,227,75,
1,227,76,
1,227,77,1.0
1,227,78,1.0
1,227,79,
1,227,80,
1,227,81,1.0
1,227,82,
1,227,83,1.0
1,227,84,
1,227,85,
1,227,87,
1,227,89,
1,227,90,1.0
1,227,91,
1,227,92,
1,227,93,
1,227,94,
1,227,95,1.0
1,227,96,1.0
1,227,97,
1,227,98,1.0
1,227,99,
1,227,100,
1,227,102,1.0
1,227,103,
1,227,104,
1,227,105,
1,227,107,1.0
1,227,108,
1,227,109,1.0
1,227,110,
1,227,111,
1,227,112,1.0
1,227,113,1.0
1,227,114,1.0
1,227,115,
1,227,116,
1,227,117,
1,227,118,1.0
1,227,119,
1,228,61,1.0
1,228,62,
1,228,63,1.0
1,228,65,
1,228,66,
1,228,68,
1,228,69,
1,228,71,1.0
1,228,72,1.0
1,228,73,1.0
1,228,74,
1,228,75,
1,228,76,
1,228,77,1.0
1,228,78,1.0
1,228,79,
1,228,80,
1,228,81,1.0
1,228,82,
1,228,83,1.0
1,228,84,
1,228,85,
1,228,87,
1,228,88,1.0
1,228,89,
1,228,90,1.0
1,228,91,
1,228,92,
1,228,93,
1,228,94,
1,228,95,1.0
1,228,96,1.0
1,228,97,
1,228,98,1.0
1,228,99,
1,228,100,
1,228,102,1.0
1,228,103,
1,228,104,
1,228,105,
1,228,107,1.0
1,228,108,
1,228,109,1.0
1,228,110,
1,228,111,
1,228,113,1.0
1,228,114,1.0
1,228,115,
1,228,116,
1,228,117,
1,228,118,1.0
1,228,119,
1,229,61,1.0
1,229,62,
1,229,65,
1,229,66,
1,229,68,
1,229,69,
1,229,72,1.0
1,229,73,1.0
1,229,74,
1,229,75,
1,229,76,
1,229,78,1.0
1,229,79,
1,229,80,
1,229,81,1.0
1,229,82,
1,229,83,1.0
1,229,84,
1,229,85,
1,229,87,
1,229,89,
1,229,90,1.0
1,229,91,
1,229,92,
1,229,93,
1,229,94,
1,229,95,1.0
1,229,96,1.0
1,229,97,
1,229,98,1.0
1,229,99,
1,229,100,
1,229,102,1.0
1,229,103,
1,229,104,
1,229,105,
1,229,107,1.0
1,229,108,
1,229,109,1.0
1,229,110,
1,229,111,
1,229,112,1.0
1,229,113,1.0
1,229,114,1.0
1,229,115,
1,229,116,
1,229,117,
1,229,119,
1,230,61,1.0
1,230,62,
1,230,63,1.0
1,230,65,
1,230,66,
1,230,67,1.0
1,230,68,
1,230,69,
1,230,71,1.0
1,230,72,1.0
1,230,73,1.0
1,230,74,
1,230,75,
1,230,76,
1,230,77,1.0
1,230,78,1.0
1,230,79,
1,230,80,
1,230,81,1.0
1,230,82,
1,230,83,1.0
1,230,84,
1,230,85,
1,230,87,
1,230,88,1.0
1,230,89,
1,230,90,1.0
1,230,91,
1,230,92,
1,230,93,
1,230,94,
1,230,95,1.0
1,230,96,1.0
1,230,97,
1,230,98,1.0
1,230,99,
1,230,100,
1,230,102,1.0
1,230,103,
1,230,104,
1,230,105,
1,230,107,1.0
1,230,108,
1,230,109,1.0
1,230,110,
1,230,111,
1,230,112,1.0
1,230,115,
1,230,116,
1,230,117,
1,230,119,
1,231,61,1.0
1,231,62,
1,231,63,1.0
1,231,65,
1,231,66,
1,231,68,
1,231,69,
1,231,71,1.0
1,231,72,1.0
1,231,73,1.0
1,231,74,
1,231,75,
1,231,76,
1,231,78,1.0
1,231,79,
1,231,80,
1,231,81,1.0
1,231,82,
1,231,83,1.0
1,231,84,
1,231,85,
1,231,87,
1,231,88,1.0
1,231,89,
1,231,90,1.0
1,231,91,
1,231,92,
1,231,93,
1,231,94,
1,231,95,1.0
1,231,96,1.0
1,231,97,
1,231,99,
1,231,100,
1,231,102,1.0
1,231,103,
1,231,104,
1,231,105,
1,231,106,1.0
1,231,108,
1,231,109,1.0
1,231,110,
1,231,111,
1,231,112,1.0
1,231,113,1.0
1,231,115,
1,231,116,
1,231,117,
1,231,118,1.0
1,231,119,
1,232,61,1.0
1,232,62,
1,232,63,1.0
1,232,65,
1,232,66,
1,232,68,
1,232,69,
1,232,71,1.0
1,232,72,1.0
1,232,73,1.0
1,232,74,
1,232,75,
1,232,76,
1,232,77,1.0
1,232,78,1.0
1,232,79,
1,232,80,
1,232,81,1.0
1,232,82,
1,232,83,1.0
1,232,84,
1,232,85,
1,232,86,1.0
1,232,87,
1,232,88,1.0
1,232,89,
1,232,90,1.0
1,232,91,
1,232,92,
1,232,93,
1,232,94,
1,232,95,1.0
1,232,96,1.0
1,232,97,
1,232,98,1.0
1,232,99,
1,232,100,
1,232,102,1.0
1,232,103,
1,232,104,
1,232,105,
1,232,108,
1,232,109,1.0
1,232,110,
1,232,111,
1,232,112,1.0
1,232,113,1.0
1,232,115,
1,232,116,
1,232,117,
1,232,118,1.0
1,232,119,
1,233,61,1.0
1,233,62,
1,233,63,1.0
1,233,65,
1,233,66,
1,233,68,
1,233,69,
1,233,71,1.0
1,233,72,1.0
1,233,73,1.0
1,233,74,
1,233,75,
1,233,76,
1,233,77,1.0
1,233,78,1.0
1,233,79,
1,233,80,
1,233,81,1.0
1,233,82,
1,233,83,1.0
1,233,84,
1,233,85,
1,233,86,1.0
1,233,87,
1,233,88,1.0
1,233,89,
1,233,90,1.0
1,233,91,
1,233,92,
1,233,93,
1,233,94,
1,233,95,1.0
1,233,96,1.0
1,233,97,
1,233,98,1.0
1,233,99,
1,233,100,
1,233,102,1.0
1,233,103,
1,233,104,
1,233,105,
1,233,108,
1,233,109,1.0
1,233,110,
1,233,111,
1,233,112,1.0
1,233,113,1.0
1,233,115,
1,233,116,
1,233,117,
1,233,118,1.0
1,233,119,
1,234,61,1.0
1,234,62,
1,234,63,1.0
1,234,64,1.0
1,234,65,
1,234,66,
1,234,68,
1,234,69,
1,234,71,1.0
1,234,72,1.0
1,234,73,1.0
1,234,74,
1,234,75,
1,234,76,
1,234,77,1.0
1,234,78,1.0
1,234,79,
1,234,80,
1,234,81,1.0
1,234,82,
1,234,83,1.0
1,234,84,
1,234,85,
1,234,87,
1,234,88,1.0
1,234,89,
1,234,90,1.0
1,234,91,
1,234,92,
1,234,93,
1,234,94,
1,234,95,1.0
1,234,96,1.0
1,234,97,
1,234,99,
1,234,100,
1,234,102,1.0
1,234,103,
1,234,104,
1,234,105,
1,234,108,
1,234,110,
1,234,111,
1,234,112,1.0
1,234,114,1.0
1,234,115,
1,234,116,
1,234,117,
1,234,118,1.0
1,234,119,
1,235,61,1.0
1,235,62,
1,235,63,1.0
1,235,64,1.0
1,235,65,
1,235,66,
1,235,67,1.0
1,235,68,
1,235,69,
1,235,70,1.0
1,235,71,1.0
1,235,72,1.0
1,235,73,1.0
1,235,74,
1,235,75,
1,235,76,
1,235,77,1.0
1,235,79,
1,235,80,
1,235,81,1.0
1,235,82,
1,235,83,1.0
1,235,84,
1,235,85,
1,235,86,1.0
1,235,87,
1,235,88,1.0
1,235,89,
1,235,90,1.0
1,235,91,
1,235,92,
1,235,93,
1,235,94,
1,235,95,1.0
1,235,96,1.0
1,235,97,
1,235,98,1.0
1,235,99,
1,235,100,
1,235,102,1.0
1,235,103,
1,235,104,
1,235,105,
1,235,108,
1,235,110,
1,235,111,
1,235,112,1.0
1,235,113,1.0
1,235,114,1.0
1,235,115,
1,235,116,
1,235,117,
1,235,119,
1,236,61,1.0
1,236,62,
1,236,63,1.0
1,236,64,1.0
1,236,65,
1,236,66,
1,236,67,1.0
1,236,68,
1,236,69,
1,236,70,1.0
1,236,71,1.0
1,236,72,1.0
1,236,73,1.0
1,236,74,
1,236,75,
1,236,76,
1,236,77,1.0
1,236,79,
1,236,80,
1,236,81,1.0
1,236,82,
1,236,83,1.0
1,236,84,
1,236,85,
1,236,86,1.0
1,236,87,
1,236,88,1.0
1,236,89,
1,236,90,1.0
1,236,91,
1,236,92,
1,236,93,
1,236,94,
1,236,95,1.0
1,236,96,1.0
1,236,97,
1,236,98,1.0
1,236,99,
1,236,100,
1,236,102,1.0
1,236,103,
1,236,104,
1,236,105,
1,236,106,1.0
1,236,108,
1,236,110,
1,236,111,
1,236,112,1.0
1,236,113,1.0
1,236,114,1.0
1,236,115,
1,236,116,
1,236,117,
1,236,119,
1,237,61,1.0
1,237,62,
1,237,64,1.0
1,237,65,
1,237,66,
1,237,67,1.0
1,237,68,
1,237,69,
1,237,70,1.0
1,237,71,1.0
1,237,72,1.0
1,237,73,1.0
1,237,74,
1,237,75,
1,237,76,
1,237,77,1.0
1,237,79,
1,237,80,
1,237,81,1.0
1,237,82,
1,237,83,1.0
1,237,84,
1,237,85,
1,237,86,1.0
1,237,87,
1,237,88,1.0
1,237,89,
1,237,90,1.0
1,237,91,
1,237,92,
1,237,93,
1,237,94,
1,237,95,1.0
1,237,96,1.0
1,237,97,
1,237,98,1.0
1,237,99,
1,237,100,
1,237,101,1.0
1,237,102,1.0
1,237,103,
1,237,104,
1,237,105,
1,237,106,1.0
1,237,107,1.0
1,237,108,
1,237,109,1.0
1,237,110,
1,237,111,
1,237,112,1.0
1,237,113,1.0
1,237,114,1.0
1,237,115,
1,237,116,
1,237,117,
1,237,119,
1,238,61,1.0
1,238,62,
1,238,63,1.0
1,238,64,1.0
1,238,65,
1,238,66,
1,238,67,1.0
1,238,68,
1,238,69,
1,238,70,1.0
1,238,71,1.0
1,238,72,1.0
1,238,73,1.0
1,238,74,
1,238,75,
1,238,76,
1,238,78,1.0
1,238,79,
1,238,80,
1,238,81,1.0
1,238,82,
1,238,83,1.0
1,238,84,
1,238,85,
1,238,87,
1,238,88,1.0
1,238,89,
1,238,90,1.0
1,238,91,
1,238,92,
1,238,93,
1,238,94,
1,238,95,1.0
1,238,96,1.0
1,238,97,
1,238,98,1.0
1,238,99,
1,238,100,
1,238,101,1.0
1,238,102,1.0
1,238,103,
1,238,104,
1,238,105,
1,238,107,1.0
1,238,108,
1,238,109,1.0
1,238,110,
1,238,111,
1,238,112,1.0
1,238,113,1.0
1,238,115,
1,238,116,
1,238,117,
1,238,119,
1,239,62,
1,239,64,1.0
1,239,65,
1,239,66,
1,239,67,1.0
1,239,68,
1,239,69,
1,239,70,1.0
1,239,71,1.0
1,239,72,1.0
1,239,73,1.0
1,239,74,
1,239,75,
1,239,76,
1,239,77,1.0
1,239,79,
1,239,80,
1,239,81,1.0
1,239,82,
1,239,83,1.0
1,239,84,
1,239,85,
1,239,87,
1,239,88,1.0
1,239,89,
1,239,90,1.0
1,239,91,
1,239,92,
1,239,93,
1,239,94,
1,239,97,
1,239,98,1.0
1,239,99,
1,239,100,
1,239,103,
1,239,104,
1,239,105,
1,239,107,1.0
1,239,108,
1,239,110,
1,239,111,
1,239,112,1.0
1,239,113,1.0
1,239,115,
1,239,116,
1,239,117,
1,239,118,1.0
1,239,119,
1,240,61,1.0
1,240,62,
1,240,63,1.0
1,240,65,
1,240,66,
1,240,68,
1,240,69,
1,240,70,1.0
1,240,72,1.0
1,240,73,1.0
1,240,74,
1,240,75,
1,240,76,
1,240,78,1.0
1,240,79,
1,240,80,
1,240,81,1.0
1,240,82,
1,240,83,1.0
1,240,84,
1,240,85,
1,240,86,1.0
1,240,87,
1,240,89,
1,240,90,1.0
1,240,91,
1,240,92,
1,240,93,
1,240,94,
1,240,95,1.0
1,240,96,1.0
1,240,97,
1,240,99,
1,240,100,
1,240,101,1.0
1,240,102,1.0
1,240,103,
1,240,104,
1,240,105,
1,240,107,1.0
1,240,108,
1,240,109,1.0
1,240,110,
1,240,111,
1,240,114,1.0
1,240,115,
1,240,116,
1,240,117,
1,240,119,
1,241,61,1.0
1,241,62,
1,241,63,1.0
1,241,65,
1,241,66,
1,241,67,1.0
1,241,68,
1,241,69,
1,241,70,1.0
1,241,72,1.0
1,241,73,1.0
1,241,74,
1,241,75,
1,241,76,
1,241,78,1.0
1,241,79,
1,241,80,
1,241,81,1.0
1,241,82,
1,241,83,1.0
1,241,84,
1,241,85,
1,241,87,
1,241,89,
1,241,90,1.0
1,241,91,
1,241,92,
1,241,93,
1,241,94,
1,241,95,1.0
1,241,96,1.0
1,241,97,
1,241,98,1.0
1,241,99,
1,241,100,
1,241,102,1.0
1,241,103,
1,241,104,
1,241,105,
1,241,108,
1,241,109,1.0
1,241,110,
1,241,111,
1,241,112,1.0
1,241,114,1.0
1,241,115,
1,241,116,
1,241,117,
1,241,118,1.0
1,241,119,
1,242,61,1.0
1,242,62,
1,242,63,1.0
1,242,65,
1,242,66,
1,242,67,1.0
1,242,68,
1,242,69,
1,242,71,1.0
1,242,72,1.0
1,242,74,
1,242,75,
1,242,76,
1,242,78,1.0
1,242,79,
1,242,80,
1,242,81,1.0
1,242,82,
1,242,83,1.0
1,242,84,
1,242,85,
1,242,86,1.0
1,242,87,
1,242,88,1.0
1,242,89,
1,242,90,1.0
1,242,91,
1,242,92,
1,242,93,
1,242,94,
1,242,95,1.0
1,242,96,1.0
1,242,97,
1,242,98,1.0
1,242,99,
1,242,100,
1,242,102,1.0
1,242,103,
1,242,104,
1,242,105,
1,242,108,
1,242,109,1.0
1,242,110,
1,242,111,
1,242,113,1.0
1,242,115,
1,242,116,
1,242,117,
1,242,118,1.0
1,242,119,
1,243,61,1.0
1,243,62,
1,243,63,1.0
1,243,65,
1,243,66,
1,243,68,
1,243,69,
1,243,72,1.0
1,243,73,1.0
1,243,74,
1,243,75,
1,243,76,
1,243,77,1.0
1,243,78,1.0
1,243,79,
1,243,80,
1,243,81,1.0
1,243,82,
1,243,83,1.0
1,243,84,
1,243,85,
1,243,87,
1,243,89,
1,243,90,1.0
1,243,91,
1,243,92,
1,243,93,
1,243,94,
1,243,95,1.0
1,243,96,1.0
1,243,97,
1,243,99,
1,243,100,
1,243,101,1.0
1,243,102,1.0
1,243,103,
1,243,104,
1,243,105,
1,243,108,
1,243,109,1.0
1,243,110,
1,243,111,
1,243,112,1.0
1,243,114,1.0
1,243,115,
1,243,116,
1,243,117,
1,243,118,1.0
1,243,119,
1,244,61,1.0
1,244,62,
1,244,63,1.0
1,244,65,
1,244,66,
1,244,68,
1,244,69,
1,244,70,1.0
1,244,71,1.0
1,244,72,1.0
1,244,74,
1,244,75,
1,244,76,
1,244,77,1.0
1,244,78,1.0
1,244,79,
1,244,80,
1,244,81,1.0
1,244,82,
1,244,83,1.0
1,244,84,
1,244,85,
1,244,87,
1,244,89,
1,244,90,1.0
1,244,91,
1,244,92,
1,244,93,
1,244,94,
1,244,95,1.0
1,244,96,1.0
1,244,97,
1,244,99,
1,244,100,
1,244,102,1.0
1,244,103,
1,244,104,
1,244,105,
1,244,106,1.0
1,244,108,
1,244,109,1.0
1,244,110,
1,244,111,
1,244,112,1.0
1,244,113,1.0
1,244,114,1.0
1,244,115,
1,244,116,
1,244,117,
1,244,118,1.0
1,244,119,
1,245,61,1.0
1,245,62,
1,245,63,1.0
1,245,65,
1,245,66,
1,245,67,1.0
1,245,68,
1,245,69,
1,245,71,1.0
1,245,72,1.0
1,245,73,1.0
1,245,74,
1,245,75,
1,245,76,
1,245,77,1.0
1,245,78,1.0
1,245,79,
1,245,80,
1,245,81,1.0
1,245,82,
1,245,83,1.0
1,245,84,
1,245,85,
1,245,86,1.0
1,245,87,
1,245,88,1.0
1,245,89,
1,245,90,1.0
1,245,91,
1,245,92,
1,245,93,
1,245,94,
1,245,95,1.0
1,245,96,1.0
1,245,97,
1,245,98,1.0
1,245,99,
1,245,100,
1,245,101,1.0
1,245,102,1.0
1,245,103,
1,245,104,
1,245,105,
1,245,106,1.0
1,245,107,1.0
1,245,108,
1,245,109,1.0
1,245,110,
1,245,111,
1,245,114,1.0
1,245,115,
1,245,116,
1,245,117,
1,245,118,1.0
1,245,119,
1,246,61,1.0
1,246,62,
1,246,63,1.0
1,246,65,
1,246,66,
1,246,68,
1,246,69,
1,246,71,1.0
1,246,72,1.0
1,246,74,
1,246,75,
1,246,76,
1,246,77,1.0
1,246,78,1.0
1,246,79,
1,246,80,
1,246,81,1.0
1,246,82,
1,246,83,1.0
1,246,84,
1,246,85,
1,246,87,
1,246,88,1.0
1,246,89,
1,246,90,1.0
1,246,91,
1,246,92,
1,246,93,
1,246,94,
1,246,95,1.0
1,246,96,1.0
1,246,97,
1,246,98,1.0
1,246,99,
1,246,100,
1,246,102,1.0
1,246,103,
1,246,104,
1,246,105,
1,246,106,1.0
1,246,107,1.0
1,246,108,
1,246,109,1.0
1,246,110,
1,246,111,
1,246,114,1.0
1,246,115,
1,246,116,
1,246,117,
1,246,118,1.0
1,246,119,
1,247,61,1.0
1,247,62,
1,247,65,
1,247,66,
1,247,68,
1,247,69,
1,247,71,1.0
1,247,72,1.0
1,247,74,
1,247,75,
1,247,76,
1,247,77,1.0
1,247,78,1.0
1,247,79,
1,247,80,
1,247,81,1.0
1,247,82,
1,247,83,1.0
1,247,84,
1,247,85,
1,247,87,
1,247,88,1.0
1,247,89,
1,247,90,1.0
1,247,91,
1,247,92,
1,247,93,
1,247,94,
1,247,95,1.0
1,247,96,1.0
1,247,97,
1,247,99,
1,247,100,
1,247,102,1.0
1,247,103,
1,247,104,
1,247,105,
1,247,106,1.0
1,247,107,1.0
1,247,108,
1,247,110,
1,247,111,
1,247,112,1.0
1,247,113,1.0
1,247,115,
1,247,116,
1,247,117,
1,247,118,1.0
1,247,119,
1,248,61,1.0
1,248,62,
1,248,63,1.0
1,248,64,1.0
1,248,65,
1,248,66,
1,248,68,
1,248,69,
1,248,70,1.0
1,248,71,1.0
1,248,72,1.0
1,248,73,1.0
1,248,74,
1,248,75,
1,248,76,
1,248,78,1.0
1,248,79,
1,248,80,
1,248,81,1.0
1,248,82,
1,248,83,1.0
1,248,84,
1,248,85,
1,248,87,
1,248,88,1.0
1,248,89,
1,248,90,1.0
1,248,91,
1,248,92,
1,248,93,
1,248,94,
1,248,95,1.0
1,248,96,1.0
1,248,97,
1,248,98,1.0
1,248,99,
1,248,100,
1,248,102,1.0
1,248,103,
1,248,104,
1,248,105,
1,248,106,1.0
1,248,107,1.0
1,248,108,
1,248,109,1.0
1,248,110,
1,248,111,
1,248,113,1.0
1,248,114,1.0
1,248,115,
1,248,116,
1,248,117,
1,248,119,
1,249,61,1.0
1,249,62,
1,249,63,1.0
1,249,65,
1,249,66,
1,249,68,
1,249,69,
1,249,72,1.0
1,249,74,
1,249,75,
1,249,76,
1,249,77,1.0
1,249,79,
1,249,80,
1,249,82,
1,249,83,1.0
1,249,84,
1,249,85,
1,249,87,
1,249,88,1.0
1,249,89,
1,249,91,
1,249,92,
1,249,93,
1,249,94,
1,249,96,1.0
1,249,97,
1,249,99,
1,249,100,
1,249,102,1.0
1,249,103,
1,249,104,
1,249,105,
1,249,107,1.0
1,249,108,
1,249,109,1.0
1,249,110,
1,249,111,
1,249,112,1.0
1,249,113,1.0
1,249,114,1.0
1,249,115,
1,249,116,
1,249,117,
1,249,118,1.0
1,249,119,
1,250,61,1.0
1,250,62,
1,250,63,1.0
1,250,65,
1,250,66,
1,250,68,
1,250,69,
1,250,72,1.0
1,250,74,
1,250,75,
1,250,76,
1,250,77,1.0
1,250,78,1.0
1,250,79,
1,250,80,
1,250,81,1.0
1,250,82,
1,250,83,1.0
1,250,84,
1,250,85,
1,250,86,1.0
1,250,87,
1,250,89,
1,250,90,1.0
1,250,91,
1,250,92,
1,250,93,
1,250,94,
1,250,95,1.0
1,250,96,1.0
1,250,97,
1,250,99,
1,250,100,
1,250,102,1.0
1,250,103,
1,250,104,
1,250,105,
1,250,106,1.0
1,250,108,
1,250,109,1.0
1,250,110,
1,250,111,
1,250,115,
1,250,116,
1,250,117,
1,250,119,
1,251,61,1.0
1,251,62,
1,251,63,1.0
1,251,65,
1,251,66,
1,251,68,
1,251,69,
1,251,70,1.0
1,251,72,1.0
1,251,73,1.0
1,251,74,
1,251,75,
1,251,76,
1,251,78,1.0
1,251,79,
1,251,80,
1,251,82,
1,251,83,1.0
1,251,84,
1,251,85,
1,251,87,
1,251,89,
1,251,90,1.0
1,251,91,
1,251,92,
1,251,93,
1,251,94,
1,251,95,1.0
1,251,96,1.0
1,251,97,
1,251,98,1.0
1,251,99,
1,251,100,
1,251,102,1.0
1,251,103,
1,251,104,
1,251,105,
1,251,108,
1,251,109,1.0
1,251,110,
1,251,111,
1,251,113,1.0
1,251,115,
1,251,116,
1,251,117,
1,251,119,
1,252,61,1.0
1,252,62,
1,252,65,
1,252,66,
1,252,68,
1,252,69,
1,252,72,1.0
1,252,74,
1,252,75,
1,252,76,
1,252,77,1.0
1,252,78,1.0
1,252,79,
1,252,80,
1,252,81,1.0
1,252,82,
1,252,83,1.0
1,252,84,
1,252,85,
1,252,87,
1,252,89,
1,252,90,1.0
1,252,91,
1,252,92,
1,252,93,
1,252,94,
1,252,95,1.0
1,252,96,1.0
1,252,97,
1,252,99,
1,252,100,
1,252,102,1.0
1,252,103,
1,252,104,
1,252,105,
1,252,107,1.0
1,252,108,
1,252,109,1.0
1,252,110,
1,252,111,
1,252,115,
1,252,116,
1,252,117,
1,252,118,1.0
1,252,119,
1,253,61,1.0
1,253,62,
1,253,63,1.0
1,253,65,
1,253,66,
1,253,68,
1,253,69,
1,253,71,1.0
1,253,72,1.0
1,253,73,1.0
1,253,74,
1,253,75,
1,253,76,
1,253,77,1.0
1,253,78,1.0
1,253,79,
1,253,80,
1,253,81,1.0
1,253,82,
1,253,83,1.0
1,253,84,
1,253,85,
1,253,87,
1,253,89,
1,253,90,1.0
1,253,91,
1,253,92,
1,253,93,
1,253,94,
1,253,95,1.0
1,253,96,1.0
1,253,97,
1,253,99,
1,253,100,
1,253,102,1.0
1,253,103,
1,253,104,
1,253,105,
1,253,108,
1,253,109,1.0
1,253,110,
1,253,111,
1,253,115,
1,253,116,
1,253,117,
1,253,119,
1,254,61,1.0
1,254,62,
1,254,64,1.0
1,254,65,
1,254,66,
1,254,68,
1,254,69,
1,254,72,1.0
1,254,73,1.0
1,254,74,
1,254,75,
1,254,76,
1,254,77,1.0
1,254,79,
1,254,80,
1,254,81,1.0
1,254,82,
1,254,83,1.0
1,254,84,
1,254,85,
1,254,87,
1,254,88,1.0
1,254,89,
1,254,90,1.0
1,254,91,
1,254,92,
1,254,93,
1,254,94,
1,254,95,1.0
1,254,96,1.0
1,254,97,
1,254,98,1.0
1,254,99,
1,254,100,
1,254,103,
1,254,104,
1,254,105,
1,254,106,1.0
1,254,107,1.0
1,254,108,
1,254,110,
1,254,111,
1,254,112,1.0
1,254,113,1.0
1,254,115,
1,254,116,
1,254,117,
1,254,118,1.0
1,254,119,
1,255,61,1.0
1,255,62,
1,255,64,1.0
1,255,65,
1,255,66,
1,255,68,
1,255,69,
1,255,72,1.0
1,255,73,1.0
1,255,74,
1,255,75,
1,255,76,
1,255,77,1.0
1,255,79,
1,255,80,
1,255,81,1.0
1,255,82,
1,255,83,1.0
1,255,84,
1,255,85,
1,255,87,
1,255,89,
1,255,90,1.0
1,255,91,
1,255,92,
1,255,93,
1,255,94,
1,255,96,1.0
1,255,97,
1,255,99,
1,255,100,
1,255,101,1.0
1,255,103,
1,255,104,
1,255,105,
1,255,107,1.0
1,255,108,
1,255,110,
1,255,111,
1,255,112,1.0
1,255,113,1.0
1,255,115,
1,255,116,
1,255,117,
1,255,118,1.0
1,255,119,
1,256,61,1.0
1,256,62,
1,256,65,
1,256,66,
1,256,67,1.0
1,256,68,
1,256,69,
1,256,70,1.0
1,256,71,1.0
1,256,72,1.0
1,256,73,1.0
1,256,74,
1,256,75,
1,256,76,
1,256,77,1.0
1,256,79,
1,256,80,
1,256,81,1.0
1,256,82,
1,256,84,
1,256,85,
1,256,87,
1,256,88,1.0
1,256,89,
1,256,90,1.0
1,256,91,
1,256,92,
1,256,93,
1,256,94,
1,256,97,
1,256,98,1.0
1,256,99,
1,256,100,
1,256,102,1.0
1,256,103,
1,256,104,
1,256,105,
1,256,106,1.0
1,256,107,1.0
1,256,108,
1,256,110,
1,256,111,
1,256,112,1.0
1,256,115,
1,256,116,
1,256,117,
1,256,118,1.0
1,256,119,
1,257,61,1.0
1,257,62,
1,257,65,
1,257,66,
1,257,67,1.0
1,257,68,
1,257,69,
1,257,72,1.0
1,257,73,1.0
1,257,74,
1,257,75,
1,257,76,
1,257,77,1.0
1,257,78,1.0
1,257,79,
1,257,80,
1,257,81,1.0
1,257,82,
1,257,83,1.0
1,257,84,
1,257,85,
1,257,86,1.0
1,257,87,
1,257,88,1.0
1,257,89,
1,257,90,1.0
1,257,91,
1,257,92,
1,257,93,
1,257,94,
1,257,95,1.0
1,257,96,1.0
1,257,97,
1,257,98,1.0
1,257,99,
1,257,100,
1,257,102,1.0
1,257,103,
1,257,104,
1,257,105,
1,257,106,1.0
1,257,107,1.0
1,257,108,
1,257,109,1.0
1,257,110,
1,257,111,
1,257,112,1.0
1,257,113,1.0
1,257,114,1.0
1,257,115,
1,257,116,
1,257,117,
1,257,118,1.0
1,257,119,
1,258,61,1.0
1,258,62,
1,258,63,1.0
1,258,65,
1,258,66,
1,258,68,
1,258,69,
1,258,72,1.0
1,258,73,1.0
1,258,74,
1,258,75,
1,258,76,
1,258,77,1.0
1,258,78,1.0
1,258,79,
1,258,80,
1,258,81,1.0
1,258,82,
1,258,83,1.0
1,258,84,
1,258,85,
1,258,86,1.0
1,258,87,
1,258,89,
1,258,90,1.0
1,258,91,
1,258,92,
1,258,93,
1,258,94,
1,258,95,1.0
1,258,96,1.0
1,258,97,
1,258,98,1.0
1,258,99,
1,258,100,
1,258,102,1.0
1,258,103,
1,258,104,
1,258,105,
1,258,106,1.0
1,258,107,1.0
1,258,108,
1,258,109,1.0
1,258,110,
1,258,111,
1,258,112,1.0
1,258,113,1.0
1,258,114,1.0
1,258,115,
1,258,116,
1,258,117,
1,258,118,1.0
1,258,119,
1,259,61,1.0
1,259,62,
1,259,64,1.0
1,259,65,
1,259,66,
1,259,67,1.0
1,259,68,
1,259,69,
1,259,70,1.0
1,259,71,1.0
1,259,72,1.0
1,259,73,1.0
1,259,74,
1,259,75,
1,259,76,
1,259,77,1.0
1,259,79,
1,259,80,
1,259,82,
1,259,83,1.0
1,259,84,
1,259,85,
1,259,86,1.0
1,259,87,
1,259,89,
1,259,90,1.0
1,259,91,
1,259,92,
1,259,93,
1,259,94,
1,259,97,
1,259,98,1.0
1,259,99,
1,259,100,
1,259,103,
1,259,104,
1,259,105,
1,259,106,1.0
1,259,107,1.0
1,259,108,
1,259,110,
1,259,111,
1,259,112,1.0
1,259,113,1.0
1,259,115,
1,259,116,
1,259,117,
1,259,119,
1,260,62,
1,260,64,1.0
1,260,65,
1,260,66,
1,260,67,1.0
1,260,68,
1,260,69,
1,260,70,1.0
1,260,71,1.0
1,260,72,1.0
1,260,73,1.0
1,260,74,
1,260,75,
1,260,76,
1,260,77,1.0
1,260,79,
1,260,80,
1,260,82,
1,260,83,1.0
1,260,84,
1,260,85,
1,260,87,
1,260,89,
1,260,90,1.0
1,260,91,
1,260,92,
1,260,93,
1,260,94,
1,260,95,1.0
1,260,96,1.0
1,260,97,
1,260,98,1.0
1,260,99,
1,260,100,
1,260,101,1.0
1,260,103,
1,260,104,
1,260,105,
1,260,106,1.0
1,260,107,1.0
1,260,108,
1,260,110,
1,260,111,
1,260,112,1.0
1,260,113,1.0
1,260,115,
1,260,116,
1,260,117,
1,260,118,1.0
1,260,119,
1,261,62,
1,261,64,1.0
1,261,65,
1,261,66,
1,261,67,1.0
1,261,68,
1,261,69,
1,261,70,1.0
1,261,71,1.0
1,261,72,1.0
1,261,73,1.0
1,261,74,
1,261,75,
1,261,76,
1,261,77,1.0
1,261,79,
1,261,80,
1,261,82,
1,261,84,
1,261,85,
1,261,86,1.0
1,261,87,
1,261,89,
1,261,90,1.0
1,261,91,
1,261,92,
1,261,93,
1,261,94,
1,261,95,1.0
1,261,97,
1,261,98,1.0
1,261,99,
1,261,100,
1,261,101,1.0
1,261,103,
1,261,104,
1,261,105,
1,261,106,1.0
1,261,107,1.0
1,261,108,
1,261,110,
1,261,111,
1,261,112,1.0
1,261,113,1.0
1,261,115,
1,261,116,
1,261,117,
1,261,118,1.0
1,261,119,
1,262,61,1.0
1,262,62,
1,262,64,1.0
1,262,65,
1,262,66,
1,262,67,1.0
1,262,68,
1,262,69,
1,262,70,1.0
1,262,71,1.0
1,262,72,1.0
1,262,73,1.0
1,262,74,
1,262,75,
1,262,76,
1,262,77,1.0
1,262,79,
1,262,80,
1,262,82,
1,262,84,
1,262,85,
1,262,86,1.0
1,262,87,
1,262,88,1.0
1,262,89,
1,262,90,1.0
1,262,91,
1,262,92,
1,262,93,
1,262,94,
1,262,96,1.0
1,262,97,
1,262,98,1.0
1,262,99,
1,262,100,
1,262,101,1.0
1,262,103,
1,262,104,
1,262,105,
1,262,107,1.0
1,262,108,
1,262,110,
1,262,111,
1,262,112,1.0
1,262,113,1.0
1,262,114,1.0
1,262,115,
1,262,116,
1,262,117,
1,262,118,1.0
1,262,119,
1,263,61,1.0
1,263,62,
1,263,63,1.0
1,263,64,1.0
1,263,65,
1,263,66,
1,263,67,1.0
1,263,68,
1,263,69,
1,263,70,1.0
1,263,71,1.0
1,263,72,1.0
1,263,73,1.0
1,263,74,
1,263,75,
1,263,76,
1,263,77,1.0
1,263,78,1.0
1,263,79,
1,263,80,
1,263,81,1.0
1,263,82,
1,263,83,1.0
1,263,84,
1,263,85,
1,263,86,1.0
1,263,87,
1,263,88,1.0
1,263,89,
1,263,90,1.0
1,263,91,
1,263,92,
1,263,93,
1,263,94,
1,263,95,1.0
1,263,96,1.0
1,263,97,
1,263,98,1.0
1,263,99,
1,263,100,
1,263,101,1.0
1,263,102,1.0
1,263,103,
1,263,104,
1,263,105,
1,263,106,1.0
1,263,107,1.0
1,263,108,
1,263,109,1.0
1,263,110,
1,263,111,
1,263,112,1.0
1,263,113,1.0
1,263,114,1.0
1,263,115,
1,263,116,
1,263,117,
1,263,118,1.0
1,263,119,
1,264,61,1.0
1,264,62,
1,264,64,1.0
1,264,65,
1,264,66,
1,264,67,1.0
1,264,68,
1,264,69,
1,264,70,1.0
1,264,71,1.0
1,264,72,1.0
1,264,73,1.0
1,264,74,
1,264,75,
1,264,76,
1,264,77,1.0
1,264,79,
1,264,80,
1,264,81,1.0
1,264,82,
1,264,83,1.0
1,264,84,
1,264,85,
1,264,86,1.0
1,264,87,
1,264,88,1.0
1,264,89,
1,264,90,1.0
1,264,91,
1,264,92,
1,264,93,
1,264,94,
1,264,95,1.0
1,264,96,1.0
1,264,97,
1,264,98,1.0
1,264,99,
1,264,100,
1,264,101,1.0
1,264,102,1.0
1,264,103,
1,264,104,
1,264,105,
1,264,106,1.0
1,264,107,1.0
1,264,108,
1,264,110,
1,264,111,
1,264,112,1.0
1,264,113,1.0
1,264,114,1.0
1,264,115,
1,264,116,
1,264,117,
1,264,118,1.0
1,264,119,
1,265,61,1.0
1,265,62,
1,265,64,1.0
1,265,65,
1,265,66,
1,265,67,1.0
1,265,68,
1,265,69,
1,265,70,1.0
1,265,71,1.0
1,265,73,1.0
1,265,74,
1,265,75,
1,265,76,
1,265,77,1.0
1,265,79,
1,265,80,
1,265,81,1.0
1,265,82,
1,265,84,
1,265,85,
1,265,86,1.0
1,265,87,
1,265,88,1.0
1,265,89,
1,265,90,1.0
1,265,91,
1,265,92,
1,265,93,
1,265,94,
1,265,95,1.0
1,265,96,1.0
1,265,97,
1,265,98,1.0
1,265,99,
1,265,100,
1,265,101,1.0
1,265,102,1.0
1,265,103,
1,265,104,
1,265,105,
1,265,106,1.0
1,265,107,1.0
1,265,108,
1,265,110,
1,265,111,
1,265,112,1.0
1,265,113,1.0
1,265,114,1.0
1,265,115,
1,265,116,
1,265,117,
1,265,118,1.0
1,265,119,
1,266,61,1.0
1,266,62,
1,266,64,1.0
1,266,65,
1,266,66,
1,266,67,1.0
1,266,68,
1,266,69,
1,266,70,1.0
1,266,71,1.0
1,266,73,1.0
1,266,74,
1,266,75,
1,266,76,
1,266,77,1.0
1,266,78,1.0
1,266,79,
1,266,80,
1,266,81,1.0
1,266,82,
1,266,83,1.0
1,266,84,
1,266,85,
1,266,86,1.0
1,266,87,
1,266,88,1.0
1,266,89,
1,266,90,1.0
1,266,91,
1,266,92,
1,266,93,
1,266,94,
1,266,95,1.0
1,266,96,1.0
1,266,97,
1,266,98,1.0
1,266,99,
1,266,100,
1,266,101,1.0
1,266,102,1.0
1,266,103,
1,266,104,
1,266,105,
1,266,106,1.0
1,266,107,1.0
1,266,108,
1,266,110,
1,266,111,
1,266,112,1.0
1,266,113,1.0
1,266,115,
1,266,116,
1,266,117,
1,266,118,1.0
1,266,119,
1,267,61,1.0
1,267,62,
1,267,64,1.0
1,267,65,
1,267,66,
1,267,67,1.0
1,267,68,
1,267,69,
1,267,70,1.0
1,267,71,1.0
1,267,73,1.0
1,267,74,
1,267,75,
1,267,76,
1,267,77,1.0
1,267,79,
1,267,80,
1,267,81,1.0
1,267,82,
1,267,83,1.0
1,267,84,
1,267,85,
1,267,86,1.0
1,267,87,
1,267,89,
1,267,90,1.0
1,267,91,
1,267,92,
1,267,93,
1,267,94,
1,267,96,1.0
1,267,97,
1,267,98,1.0
1,267,99,
1,267,100,
1,267,102,1.0
1,267,103,
1,267,104,
1,267,105,
1,267,106,1.0
1,267,107,1.0
1,267,108,
1,267,110,
1,267,111,
1,267,112,1.0
1,267,113,1.0
1,267,115,
1,267,116,
1,267,117,
1,267,118,1.0
1,267,119,
1,268,61,1.0
1,268,62,
1,268,63,1.0
1,268,64,1.0
1,268,65,
1,268,66,
1,268,67,1.0
1,268,68,
1,268,69,
1,268,70,1.0
1,268,71,1.0
1,268,72,1.0
1,268,73,1.0
1,268,74,
1,268,75,
1,268,76,
1,268,77,1.0
1,268,78,1.0
1,268,79,
1,268,80,
1,268,81,1.0
1,268,82,
1,268,83,1.0
1,268,84,
1,268,85,
1,268,86,1.0
1,268,87,
1,268,88,1.0
1,268,89,
1,268,90,1.0
1,268,91,
1,268,92,
1,268,93,
1,268,94,
1,268,95,1.0
1,268,96,1.0
1,268,97,
1,268,98,1.0
1,268,99,
1,268,100,
1,268,101,1.0
1,268,102,1.0
1,268,103,
1,268,104,
1,268,105,
1,268,106,1.0
1,268,107,1.0
1,268,108,
1,268,110,
1,268,111,
1,268,112,1.0
1,268,113,1.0
1,268,115,
1,268,116,
1,268,117,
1,268,118,1.0
1,268,119,
1,269,61,1.0
1,269,62,
1,269,63,1.0
1,269,64,1.0
1,269,65,
1,269,66,
1,269,67,1.0
1,269,68,
1,269,69,
1,269,70,1.0
1,269,71,1.0
1,269,72,1.0
1,269,73,1.0
1,269,74,
1,269,75,
1,269,76,
1,269,77,1.0
1,269,78,1.0
1,269,79,
1,269,80,
1,269,81,1.0
1,269,82,
1,269,83,1.0
1,269,84,
1,269,85,
1,269,86,1.0
1,269,87,
1,269,89,
1,269,90,1.0
1,269,91,
1,269,92,
1,269,93,
1,269,94,
1,269,95,1.0
1,269,96,1.0
1,269,97,
1,269,98,1.0
1,269,99,
1,269,100,
1,269,101,1.0
1,269,102,1.0
1,269,103,
1,269,104,
1,269,105,
1,269,106,1.0
1,269,107,1.0
1,269,108,
1,269,109,1.0
1,269,110,
1,269,111,
1,269,112,1.0
1,269,113,1.0
1,269,115,
1,269,116,
1,269,117,
1,269,119,
1,270,61,1.0
1,270,62,
1,270,63,1.0
1,270,64,1.0
1,270,65,
1,270,66,
1,270,67,1.0
1,270,68,
1,270,69,
1,270,70,1.0
1,270,71,1.0
1,270,72,1.0
1,270,73,1.0
1,270,74,
1,270,75,
1,270,76,
1,270,77,1.0
1,270,78,1.0
1,270,79,
1,270,80,
1,270,81,1.0
1,270,82,
1,270,83,1.0
1,270,84,
1,270,85,
1,270,86,1.0
1,270,87,
1,270,88,1.0
1,270,89,
1,270,90,1.0
1,270,91,
1,270,92,
1,270,93,
1,270,94,
1,270,95,1.0
1,270,96,1.0
1,270,97,
1,270,98,1.0
1,270,99,
1,270,100,
1,270,102,1.0
1,270,103,
1,270,104,
1,270,105,
1,270,106,1.0
1,270,107,1.0
1,270,108,
1,270,109,1.0
1,270,110,
1,270,111,
1,270,112,1.0
1,270,113,1.0
1,270,115,
1,270,116,
1,270,117,
1,270,118,1.0
1,270,119,
1,271,61,1.0
1,271,62,
1,271,63,1.0
1,271,64,1.0
1,271,65,
1,271,66,
1,271,67,1.0
1,271,68,
1,271,69,
1,271,70,1.0
1,271,71,1.0
1,271,72,1.0
1,271,73,1.0
1,271,74,
1,271,75,
1,271,76,
1,271,77,1.0
1,271,79,
1,271,80,
1,271,81,1.0
1,271,82,
1,271,83,1.0
1,271,84,
1,271,85,
1,271,86,1.0
1,271,87,
1,271,89,
1,271,90,1.0
1,271,91,
1,271,92,
1,271,93,
1,271,94,
1,271,95,1.0
1,271,97,
1,271,98,1.0
1,271,99,
1,271,100,
1,271,101,1.0
1,271,102,1.0
1,271,103,
1,271,104,
1,271,105,
1,271,106,1.0
1,271,107,1.0
1,271,108,
1,271,110,
1,271,111,
1,271,112,1.0
1,271,113,1.0
1,271,115,
1,271,116,
1,271,117,
1,271,118,1.0
1,271,119,
1,272,61,1.0
1,272,62,
1,272,64,1.0
1,272,65,
1,272,66,
1,272,67,1.0
1,272,68,
1,272,69,
1,272,70,1.0
1,272,71,1.0
1,272,73,1.0
1,272,74,
1,272,75,
1,272,76,
1,272,77,1.0
1,272,79,
1,272,80,
1,272,81,1.0
1,272,82,
1,272,84,
1,272,85,
1,272,86,1.0
1,272,87,
1,272,88,1.0
1,272,89,
1,272,90,1.0
1,272,91,
1,272,92,
1,272,93,
1,272,94,
1,272,95,1.0
1,272,97,
1,272,98,1.0
1,272,99,
1,272,100,
1,272,101,1.0
1,272,103,
1,272,104,
1,272,105,
1,272,106,1.0
1,272,107,1.0
1,272,108,
1,272,110,
1,272,111,
1,272,112,1.0
1,272,113,1.0
1,272,115,
1,272,116,
1,272,117,
1,272,119,
1,273,61,1.0
1,273,62,
1,273,65,
1,273,66,
1,273,67,1.0
1,273,68,
1,273,69,
1,273,70,1.0
1,273,71,1.0
1,273,72,1.0
1,273,73,1.0
1,273,74,
1,273,75,
1,273,76,
1,273,77,1.0
1,273,78,1.0
1,273,79,
1,273,80,
1,273,81,1.0
1,273,82,
1,273,83,1.0
1,273,84,
1,273,85,
1,273,86,1.0
1,273,87,
1,273,88,1.0
1,273,89,
1,273,90,1.0
1,273,91,
1,273,92,
1,273,93,
1,273,94,
1,273,95,1.0
1,273,97,
1,273,98,1.0
1,273,99,
1,273,100,
1,273,101,1.0
1,273,102,1.0
1,273,103,
1,273,104,
1,273,105,
1,273,106,1.0
1,273,107,1.0
1,273,108,
1,273,109,1.0
1,273,110,
1,273,111,
1,273,112,1.0
1,273,113,1.0
1,273,115,
1,273,116,
1,273,117,
1,273,118,1.0
1,273,119,
1,274,61,1.0
1,274,62,
1,274,63,1.0
1,274,64,1.0
1,274,65,
1,274,66,
1,274,67,1.0
1,274,68,
1,274,69,
1,274,70,1.0
1,274,71,1.0
1,274,72,1.0
1,274,73,1.0
1,274,74,
1,274,75,
1,274,76,
1,274,77,1.0
1,274,79,
1,274,80,
1,274,81,1.0
1,274,82,
1,274,83,1.0
1,274,84,
1,274,85,
1,274,86,1.0
1,274,87,
1,274,88,1.0
1,274,89,
1,274,90,1.0
1,274,91,
1,274,92,
1,274,93,
1,274,94,
1,274,95,1.0
1,274,97,
1,274,98,1.0
1,274,99,
1,274,100,
1,274,102,1.0
1,274,103,
1,274,104,
1,274,105,
1,274,106,1.0
1,274,107,1.0
1,274,108,
1,274,110,
1,274,111,
1,274,112,1.0
1,274,115,
1,274,116,
1,274,117,
1,274,118,1.0
1,274,119,
1,275,61,1.0
1,275,62,
1,275,64,1.0
1,275,65,
1,275,66,
1,275,67,1.0
1,275,68,
1,275,69,
1,275,70,1.0
1,275,71,1.0
1,275,73,1.0
1,275,74,
1,275,75,
1,275,76,
1,275,77,1.0
1,275,79,
1,275,80,
1,275,81,1.0
1,275,82,
1,275,83,1.0
1,275,84,
1,275,85,
1,275,86,1.0
1,275,87,
1,275,88,1.0
1,275,89,
1,275,91,
1,275,92,
1,275,93,
1,275,94,
1,275,95,1.0
1,275,97,
1,275,98,1.0
1,275,99,
1,275,100,
1,275,103,
1,275,104,
1,275,105,
1,275,106,1.0
1,275,107,1.0
1,275,108,
1,275,110,
1,275,111,
1,275,113,1.0
1,275,115,
1,275,116,
1,275,117,
1,275,118,1.0
1,275,119,
1,276,61,1.0
1,276,62,
1,276,64,1.0
1,276,65,
1,276,66,
1,276,67,1.0
1,276,68,
1,276,69,
1,276,70,1.0
1,276,71,1.0
1,276,73,1.0
1,276,74,
1,276,75,
1,276,76,
1,276,77,1.0
1,276,79,
1,276,80,
1,276,81,1.0
1,276,82,
1,276,83,1.0
1,276,84,
1,276,85,
1,276,86,1.0
1,276,87,
1,276,89,
1,276,91,
1,276,92,
1,276,93,
1,276,94,
1,276,95,1.0
1,276,97,
1,276,98,1.0
1,276,99,
1,276,100,
1,276,103,
1,276,104,
1,276,105,
1,276,106,1.0
1,276,107,1.0
1,276,108,
1,276,110,
1,276,111,
1,276,112,1.0
1,276,113,1.0
1,276,115,
1,276,116,
1,276,117,
1,276,118,1.0
1,276,119,
1,277,61,1.0
1,277,62,
1,277,65,
1,277,66,
1,277,67,1.0
1,277,68,
1,277,69,
1,277,71,1.0
1,277,72,1.0
1,277,73,1.0
1,277,74,
1,277,75,
1,277,76,
1,277,77,1.0
1,277,79,
1,277,80,
1,277,81,1.0
1,277,82,
1,277,83,1.0
1,277,84,
1,277,85,
1,277,86,1.0
1,277,87,
1,277,89,
1,277,90,1.0
1,277,91,
1,277,92,
1,277,93,
1,277,94,
1,277,97,
1,277,98,1.0
1,277,99,
1,277,100,
1,277,103,
1,277,104,
1,277,105,
1,277,107,1.0
1,277,108,
1,277,110,
1,277,111,
1,277,112,1.0
1,277,115,
1,277,116,
1,277,117,
1,277,118,1.0
1,277,119,
1,278,62,
1,278,64,1.0
1,278,65,
1,278,66,
1,278,67,1.0
1,278,68,
1,278,69,
1,278,71,1.0
1,278,72,1.0
1,278,73,1.0
1,278,74,
1,278,75,
1,278,76,
1,278,77,1.0
1,278,79,
1,278,80,
1,278,81,1.0
1,278,82,
1,278,83,1.0
1,278,84,
1,278,85,
1,278,86,1.0
1,278,87,
1,278,88,1.0
1,278,89,
1,278,90,1.0
1,278,91,
1,278,92,
1,278,93,
1,278,94,
1,278,96,1.0
1,278,97,
1,278,98,1.0
1,278,99,
1,278,100,
1,278,101,1.0
1,278,103,
1,278,104,
1,278,105,
1,278,106,1.0
1,278,108,
1,278,110,
1,278,111,
1,278,112,1.0
1,278,113,1.0
1,278,114,1.0
1,278,115,
1,278,116,
1,278,117,
1,278,118,1.0
1,278,119,
1,279,62,
1,279,64,1.0
1,279,65,
1,279,66,
1,279,67,1.0
1,279,68,
1,279,69,
1,279,71,1.0
1,279,73,1.0
1,279,74,
1,279,75,
1,279,76,
1,279,77,1.0
1,279,79,
1,279,80,
1,279,81,1.0
1,279,82,
1,279,83,1.0
1,279,84,
1,279,85,
1,279,86,1.0
1,279,87,
1,279,88,1.0
1,279,89,
1,279,91,
1,279,92,
1,279,93,
1,279,94,
1,279,97,
1,279,98,1.0
1,279,99,
1,279,100,
1,279,101,1.0
1,279,102,1.0
1,279,103,
1,279,104,
1,279,105,
1,279,106,1.0
1,279,107,1.0
1,279,108,
1,279,110,
1,279,111,
1,279,112,1.0
1,279,115,
1,279,116,
1,279,117,
1,279,118,1.0
1,279,119,
1,280,61,1.0
1,280,62,
1,280,64,1.0
1,280,65,
1,280,66,
1,280,67,1.0
1,280,68,
1,280,69,
1,280,70,1.0
1,280,71,1.0
1,280,72,1.0
1,280,73,1.0
1,280,74,
1,280,75,
1,280,76,
1,280,77,1.0
1,280,79,
1,280,80,
1,280,81,1.0
1,280,82,
1,280,84,
1,280,85,
1,280,86,1.0
1,280,87,
1,280,88,1.0
1,280,89,
1,280,90,1.0
1,280,91,
1,280,92,
1,280,93,
1,280,94,
1,280,95,1.0
1,280,96,1.0
1,280,97,
1,280,98,1.0
1,280,99,
1,280,100,
1,280,102,1.0
1,280,103,
1,280,104,
1,280,105,
1,280,106,1.0
1,280,107,1.0
1,280,108,
1,280,110,
1,280,111,
1,280,112,1.0
1,280,113,1.0
1,280,115,
1,280,116,
1,280,117,
1,280,119,
1,281,61,1.0
1,281,62,
1,281,64,1.0
1,281,65,
1,281,66,
1,281,67,1.0
1,281,68,
1,281,69,
1,281,70,1.0
1,281,71,1.0
1,281,73,1.0
1,281,74,
1,281,75,
1,281,76,
1,281,77,1.0
1,281,79,
1,281,80,
1,281,82,
1,281,84,
1,281,85,
1,281,86,1.0
1,281,87,
1,281,88,1.0
1,281,89,
1,281,90,1.0
1,281,91,
1,281,92,
1,281,93,
1,281,94,
1,281,95,1.0
1,281,97,
1,281,98,1.0
1,281,99,
1,281,100,
1,281,102,1.0
1,281,103,
1,281,104,
1,281,105,
1,281,106,1.0
1,281,107,1.0
1,281,108,
1,281,110,
1,281,111,
1,281,112,1.0
1,281,113,1.0
1,281,115,
1,281,116,
1,281,117,
1,281,119,
1,282,62,
1,282,64,1.0
1,282,65,
1,282,66,
1,282,67,1.0
1,282,68,
1,282,69,
1,282,70,1.0
1,282,71,1.0
1,282,73,1.0
1,282,74,
1,282,75,
1,282,76,
1,282,77,1.0
1,282,79,
1,282,80,
1,282,82,
1,282,84,
1,282,85,
1,282,86,1.0
1,282,87,
1,282,88,1.0
1,282,89,
1,282,90,1.0
1,282,91,
1,282,92,
1,282,93,
1,282,94,
1,282,95,1.0
1,282,96,1.0
1,282,97,
1,282,98,1.0
1,282,99,
1,282,100,
1,282,102,1.0
1,282,103,
1,282,104,
1,282,105,
1,282,106,1.0
1,282,108,
1,282,110,
1,282,111,
1,282,112,1.0
1,282,113,1.0
1,282,115,
1,282,116,
1,282,117,
1,282,119,
1,283,62,
1,283,63,1.0
1,283,64,1.0
1,283,65,
1,283,66,
1,283,67,1.0
1,283,68,
1,283,69,
1,283,70,1.0
1,283,71,1.0
1,283,73,1.0
1,283,74,
1,283,75,
1,283,76,
1,283,77,1.0
1,283,79,
1,283,80,
1,283,81,1.0
1,283,82,
1,283,84,
1,283,85,
1,283,86,1.0
1,283,87,
1,283,89,
1,283,91,
1,283,92,
1,283,93,
1,283,94,
1,283,97,
1,283,98,1.0
1,283,99,
1,283,100,
1,283,101,1.0
1,283,103,
1,283,104,
1,283,105,
1,283,106,1.0
1,283,107,1.0
1,283,108,
1,283,110,
1,283,111,
1,283,112,1.0
1,283,113,1.0
1,283,115,
1,283,116,
1,283,117,
1,283,119,
1,284,62,
1,284,64,1.0
1,284,65,
1,284,66,
1,284,67,1.0
1,284,68,
1,284,69,
1,284,70,1.0
1,284,71,1.0
1,284,73,1.0
1,284,74,
1,284,75,
1,284,76,
1,284,77,1.0
1,284,79,
1,284,80,
1,284,81,1.0
1,284,82,
1,284,83,1.0
1,284,84,
1,284,85,
1,284,86,1.0
1,284,87,
1,284,88,1.0
1,284,89,
1,284,90,1.0
1,284,91,
1,284,92,
1,284,93,
1,284,94,
1,284,97,
1,284,98,1.0
1,284,99,
1,284,100,
1,284,101,1.0
1,284,103,
1,284,104,
1,284,105,
1,284,106,1.0
1,284,108,
1,284,110,
1,284,111,
1,284,112,1.0
1,284,113,1.0
1,284,115,
1,284,116,
1,284,117,
1,284,119,
1,285,62,
1,285,64,1.0
1,285,65,
1,285,66,
1,285,67,1.0
1,285,68,
1,285,69,
1,285,70,1.0
1,285,71,1.0
1,285,73,1.0
1,285,74,
1,285,75,
1,285,76,
1,285,79,
1,285,80,
1,285,82,
1,285,83,1.0
1,285,84,
1,285,85,
1,285,87,
1,285,89,
1,285,90,1.0
1,285,91,
1,285,92,
1,285,93,
1,285,94,
1,285,97,
1,285,99,
1,285,100,
1,285,103,
1,285,104,
1,285,105,
1,285,106,1.0
1,285,107,1.0
1,285,108,
1,285,110,
1,285,111,
1,285,112,1.0
1,285,113,1.0
1,285,114,1.0
1,285,115,
1,285,116,
1,285,117,
1,285,119,
1,286,62,
1,286,64,1.0
1,286,65,
1,286,66,
1,286,67,1.0
1,286,68,
1,286,69,
1,286,70,1.0
1,286,71,1.0
1,286,73,1.0
1,286,74,
1,286,75,
1,286,76,
1,286,77,1.0
1,286,79,
1,286,80,
1,286,82,
1,286,84,
1,286,85,
1,286,86,1.0
1,286,87,
1,286,88,1.0
1,286,89,
1,286,91,
1,286,92,
1,286,93,
1,286,94,
1,286,97,
1,286,98,1.0
1,286,99,
1,286,100,
1,286,102,1.0
1,286,103,
1,286,104,
1,286,105,
1,286,106,1.0
1,286,107,1.0
1,286,108,
1,286,110,
1,286,111,
1,286,112,1.0
1,286,113,1.0
1,286,114,1.0
1,286,115,
1,286,116,
1,286,117,
1,286,118,1.0
1,286,119,
1,287,62,
1,287,64,1.0
1,287,65,
1,287,66,
1,287,67,1.0
1,287,68,
1,287,69,
1,287,70,1.0
1,287,71,1.0
1,287,72,1.0
1,287,73,1.0
1,287,74,
1,287,75,
1,287,76,
1,287,77,1.0
1,287,79,
1,287,80,
1,287,81,1.0
1,287,82,
1,287,84,
1,287,85,
1,287,86,1.0
1,287,87,
1,287,88,1.0
1,287,89,
1,287,91,
1,287,92,
1,287,93,
1,287,94,
1,287,95,1.0
1,287,97,
1,287,98,1.0
1,287,99,
1,287,100,
1,287,101,1.0
1,287,103,
1,287,104,
1,287,105,
1,287,106,1.0
1,287,107,1.0
1,287,108,
1,287,110,
1,287,111,
1,287,112,1.0
1,287,113,1.0
1,287,114,1.0
1,287,115,
1,287,116,
1,287,117,
1,287,118,1.0
1,287,119,
1,288,62,
1,288,64,1.0
1,288,65,
1,288,66,
1,288,67,1.0
1,288,68,
1,288,69,
1,288,70,1.0
1,288,71,1.0
1,288,72,1.0
1,288,73,1.0
1,288,74,
1,288,75,
1,288,76,
1,288,77,1.0
1,288,79,
1,288,80,
1,288,82,
1,288,83,1.0
1,288,84,
1,288,85,
1,288,86,1.0
1,288,87,
1,288,88,1.0
1,288,89,
1,288,90,1.0
1,288,91,
1,288,92,
1,288,93,
1,288,94,
1,288,95,1.0
1,288,97,
1,288,98,1.0
1,288,99,
1,288,100,
1,288,101,1.0
1,288,102,1.0
1,288,103,
1,288,104,
1,288,105,
1,288,106,1.0
1,288,107,1.0
1,288,108,
1,288,110,
1,288,111,
1,288,112,1.0
1,288,113,1.0
1,288,114,1.0
1,288,115,
1,288,116,
1,288,117,
1,288,118,1.0
1,288,119,
1,289,62,
1,289,64,1.0
1,289,65,
1,289,66,
1,289,67,1.0
1,289,68,
1,289,69,
1,289,70,1.0
1,289,72,1.0
1,289,73,1.0
1,289,74,
1,289,75,
1,289,76,
1,289,77,1.0
1,289,79,
1,289,80,
1,289,82,
1,289,84,
1,289,85,
1,289,86,1.0
1,289,87,
1,289,88,1.0
1,289,89,
1,289,90,1.0
1,289,91,
1,289,92,
1,289,93,
1,289,94,
1,289,97,
1,289,98,1.0
1,289,99,
1,289,100,
1,289,101,1.0
1,289,102,1.0
1,289,103,
1,289,104,
1,289,105,
1,289,106,1.0
1,289,108,
1,289,110,
1,289,111,
1,289,112,1.0
1,289,113,1.0
1,289,114,1.0
1,289,115,
1,289,116,
1,289,117,
1,289,118,1.0
1,289,119,
1,290,61,1.0
1,290,62,
1,290,63,1.0
1,290,64,1.0
1,290,65,
1,290,66,
1,290,67,1.0
1,290,68,
1,290,69,
1,290,70,1.0
1,290,71,1.0
1,290,73,1.0
1,290,74,
1,290,75,
1,290,76,
1,290,77,1.0
1,290,79,
1,290,80,
1,290,82,
1,290,84,
1,290,85,
1,290,86,1.0
1,290,87,
1,290,88,1.0
1,290,89,
1,290,90,1.0
1,290,91,
1,290,92,
1,290,93,
1,290,94,
1,290,95,1.0
1,290,97,
1,290,98,1.0
1,290,99,
1,290,100,
1,290,101,1.0
1,290,102,1.0
1,290,103,
1,290,104,
1,290,105,
1,290,106,1.0
1,290,107,1.0
1,290,108,
1,290,110,
1,290,111,
1,290,112,1.0
1,290,113,1.0
1,290,114,1.0
1,290,115,
1,290,116,
1,290,117,
1,290,118,1.0
1,290,119,
1,291,62,
1,291,63,1.0
1,291,64,1.0
1,291,65,
1,291,66,
1,291,67,1.0
1,291,68,
1,291,69,
1,291,70,1.0
1,291,71,1.0
1,291,73,1.0
1,291,74,
1,291,75,
1,291,76,
1,291,77,1.0
1,291,79,
1,291,80,
1,291,82,
1,291,84,
1,291,85,
1,291,86,1.0
1,291,87,
1,291,88,1.0
1,291,89,
1,291,91,
1,291,92,
1,291,93,
1,291,94,
1,291,95,1.0
1,291,97,
1,291,98,1.0
1,291,99,
1,291,100,
1,291,101,1.0
1,291,102,1.0
1,291,103,
1,291,104,
1,291,105,
1,291,106,1.0
1,291,107,1.0
1,291,108,
1,291,110,
1,291,111,
1,291,112,1.0
1,291,113,1.0
1,291,114,1.0
1,291,115,
1,291,116,
1,291,117,
1,291,118,1.0
1,291,119,
1,292,61,1.0
1,292,62,
1,292,63,1.0
1,292,64,1.0
1,292,65,
1,292,66,
1,292,67,1.0
1,292,68,
1,292,69,
1,292,70,1.0
1,292,71,1.0
1,292,72,1.0
1,292,73,1.0
1,292,74,
1,292,75,
1,292,76,
1,292,77,1.0
1,292,79,
1,292,80,
1,292,81,1.0
1,292,82,
1,292,84,
1,292,85,
1,292,86,1.0
1,292,87,
1,292,88,1.0
1,292,89,
1,292,91,
1,292,92,
1,292,93,
1,292,94,
1,292,95,1.0
1,292,96,1.0
1,292,97,
1,292,98,1.0
1,292,99,
1,292,100,
1,292,101,1.0
1,292,102,1.0
1,292,103,
1,292,104,
1,292,105,
1,292,106,1.0
1,292,107,1.0
1,292,108,
1,292,109,1.0
1,292,110,
1,292,111,
1,292,112,1.0
1,292,113,1.0
1,292,114,1.0
1,292,115,
1,292,116,
1,292,117,
1,292,118,1.0
1,292,119,
1,293,62,
1,293,63,1.0
1,293,64,1.0
1,293,65,
1,293,66,
1,293,67,1.0
1,293,68,
1,293,69,
1,293,70,1.0
1,293,72,1.0
1,293,73,1.0
1,293,74,
1,293,75,
1,293,76,
1,293,77,1.0
1,293,79,
1,293,80,
1,293,82,
1,293,84,
1,293,85,
1,293,86,1.0
1,293,87,
1,293,88,1.0
1,293,89,
1,293,91,
1,293,92,
1,293,93,
1,293,94,
1,293,95,1.0
1,293,97,
1,293,98,1.0
1,293,99,
1,293,100,
1,293,102,1.0
1,293,103,
1,293,104,
1,293,105,
1,293,106,1.0
1,293,107,1.0
1,293,108,
1,293,110,
1,293,111,
1,293,112,1.0
1,293,113,1.0
1,293,114,1.0
1,293,115,
1,293,116,
1,293,117,
1,293,118,1.0
1,293,119,
1,294,61,1.0
1,294,62,
1,294,63,1.0
1,294,64,1.0
1,294,65,
1,294,66,
1,294,67,1.0
1,294,68,
1,294,69,
1,294,70,1.0
1,294,71,1.0
1,294,73,1.0
1,294,74,
1,294,75,
1,294,76,
1,294,77,1.0
1,294,79,
1,294,80,
1,294,82,
1,294,84,
1,294,85,
1,294,86,1.0
1,294,87,
1,294,88,1.0
1,294,89,
1,294,91,
1,294,92,
1,294,93,
1,294,94,
1,294,97,
1,294,98,1.0
1,294,99,
1,294,100,
1,294,103,
1,294,104,
1,294,105,
1,294,106,1.0
1,294,107,1.0
1,294,108,
1,294,110,
1,294,111,
1,294,112,1.0
1,294,113,1.0
1,294,114,1.0
1,294,115,
1,294,116,
1,294,117,
1,294,118,1.0
1,294,119,
1,295,61,1.0
1,295,62,
1,295,63,1.0
1,295,64,1.0
1,295,65,
1,295,66,
1,295,67,1.0
1,295,68,
1,295,69,
1,295,70,1.0
1,295,71,1.0
1,295,73,1.0
1,295,74,
1,295,75,
1,295,76,
1,295,77,1.0
1,295,79,
1,295,80,
1,295,82,
1,295,84,
1,295,85,
1,295,86,1.0
1,295,87,
1,295,88,1.0
1,295,89,
1,295,91,
1,295,92,
1,295,93,
1,295,94,
1,295,97,
1,295,98,1.0
1,295,99,
1,295,100,
1,295,101,1.0
1,295,103,
1,295,104,
1,295,105,
1,295,106,1.0
1,295,107,1.0
1,295,108,
1,295,110,
1,295,111,
1,295,112,1.0
1,295,113,1.0
1,295,114,1.0
1,295,115,
1,295,116,
1,295,117,
1,295,118,1.0
1,295,119,
1,296,62,
1,296,63,1.0
1,296,64,1.0
1,296,65,
1,296,66,
1,296,68,
1,296,69,
1,296,70,1.0
1,296,71,1.0
1,296,72,1.0
1,296,73,1.0
1,296,74,
1,296,75,
1,296,76,
1,296,77,1.0
1,296,79,
1,296,80,
1,296,82,
1,296,84,
1,296,85,
1,296,86,1.0
1,296,87,
1,296,88,1.0
1,296,89,
1,296,90,1.0
1,296,91,
1,296,92,
1,296,93,
1,296,94,
1,296,97,
1,296,98,1.0
1,296,99,
1,296,100,
1,296,101,1.0
1,296,103,
1,296,104,
1,296,105,
1,296,106,1.0
1,296,107,1.0
1,296,108,
1,296,110,
1,296,111,
1,296,112,1.0
1,296,113,1.0
1,296,114,1.0
1,296,115,
1,296,116,
1,296,117,
1,296,118,1.0
1,296,119,
1,297,62,
1,297,63,1.0
1,297,64,1.0
1,297,65,
1,297,66,
1,297,67,1.0
1,297,68,
1,297,69,
1,297,70,1.0
1,297,71,1.0
1,297,73,1.0
1,297,74,
1,297,75,
1,297,76,
1,297,77,1.0
1,297,79,
1,297,80,
1,297,82,
1,297,84,
1,297,85,
1,297,86,1.0
1,297,87,
1,297,89,
1,297,91,
1,297,92,
1,297,93,
1,297,94,
1,297,95,1.0
1,297,97,
1,297,98,1.0
1,297,99,
1,297,100,
1,297,103,
1,297,104,
1,297,105,
1,297,106,1.0
1,297,107,1.0
1,297,108,
1,297,110,
1,297,111,
1,297,112,1.0
1,297,113,1.0
1,297,114,1.0
1,297,115,
1,297,116,
1,297,117,
1,297,118,1.0
1,297,119,
1,298,62,
1,298,63,1.0
1,298,64,1.0
1,298,65,
1,298,66,
1,298,67,1.0
1,298,68,
1,298,69,
1,298,70,1.0
1,298,71,1.0
1,298,73,1.0
1,298,74,
1,298,75,
1,298,76,
1,298,77,1.0
1,298,79,
1,298,80,
1,298,82,
1,298,84,
1,298,85,
1,298,86,1.0
1,298,87,
1,298,89,
1,298,91,
1,298,92,
1,298,93,
1,298,94,
1,298,95,1.0
1,298,97,
1,298,98,1.0
1,298,99,
1,298,100,
1,298,102,1.0
1,298,103,
1,298,104,
1,298,105,
1,298,106,1.0
1,298,107,1.0
1,298,108,
1,298,110,
1,298,111,
1,298,112,1.0
1,298,113,1.0
1,298,114,1.0
1,298,115,
1,298,116,
1,298,117,
1,298,118,1.0
1,298,119,
1,299,62,
1,299,63,1.0
1,299,64,1.0
1,299,65,
1,299,66,
1,299,67,1.0
1,299,68,
1,299,69,
1,299,70,1.0
1,299,71,1.0
1,299,72,1.0
1,299,73,1.0
1,299,74,
1,299,75,
1,299,76,
1,299,77,1.0
1,299,79,
1,299,80,
1,299,82,
1,299,83,1.0
1,299,84,
1,299,85,
1,299,86,1.0
1,299,87,
1,299,89,
1,299,91,
1,299,92,
1,299,93,
1,299,94,
1,299,97,
1,299,98,1.0
1,299,99,
1,299,100,
1,299,103,
1,299,104,
1,299,105,
1,299,106,1.0
1,299,107,1.0
1,299,108,
1,299,110,
1,299,111,
1,299,112,1.0
1,299,113,1.0
1,299,114,1.0
1,299,115,
1,299,116,
1,299,117,
1,299,118,1.0
1,299,119,
1,300,62,
1,300,64,1.0
1,300,65,
1,300,66,
1,300,67,1.0
1,300,68,
1,300,69,
1,300,70,1.0
1,300,71,1.0
1,300,72,1.0
1,300,73,1.0
1,300,74,
1,300,75,
1,300,76,
1,300,77,1.0
1,300,79,
1,300,80,
1,300,82,
1,300,84,
1,300,85,
1,300,86,1.0
1,300,87,
1,300,89,
1,300,91,
1,300,92,
1,300,93,
1,300,94,
1,300,97,
1,300,98,1.0
1,300,99,
1,300,100,
1,300,103,
1,300,104,
1,300,105,
1,300,106,1.0
1,300,107,1.0
1,300,108,
1,300,110,
1,300,111,
1,300,112,1.0
1,300,113,1.0
1,300,114,1.0
1,300,115,
1,300,116,
1,300,117,
1,300,118,1.0
1,300,119,
1,301,62,
1,301,64,1.0
1,301,65,
1,301,66,
1,301,67,1.0
1,301,68,
1,301,69,
1,301,70,1.0
1,301,71,1.0
1,301,73,1.0
1,301,74,
1,301,75,
1,301,76,
1,301,77,1.0
1,301,79,
1,301,80,
1,301,82,
1,301,84,
1,301,85,
1,301,86,1.0
1,301,87,
1,301,88,1.0
1,301,89,
1,301,91,
1,301,92,
1,301,93,
1,301,94,
1,301,97,
1,301,98,1.0
1,301,99,
1,301,100,
1,301,101,1.0
1,301,103,
1,301,104,
1,301,105,
1,301,106,1.0
1,301,108,
1,301,110,
1,301,111,
1,301,112,1.0
1,301,113,1.0
1,301,114,1.0
1,301,115,
1,301,116,
1,301,117,
1,301,119,
1,302,62,
1,302,64,1.0
1,302,65,
1,302,66,
1,302,67,1.0
1,302,68,
1,302,69,
1,302,70,1.0
1,302,71,1.0
1,302,73,1.0
1,302,74,
1,302,75,
1,302,76,
1,302,77,1.0
1,302,79,
1,302,80,
1,302,82,
1,302,84,
1,302,85,
1,302,86,1.0
1,302,87,
1,302,88,1.0
1,302,89,
1,302,91,
1,302,92,
1,302,93,
1,302,94,
1,302,97,
1,302,98,1.0
1,302,99,
1,302,100,
1,302,102,1.0
1,302,103,
1,302,104,
1,302,105,
1,302,106,1.0
1,302,108,
1,302,110,
1,302,111,
1,302,112,1.0
1,302,113,1.0
1,302,114,1.0
1,302,115,
1,302,116,
1,302,117,
1,302,119,
1,303,62,
1,303,64,1.0
1,303,65,
1,303,66,
1,303,67,1.0
1,303,68,
1,303,69,
1,303,70,1.0
1,303,71,1.0
1,303,73,1.0
1,303,74,
1,303,75,
1,303,76,
1,303,77,1.0
1,303,78,1.0
1,303,79,
1,303,80,
1,303,82,
1,303,84,
1,303,85,
1,303,86,1.0
1,303,87,
1,303,88,1.0
1,303,89,
1,303,91,
1,303,92,
1,303,93,
1,303,94,
1,303,95,1.0
1,303,97,
1,303,98,1.0
1,303,99,
1,303,100,
1,303,103,
1,303,104,
1,303,105,
1,303,106,1.0
1,303,108,
1,303,110,
1,303,111,
1,303,112,1.0
1,303,113,1.0
1,303,114,1.0
1,303,115,
1,303,116,
1,303,117,
1,303,118,1.0
1,303,119,
1,304,62,
1,304,64,1.0
1,304,65,
1,304,66,
1,304,68,
1,304,69,
1,304,70,1.0
1,304,71,1.0
1,304,72,1.0
1,304,73,1.0
1,304,74,
1,304,75,
1,304,76,
1,304,77,1.0
1,304,79,
1,304,80,
1,304,82,
1,304,84,
1,304,85,
1,304,86,1.0
1,304,87,
1,304,88,1.0
1,304,89,
1,304,91,
1,304,92,
1,304,93,
1,304,94,
1,304,95,1.0
1,304,97,
1,304,98,1.0
1,304,99,
1,304,100,
1,304,102,1.0
1,304,103,
1,304,104,
1,304,105,
1,304,106,1.0
1,304,108,
1,304,109,1.0
1,304,110,
1,304,111,
1,304,112,1.0
1,304,113,1.0
1,304,114,1.0
1,304,115,
1,304,116,
1,304,117,
1,304,119,
1,305,62,
1,305,63,1.0
1,305,64,1.0
1,305,65,
1,305,66,
1,305,67,1.0
1,305,68,
1,305,69,
1,305,70,1.0
1,305,71,1.0
1,305,73,1.0
1,305,74,
1,305,75,
1,305,76,
1,305,77,1.0
1,305,79,
1,305,80,
1,305,82,
1,305,84,
1,305,85,
1,305,86,1.0
1,305,87,
1,305,89,
1,305,90,1.0
1,305,91,
1,305,92,
1,305,93,
1,305,94,
1,305,95,1.0
1,305,97,
1,305,98,1.0
1,305,99,
1,305,100,
1,305,103,
1,305,104,
1,305,105,
1,305,106,1.0
1,305,108,
1,305,110,
1,305,111,
1,305,112,1.0
1,305,113,1.0
1,305,114,1.0
1,305,115,
1,305,116,
1,305,117,
1,305,119,
1,306,62,
1,306,63,1.0
1,306,64,1.0
1,306,65,
1,306,66,
1,306,67,1.0
1,306,68,
1,306,69,
1,306,70,1.0
1,306,71,1.0
1,306,72,1.0
1,306,73,1.0
1,306,74,
1,306,75,
1,306,76,
1,306,77,1.0
1,306,79,
1,306,80,
1,306,82,
1,306,84,
1,306,85,
1,306,86,1.0
1,306,87,
1,306,88,1.0
1,306,89,
1,306,90,1.0
1,306,91,
1,306,92,
1,306,93,
1,306,94,
1,306,97,
1,306,98,1.0
1,306,99,
1,306,100,
1,306,103,
1,306,104,
1,306,105,
1,306,106,1.0
1,306,108,
1,306,110,
1,306,111,
1,306,112,1.0
1,306,113,1.0
1,306,114,1.0
1,306,115,
1,306,116,
1,306,117,
1,306,119,
1,307,62,
1,307,64,1.0
1,307,65,
1,307,66,
1,307,67,1.0
1,307,68,
1,307,69,
1,307,70,1.0
1,307,71,1.0
1,307,73,1.0
1,307,74,
1,307,75,
1,307,76,
1,307,77,1.0
1,307,79,
1,307,80,
1,307,82,
1,307,84,
1,307,85,
1,307,86,1.0
1,307,87,
1,307,88,1.0
1,307,89,
1,307,90,1.0
1,307,91,
1,307,92,
1,307,93,
1,307,94,
1,307,95,1.0
1,307,97,
1,307,98,1.0
1,307,99,
1,307,100,
1,307,103,
1,307,104,
1,307,105,
1,307,106,1.0
1,307,107,1.0
1,307,108,
1,307,110,
1,307,111,
1,307,112,1.0
1,307,113,1.0
1,307,114,1.0
1,307,115,
1,307,116,
1,307,117,
1,307,119,
1,308,62,
1,308,64,1.0
1,308,65,
1,308,66,
1,308,67,1.0
1,308,68,
1,308,69,
1,308,70,1.0
1,308,71,1.0
1,308,72,1.0
1,308,73,1.0
1,308,74,
1,308,75,
1,308,76,
1,308,77,1.0
1,308,79,
1,308,80,
1,308,82,
1,308,84,
1,308,85,
1,308,86,1.0
1,308,87,
1,308,88,1.0
1,308,89,
1,308,91,
1,308,92,
1,308,93,
1,308,94,
1,308,95,1.0
1,308,97,
1,308,98,1.0
1,308,99,
1,308,100,
1,308,103,
1,308,104,
1,308,105,
1,308,108,
1,308,110,
1,308,111,
1,308,112,1.0
1,308,113,1.0
1,308,114,1.0
1,308,115,
1,308,116,
1,308,117,
1,308,119,
1,309,62,
1,309,64,1.0
1,309,65,
1,309,66,
1,309,67,1.0
1,309,68,
1,309,69,
1,309,70,1.0
1,309,71,1.0
1,309,72,1.0
1,309,73,1.0
1,309,74,
1,309,75,
1,309,76,
1,309,77,1.0
1,309,79,
1,309,80,
1,309,82,
1,309,84,
1,309,85,
1,309,86,1.0
1,309,87,
1,309,88,1.0
1,309,89,
1,309,90,1.0
1,309,91,
1,309,92,
1,309,93,
1,309,94,
1,309,97,
1,309,98,1.0
1,309,99,
1,309,100,
1,309,103,
1,309,104,
1,309,105,
1,309,106,1.0
1,309,107,1.0
1,309,108,
1,309,109,1.0
1,309,110,
1,309,111,
1,309,112,1.0
1,309,113,1.0
1,309,114,1.0
1,309,115,
1,309,116,
1,309,117,
1,309,119,
1,310,62,
1,310,63,1.0
1,310,64,1.0
1,310,65,
1,310,66,
1,310,67,1.0
1,310,68,
1,310,69,
1,310,70,1.0
1,310,71,1.0
1,310,73,1.0
1,310,74,
1,310,75,
1,310,76,
1,310,77,1.0
1,310,79,
1,310,80,
1,310,81,1.0
1,310,82,
1,310,83,1.0
1,310,84,
1,310,85,
1,310,86,1.0
1,310,87,
1,310,88,1.0
1,310,89,
1,310,90,1.0
1,310,91,
1,310,92,
1,310,93,
1,310,94,
1,310,97,
1,310,98,1.0
1,310,99,
1,310,100,
1,310,101,1.0
1,310,103,
1,310,104,
1,310,105,
1,310,106,1.0
1,310,107,1.0
1,310,108,
1,310,110,
1,310,111,
1,310,112,1.0
1,310,113,1.0
1,310,114,1.0
1,310,115,
1,310,116,
1,310,117,
1,310,118,1.0
1,310,119,
1,311,61,1.0
1,311,62,
1,311,64,1.0
1,311,65,
1,311,66,
1,311,67,1.0
1,311,68,
1,311,69,
1,311,70,1.0
1,311,71,1.0
1,311,72,1.0
1,311,73,1.0
1,311,74,
1,311,75,
1,311,76,
1,311,77,1.0
1,311,78,1.0
1,311,79,
1,311,80,
1,311,81,1.0
1,311,82,
1,311,84,
1,311,85,
1,311,86,1.0
1,311,87,
1,311,88,1.0
1,311,89,
1,311,90,1.0
1,311,91,
1,311,92,
1,311,93,
1,311,94,
1,311,97,
1,311,98,1.0
1,311,99,
1,311,100,
1,311,101,1.0
1,311,103,
1,311,104,
1,311,105,
1,311,106,1.0
1,311,108,
1,311,110,
1,311,111,
1,311,112,1.0
1,311,113,1.0
1,311,114,1.0
1,311,115,
1,311,116,
1,311,117,
1,311,119,
1,312,62,
1,312,64,1.0
1,312,65,
1,312,66,
1,312,67,1.0
1,312,68,
1,312,69,
1,312,70,1.0
1,312,71,1.0
1,312,72,1.0
1,312,73,1.0
1,312,74,
1,312,75,
1,312,76,
1,312,77,1.0
1,312,79,
1,312,80,
1,312,81,1.0
1,312,82,
1,312,83,1.0
1,312,84,
1,312,85,
1,312,86,1.0
1,312,87,
1,312,88,1.0
1,312,89,
1,312,91,
1,312,92,
1,312,93,
1,312,94,
1,312,97,
1,312,98,1.0
1,312,99,
1,312,100,
1,312,101,1.0
1,312,102,1.0
1,312,103,
1,312,104,
1,312,105,
1,312,106,1.0
1,312,107,1.0
1,312,108,
1,312,110,
1,312,111,
1,312,112,1.0
1,312,113,1.0
1,312,114,1.0
1,312,115,
1,312,116,
1,312,117,
1,312,119,
1,313,62,
1,313,63,1.0
1,313,64,1.0
1,313,65,
1,313,66,
1,313,67,1.0
1,313,68,
1,313,69,
1,313,70,1.0
1,313,71,1.0
1,313,73,1.0
1,313,74,
1,313,75,
1,313,76,
1,313,77,1.0
1,313,78,1.0
1,313,79,
1,313,80,
1,313,82,
1,313,83,1.0
1,313,84,
1,313,85,
1,313,86,1.0
1,313,87,
1,313,89,
1,313,91,
1,313,92,
1,313,93,
1,313,94,
1,313,97,
1,313,98,1.0
1,313,99,
1,313,100,
1,313,101,1.0
1,313,103,
1,313,104,
1,313,105,
1,313,106,1.0
1,313,107,1.0
1,313,108,
1,313,110,
1,313,111,
1,313,112,1.0
1,313,113,1.0
1,313,114,1.0
1,313,115,
1,313,116,
1,313,117,
1,313,118,1.0
1,313,119,
1,314,62,
1,314,63,1.0
1,314,64,1.0
1,314,65,
1,314,66,
1,314,67,1.0
1,314,68,
1,314,69,
1,314,70,1.0
1,314,71,1.0
1,314,73,1.0
1,314,74,
1,314,75,
1,314,76,
1,314,77,1.0
1,314,79,
1,314,80,
1,314,81,1.0
1,314,82,
1,314,84,
1,314,85,
1,314,86,1.0
1,314,87,
1,314,88,1.0
1,314,89,
1,314,91,
1,314,92,
1,314,93,
1,314,94,
1,314,97,
1,314,98,1.0
1,314,99,
1,314,100,
1,314,101,1.0
1,314,103,
1,314,104,
1,314,105,
1,314,106,1.0
1,314,107,1.0
1,314,108,
1,314,110,
1,314,111,
1,314,112,1.0
1,314,113,1.0
1,314,114,1.0
1,314,115,
1,314,116,
1,314,117,
1,314,118,1.0
1,314,119,
1,315,62,
1,315,64,1.0
1,315,65,
1,315,66,
1,315,67,1.0
1,315,68,
1,315,69,
1,315,70,1.0
1,315,71,1.0
1,315,73,1.0
1,315,74,
1,315,75,
1,315,76,
1,315,77,1.0
1,315,79,
1,315,80,
1,315,81,1.0
1,315,82,
1,315,83,1.0
1,315,84,
1,315,85,
1,315,86,1.0
1,315,87,
1,315,88,1.0
1,315,89,
1,315,91,
1,315,92,
1,315,93,
1,315,94,
1,315,97,
1,315,98,1.0
1,315,99,
1,315,100,
1,315,101,1.0
1,315,102,1.0
1,315,103,
1,315,104,
1,315,105,
1,315,107,1.0
1,315,108,
1,315,109,1.0
1,315,110,
1,315,111,
1,315,112,1.0
1,315,113,1.0
1,315,114,1.0
1,315,115,
1,315,116,
1,315,117,
1,315,118,1.0
1,315,119,
1,316,61,1.0
1,316,62,
1,316,63,1.0
1,316,64,1.0
1,316,65,
1,316,66,
1,316,67,1.0
1,316,68,
1,316,69,
1,316,70,1.0
1,316,71,1.0
1,316,72,1.0
1,316,73,1.0
1,316,74,
1,316,75,
1,316,76,
1,316,77,1.0
1,316,78,1.0
1,316,79,
1,316,80,
1,316,81,1.0
1,316,82,
1,316,84,
1,316,85,
1,316,86,1.0
1,316,87,
1,316,88,1.0
1,316,89,
1,316,90,1.0
1,316,91,
1,316,92,
1,316,93,
1,316,94,
1,316,97,
1,316,98,1.0
1,316,99,
1,316,100,
1,316,101,1.0
1,316,103,
1,316,104,
1,316,105,
1,316,106,1.0
1,316,107,1.0
1,316,108,
1,316,109,1.0
1,316,110,
1,316,111,
1,316,112,1.0
1,316,113,1.0
1,316,114,1.0
1,316,115,
1,316,116,
1,316,117,
1,316,118,1.0
1,316,119,
1,317,62,
1,317,63,1.0
1,317,64,1.0
1,317,65,
1,317,66,
1,317,67,1.0
1,317,68,
1,317,69,
1,317,70,1.0
1,317,71,1.0
1,317,72,1.0
1,317,73,1.0
1,317,74,
1,317,75,
1,317,76,
1,317,77,1.0
1,317,78,1.0
1,317,79,
1,317,80,
1,317,81,1.0
1,317,82,
1,317,84,
1,317,85,
1,317,86,1.0
1,317,87,
1,317,88,1.0
1,317,89,
1,317,90,1.0
1,317,91,
1,317,92,
1,317,93,
1,317,94,
1,317,95,1.0
1,317,97,
1,317,98,1.0
1,317,99,
1,317,100,
1,317,101,1.0
1,317,102,1.0
1,317,103,
1,317,104,
1,317,105,
1,317,106,1.0
1,317,107,1.0
1,317,108,
1,317,110,
1,317,111,
1,317,112,1.0
1,317,113,1.0
1,317,114,1.0
1,317,115,
1,317,116,
1,317,117,
1,317,118,1.0
1,317,119,
1,318,62,
1,318,63,1.0
1,318,64,1.0
1,318,65,
1,318,66,
1,318,67,1.0
1,318,68,
1,318,69,
1,318,70,1.0
1,318,71,1.0
1,318,72,1.0
1,318,73,1.0
1,318,74,
1,318,75,
1,318,76,
1,318,77,1.0
1,318,78,1.0
1,318,79,
1,318,80,
1,318,81,1.0
1,318,82,
1,318,83,1.0
1,318,84,
1,318,85,
1,318,86,1.0
1,318,87,
1,318,88,1.0
1,318,89,
1,318,91,
1,318,92,
1,318,93,
1,318,94,
1,318,97,
1,318,98,1.0
1,318,99,
1,318,100,
1,318,101,1.0
1,318,102,1.0
1,318,103,
1,318,104,
1,318,105,
1,318,106,1.0
1,318,107,1.0
1,318,108,
1,318,109,1.0
1,318,110,
1,318,111,
1,318,112,1.0
1,318,113,1.0
1,318,114,1.0
1,318,115,
1,318,116,
1,318,117,
1,318,118,1.0
1,318,119,
1,319,61,1.0
1,319,62,
1,319,64,1.0
1,319,65,
1,319,66,
1,319,67,1.0
1,319,68,
1,319,69,
1,319,70,1.0
1,319,71,1.0
1,319,72,1.0
1,319,73,1.0
1,319,74,
1,319,75,
1,319,76,
1,319,77,1.0
1,319,79,
1,319,80,
1,319,81,1.0
1,319,82,
1,319,84,
1,319,85,
1,319,86,1.0
1,319,87,
1,319,88,1.0
1,319,89,
1,319,90,1.0
1,319,91,
1,319,92,
1,319,93,
1,319,94,
1,319,95,1.0
1,319,96,1.0
1,319,97,
1,319,98,1.0
1,319,99,
1,319,100,
1,319,101,1.0
1,319,102,1.0
1,319,103,
1,319,104,
1,319,105,
1,319,106,1.0
1,319,107,1.0
1,319,108,
1,319,109,1.0
1,319,110,
1,319,111,
1,319,112,1.0
1,319,113,1.0
1,319,114,1.0
1,319,115,
1,319,116,
1,319,117,
1,319,118,1.0
1,319,119,
1,320,62,
1,320,64,1.0
1,320,65,
1,320,66,
1,320,67,1.0
1,320,68,
1,320,69,
1,320,70,1.0
1,320,71,1.0
1,320,73,1.0
1,320,74,
1,320,75,
1,320,76,
1,320,77,1.0
1,320,79,
1,320,80,
1,320,82,
1,320,84,
1,320,85,
1,320,86,1.0
1,320,87,
1,320,88,1.0
1,320,89,
1,320,91,
1,320,92,
1,320,93,
1,320,94,
1,320,97,
1,320,98,1.0
1,320,99,
1,320,100,
1,320,101,1.0
1,320,102,1.0
1,320,103,
1,320,104,
1,320,105,
1,320,106,1.0
1,320,107,1.0
1,320,108,
1,320,110,
1,320,111,
1,320,112,1.0
1,320,113,1.0
1,320,114,1.0
1,320,115,
1,320,116,
1,320,117,
1,320,118,1.0
1,320,119,
1,321,62,
1,321,64,1.0
1,321,65,
1,321,66,
1,321,67,1.0
1,321,68,
1,321,69,
1,321,70,1.0
1,321,71,1.0
1,321,73,1.0
1,321,74,
1,321,75,
1,321,76,
1,321,77,1.0
1,321,79,
1,321,80,
1,321,82,
1,321,84,
1,321,85,
1,321,86,1.0
1,321,87,
1,321,88,1.0
1,321,89,
1,321,91,
1,321,92,
1,321,93,
1,321,94,
1,321,97,
1,321,98,1.0
1,321,99,
1,321,100,
1,321,101,1.0
1,321,103,
1,321,104,
1,321,105,
1,321,106,1.0
1,321,107,1.0
1,321,108,
1,321,110,
1,321,111,
1,321,112,1.0
1,321,113,1.0
1,321,114,1.0
1,321,115,
1,321,116,
1,321,117,
1,321,118,1.0
1,321,119,
1,322,62,
1,322,64,1.0
1,322,65,
1,322,66,
1,322,67,1.0
1,322,68,
1,322,69,
1,322,70,1.0
1,322,71,1.0
1,322,72,1.0
1,322,73,1.0
1,322,74,
1,322,75,
1,322,76,
1,322,77,1.0
1,322,79,
1,322,80,
1,322,82,
1,322,84,
1,322,85,
1,322,86,1.0
1,322,87,
1,322,88,1.0
1,322,89,
1,322,90,1.0
1,322,91,
1,322,92,
1,322,93,
1,322,94,
1,322,97,
1,322,98,1.0
1,322,99,
1,322,100,
1,322,101,1.0
1,322,102,1.0
1,322,103,
1,322,104,
1,322,105,
1,322,106,1.0
1,322,107,1.0
1,322,108,
1,322,110,
1,322,111,
1,322,112,1.0
1,322,113,1.0
1,322,114,1.0
1,322,115,
1,322,116,
1,322,117,
1,322,118,1.0
1,322,119,
1,323,62,
1,323,64,1.0
1,323,65,
1,323,66,
1,323,67,1.0
1,323,68,
1,323,69,
1,323,70,1.0
1,323,71,1.0
1,323,73,1.0
1,323,74,
1,323,75,
1,323,76,
1,323,77,1.0
1,323,79,
1,323,80,
1,323,82,
1,323,84,
1,323,85,
1,323,86,1.0
1,323,87,
1,323,88,1.0
1,323,89,
1,323,91,
1,323,92,
1,323,93,
1,323,94,
1,323,95,1.0
1,323,97,
1,323,98,1.0
1,323,99,
1,323,100,
1,323,101,1.0
1,323,102,1.0
1,323,103,
1,323,104,
1,323,105,
1,323,106,1.0
1,323,107,1.0
1,323,108,
1,323,110,
1,323,111,
1,323,112,1.0
1,323,113,1.0
1,323,114,1.0
1,323,115,
1,323,116,
1,323,117,
1,323,118,1.0
1,323,119,
1,324,61,1.0
1,324,62,
1,324,64,1.0
1,324,65,
1,324,66,
1,324,67,1.0
1,324,68,
1,324,69,
1,324,70,1.0
1,324,71,1.0
1,324,72,1.0
1,324,73,1.0
1,324,74,
1,324,75,
1,324,76,
1,324,77,1.0
1,324,79,
1,324,80,
1,324,82,
1,324,83,1.0
1,324,84,
1,324,85,
1,324,86,1.0
1,324,87,
1,324,89,
1,324,90,1.0
1,324,91,
1,324,92,
1,324,93,
1,324,94,
1,324,97,
1,324,98,1.0
1,324,99,
1,324,100,
1,324,102,1.0
1,324,103,
1,324,104,
1,324,105,
1,324,106,1.0
1,324,107,1.0
1,324,108,
1,324,110,
1,324,111,
1,324,112,1.0
1,324,113,1.0
1,324,114,1.0
1,324,115,
1,324,116,
1,324,117,
1,324,118,1.0
1,324,119,
1,325,62,
1,325,64,1.0
1,325,65,
1,325,66,
1,325,67,1.0
1,325,68,
1,325,69,
1,325,70,1.0
1,325,71,1.0
1,325,72,1.0
1,325,73,1.0
1,325,74,
1,325,75,
1,325,76,
1,325,77,1.0
1,325,79,
1,325,80,
1,325,82,
1,325,84,
1,325,85,
1,325,86,1.0
1,325,87,
1,325,88,1.0
1,325,89,
1,325,90,1.0
1,325,91,
1,325,92,
1,325,93,
1,325,94,
1,325,95,1.0
1,325,96,1.0
1,325,97,
1,325,98,1.0
1,325,99,
1,325,100,
1,325,101,1.0
1,325,103,
1,325,104,
1,325,105,
1,325,106,1.0
1,325,107,1.0
1,325,108,
1,325,110,
1,325,111,
1,325,112,1.0
1,325,113,1.0
1,325,114,1.0
1,325,115,
1,325,116,
1,325,117,
1,325,118,1.0
1,325,119,
1,326,62,
1,326,64,1.0
1,326,65,
1,326,66,
1,326,67,1.0
1,326,68,
1,326,69,
1,326,70,1.0
1,326,71,1.0
1,326,73,1.0
1,326,74,
1,326,75,
1,326,76,
1,326,77,1.0
1,326,79,
1,326,80,
1,326,82,
1,326,83,1.0
1,326,84,
1,326,85,
1,326,86,1.0
1,326,87,
1,326,88,1.0
1,326,89,
1,326,90,1.0
1,326,91,
1,326,92,
1,326,93,
1,326,94,
1,326,96,1.0
1,326,97,
1,326,98,1.0
1,326,99,
1,326,100,
1,326,101,1.0
1,326,103,
1,326,104,
1,326,105,
1,326,106,1.0
1,326,107,1.0
1,326,108,
1,326,110,
1,326,111,
1,326,112,1.0
1,326,113,1.0
1,326,114,1.0
1,326,115,
1,326,116,
1,326,117,
1,326,118,1.0
1,326,119,
1,327,61,1.0
1,327,62,
1,327,64,1.0
1,327,65,
1,327,66,
1,327,67,1.0
1,327,68,
1,327,69,
1,327,70,1.0
1,327,71,1.0
1,327,73,1.0
1,327,74,
1,327,75,
1,327,76,
1,327,77,1.0
1,327,79,
1,327,80,
1,327,82,
1,327,83,1.0
1,327,84,
1,327,85,
1,327,86,1.0
1,327,87,
1,327,88,1.0
1,327,89,
1,327,90,1.0
1,327,91,
1,327,92,
1,327,93,
1,327,94,
1,327,96,1.0
1,327,97,
1,327,98,1.0
1,327,99,
1,327,100,
1,327,101,1.0
1,327,103,
1,327,104,
1,327,105,
1,327,106,1.0
1,327,107,1.0
1,327,108,
1,327,110,
1,327,111,
1,327,112,1.0
1,327,113,1.0
1,327,114,1.0
1,327,115,
1,327,116,
1,327,117,
1,327,118,1.0
1,327,119,
1,328,62,
1,328,64,1.0
1,328,65,
1,328,66,
1,328,67,1.0
1,328,68,
1,328,69,
1,328,70,1.0
1,328,71,1.0
1,328,73,1.0
1,328,74,
1,328,75,
1,328,76,
1,328,77,1.0
1,328,79,
1,328,80,
1,328,82,
1,328,83,1.0
1,328,84,
1,328,85,
1,328,86,1.0
1,328,87,
1,328,88,1.0
1,328,89,
1,328,90,1.0
1,328,91,
1,328,92,
1,328,93,
1,328,94,
1,328,96,1.0
1,328,97,
1,328,98,1.0
1,328,99,
1,328,100,
1,328,101,1.0
1,328,103,
1,328,104,
1,328,105,
1,328,106,1.0
1,328,107,1.0
1,328,108,
1,328,110,
1,328,111,
1,328,112,1.0
1,328,113,1.0
1,328,114,1.0
1,328,115,
1,328,116,
1,328,117,
1,328,119,
1,329,61,1.0
1,329,62,
1,329,64,1.0
1,329,65,
1,329,66,
1,329,67,1.0
1,329,68,
1,329,69,
1,329,70,1.0
1,329,71,1.0
1,329,72,1.0
1,329,73,1.0
1,329,74,
1,329,75,
1,329,76,
1,329,77,1.0
1,329,79,
1,329,80,
1,329,81,1.0
1,329,82,
1,329,84,
1,329,85,
1,329,86,1.0
1,329,87,
1,329,88,1.0
1,329,89,
1,329,90,1.0
1,329,91,
1,329,92,
1,329,93,
1,329,94,
1,329,96,1.0
1,329,97,
1,329,98,1.0
1,329,99,
1,329,100,
1,329,101,1.0
1,329,103,
1,329,104,
1,329,105,
1,329,106,1.0
1,329,107,1.0
1,329,108,
1,329,109,1.0
1,329,110,
1,329,111,
1,329,112,1.0
1,329,113,1.0
1,329,114,1.0
1,329,115,
1,329,116,
1,329,117,
1,329,118,1.0
1,329,119,
1,330,61,1.0
1,330,62,
1,330,64,1.0
1,330,65,
1,330,66,
1,330,67,1.0
1,330,68,
1,330,69,
1,330,70,1.0
1,330,71,1.0
1,330,73,1.0
1,330,74,
1,330,75,
1,330,76,
1,330,77,1.0
1,330,79,
1,330,80,
1,330,82,
1,330,83,1.0
1,330,84,
1,330,85,
1,330,86,1.0
1,330,87,
1,330,88,1.0
1,330,89,
1,330,90,1.0
1,330,91,
1,330,92,
1,330,93,
1,330,94,
1,330,97,
1,330,98,1.0
1,330,99,
1,330,100,
1,330,101,1.0
1,330,103,
1,330,104,
1,330,105,
1,330,106,1.0
1,330,107,1.0
1,330,108,
1,330,109,1.0
1,330,110,
1,330,111,
1,330,112,1.0
1,330,113,1.0
1,330,114,1.0
1,330,115,
1,330,116,
1,330,117,
1,330,118,1.0
1,330,119,
1,331,61,1.0
1,331,62,
1,331,64,1.0
1,331,65,
1,331,66,
1,331,67,1.0
1,331,68,
1,331,69,
1,331,70,1.0
1,331,71,1.0
1,331,72,1.0
1,331,73,1.0
1,331,74,
1,331,75,
1,331,76,
1,331,77,1.0
1,331,78,1.0
1,331,79,
1,331,80,
1,331,81,1.0
1,331,82,
1,331,83,1.0
1,331,84,
1,331,85,
1,331,86,1.0
1,331,87,
1,331,88,1.0
1,331,89,
1,331,90,1.0
1,331,91,
1,331,92,
1,331,93,
1,331,94,
1,331,96,1.0
1,331,97,
1,331,98,1.0
1,331,99,
1,331,100,
1,331,101,1.0
1,331,103,
1,331,104,
1,331,105,
1,331,106,1.0
1,331,107,1.0
1,331,108,
1,331,110,
1,331,111,
1,331,112,1.0
1,331,113,1.0
1,331,114,1.0
1,331,115,
1,331,116,
1,331,117,
1,331,118,1.0
1,331,119,
1,332,61,1.0
1,332,62,
1,332,64,1.0
1,332,65,
1,332,66,
1,332,67,1.0
1,332,68,
1,332,69,
1,332,70,1.0
1,332,71,1.0
1,332,72,1.0
1,332,73,1.0
1,332,74,
1,332,75,
1,332,76,
1,332,77,1.0
1,332,78,1.0
1,332,79,
1,332,80,
1,332,82,
1,332,83,1.0
1,332,84,
1,332,85,
1,332,86,1.0
1,332,87,
1,332,88,1.0
1,332,89,
1,332,91,
1,332,92,
1,332,93,
1,332,94,
1,332,96,1.0
1,332,97,
1,332,98,1.0
1,332,99,
1,332,100,
1,332,101,1.0
1,332,102,1.0
1,332,103,
1,332,104,
1,332,105,
1,332,106,1.0
1,332,107,1.0
1,332,108,
1,332,109,1.0
1,332,110,
1,332,111,
1,332,112,1.0
1,332,113,1.0
1,332,114,1.0
1,332,115,
1,332,116,
1,332,117,
1,332,118,1.0
1,332,119,
1,333,62,
1,333,64,1.0
1,333,65,
1,333,66,
1,333,67,1.0
1,333,68,
1,333,69,
1,333,70,1.0
1,333,71,1.0
1,333,72,1.0
1,333,73,1.0
1,333,74,
1,333,75,
1,333,76,
1,333,77,1.0
1,333,78,1.0
1,333,79,
1,333,80,
1,333,81,1.0
1,333,82,
1,333,83,1.0
1,333,84,
1,333,85,
1,333,86,1.0
1,333,87,
1,333,88,1.0
1,333,89,
1,333,91,
1,333,92,
1,333,93,
1,333,94,
1,333,95,1.0
1,333,97,
1,333,98,1.0
1,333,99,
1,333,100,
1,333,102,1.0
1,333,103,
1,333,104,
1,333,105,
1,333,106,1.0
1,333,107,1.0
1,333,108,
1,333,110,
1,333,111,
1,333,112,1.0
1,333,113,1.0
1,333,114,1.0
1,333,115,
1,333,116,
1,333,117,
1,333,118,1.0
1,333,119,
1,334,61,1.0
1,334,62,
1,334,64,1.0
1,334,65,
1,334,66,
1,334,67,1.0
1,334,68,
1,334,69,
1,334,70,1.0
1,334,71,1.0
1,334,73,1.0
1,334,74,
1,334,75,
1,334,76,
1,334,77,1.0
1,334,78,1.0
1,334,79,
1,334,80,
1,334,81,1.0
1,334,82,
1,334,84,
1,334,85,
1,334,86,1.0
1,334,87,
1,334,89,
1,334,91,
1,334,92,
1,334,93,
1,334,94,
1,334,97,
1,334,98,1.0
1,334,99,
1,334,100,
1,334,101,1.0
1,334,102,1.0
1,334,103,
1,334,104,
1,334,105,
1,334,106,1.0
1,334,107,1.0
1,334,108,
1,334,110,
1,334,111,
1,334,112,1.0
1,334,113,1.0
1,334,114,1.0
1,334,115,
1,334,116,
1,334,117,
1,334,118,1.0
1,334,119,
1,335,62,
1,335,64,1.0
1,335,65,
1,335,66,
1,335,67,1.0
1,335,68,
1,335,69,
1,335,70,1.0
1,335,71,1.0
1,335,73,1.0
1,335,74,
1,335,75,
1,335,76,
1,335,77,1.0
1,335,78,1.0
1,335,79,
1,335,80,
1,335,82,
1,335,83,1.0
1,335,84,
1,335,85,
1,335,86,1.0
1,335,87,
1,335,88,1.0
1,335,89,
1,335,90,1.0
1,335,91,
1,335,92,
1,335,93,
1,335,94,
1,335,95,1.0
1,335,97,
1,335,98,1.0
1,335,99,
1,335,100,
1,335,101,1.0
1,335,102,1.0
1,335,103,
1,335,104,
1,335,105,
1,335,106,1.0
1,335,107,1.0
1,335,108,
1,335,110,
1,335,111,
1,335,112,1.0
1,335,113,1.0
1,335,114,1.0
1,335,115,
1,335,116,
1,335,117,
1,335,118,1.0
1,335,119,
1,336,61,1.0
1,336,62,
1,336,64,1.0
1,336,65,
1,336,66,
1,336,67,1.0
1,336,68,
1,336,69,
1,336,70,1.0
1,336,71,1.0
1,336,73,1.0
1,336,74,
1,336,75,
1,336,76,
1,336,77,1.0
1,336,78,1.0
1,336,79,
1,336,80,
1,336,82,
1,336,84,
1,336,85,
1,336,86,1.0
1,336,87,
1,336,88,1.0
1,336,89,
1,336,91,
1,336,92,
1,336,93,
1,336,94,
1,336,97,
1,336,98,1.0
1,336,99,
1,336,100,
1,336,101,1.0
1,336,103,
1,336,104,
1,336,105,
1,336,106,1.0
1,336,107,1.0
1,336,108,
1,336,110,
1,336,111,
1,336,112,1.0
1,336,113,1.0
1,336,114,1.0
1,336,115,
1,336,116,
1,336,117,
1,336,118,1.0
1,336,119,
1,337,62,
1,337,63,1.0
1,337,64,1.0
1,337,65,
1,337,66,
1,337,67,1.0
1,337,68,
1,337,69,
1,337,70,1.0
1,337,71,1.0
1,337,73,1.0
1,337,74,
1,337,75,
1,337,76,
1,337,77,1.0
1,337,79,
1,337,80,
1,337,81,1.0
1,337,82,
1,337,84,
1,337,85,
1,337,86,1.0
1,337,87,
1,337,89,
1,337,91,
1,337,92,
1,337,93,
1,337,94,
1,337,97,
1,337,98,1.0
1,337,99,
1,337,100,
1,337,103,
1,337,104,
1,337,105,
1,337,106,1.0
1,337,107,1.0
1,337,108,
1,337,110,
1,337,111,
1,337,112,1.0
1,337,113,1.0
1,337,114,1.0
1,337,115,
1,337,116,
1,337,117,
1,337,118,1.0
1,337,119,
1,338,62,
1,338,63,1.0
1,338,64,1.0
1,338,65,
1,338,66,
1,338,67,1.0
1,338,68,
1,338,69,
1,338,70,1.0
1,338,71,1.0
1,338,73,1.0
1,338,74,
1,338,75,
1,338,76,
1,338,77,1.0
1,338,79,
1,338,80,
1,338,82,
1,338,84,
1,338,85,
1,338,86,1.0
1,338,87,
1,338,88,1.0
1,338,89,
1,338,91,
1,338,92,
1,338,93,
1,338,94,
1,338,96,1.0
1,338,97,
1,338,98,1.0
1,338,99,
1,338,100,
1,338,101,1.0
1,338,103,
1,338,104,
1,338,105,
1,338,106,1.0
1,338,107,1.0
1,338,108,
1,338,110,
1,338,111,
1,338,112,1.0
1,338,113,1.0
1,338,114,1.0
1,338,115,
1,338,116,
1,338,117,
1,338,118,1.0
1,338,119,
1,339,62,
1,339,63,1.0
1,339,64,1.0
1,339,65,
1,339,66,
1,339,67,1.0
1,339,68,
1,339,69,
1,339,70,1.0
1,339,71,1.0
1,339,73,1.0
1,339,74,
1,339,75,
1,339,76,
1,339,77,1.0
1,339,78,1.0
1,339,79,
1,339,80,
1,339,81,1.0
1,339,82,
1,339,84,
1,339,85,
1,339,86,1.0
1,339,87,
1,339,88,1.0
1,339,89,
1,339,91,
1,339,92,
1,339,93,
1,339,94,
1,339,95,1.0
1,339,97,
1,339,98,1.0
1,339,99,
1,339,100,
1,339,101,1.0
1,339,103,
1,339,104,
1,339,105,
1,339,106,1.0
1,339,107,1.0
1,339,108,
1,339,109,1.0
1,339,110,
1,339,111,
1,339,112,1.0
1,339,113,1.0
1,339,114,1.0
1,339,115,
1,339,116,
1,339,117,
1,339,118,1.0
1,339,119,
1,340,61,1.0
1,340,62,
1,340,64,1.0
1,340,65,
1,340,66,
1,340,67,1.0
1,340,68,
1,340,69,
1,340,70,1.0
1,340,71,1.0
1,340,73,1.0
1,340,74,
1,340,75,
1,340,76,
1,340,77,1.0
1,340,79,
1,340,80,
1,340,82,
1,340,83,1.0
1,340,84,
1,340,85,
1,340,86,1.0
1,340,87,
1,340,88,1.0
1,340,89,
1,340,91,
1,340,92,
1,340,93,
1,340,94,
1,340,95,1.0
1,340,97,
1,340,98,1.0
1,340,99,
1,340,100,
1,340,101,1.0
1,340,103,
1,340,104,
1,340,105,
1,340,106,1.0
1,340,107,1.0
1,340,108,
1,340,109,1.0
1,340,110,
1,340,111,
1,340,112,1.0
1,340,113,1.0
1,340,114,1.0
1,340,115,
1,340,116,
1,340,117,
1,340,118,1.0
1,340,119,
1,341,61,1.0
1,341,62,
1,341,64,1.0
1,341,65,
1,341,66,
1,341,67,1.0
1,341,68,
1,341,69,
1,341,70,1.0
1,341,71,1.0
1,341,72,1.0
1,341,73,1.0
1,341,74,
1,341,75,
1,341,76,
1,341,77,1.0
1,341,79,
1,341,80,
1,341,82,
1,341,84,
1,341,85,
1,341,86,1.0
1,341,87,
1,341,89,
1,341,91,
1,341,92,
1,341,93,
1,341,94,
1,341,95,1.0
1,341,97,
1,341,98,1.0
1,341,99,
1,341,100,
1,341,101,1.0
1,341,103,
1,341,104,
1,341,105,
1,341,106,1.0
1,341,107,1.0
1,341,108,
1,341,109,1.0
1,341,110,
1,341,111,
1,341,112,1.0
1,341,113,1.0
1,341,114,1.0
1,341,115,
1,341,116,
1,341,117,
1,341,118,1.0
1,341,119,
1,342,62,
1,342,64,1.0
1,342,65,
1,342,66,
1,342,67,1.0
1,342,68,
1,342,69,
1,342,70,1.0
1,342,71,1.0
1,342,73,1.0
1,342,74,
1,342,75,
1,342,76,
1,342,77,1.0
1,342,79,
1,342,80,
1,342,82,
1,342,84,
1,342,85,
1,342,86,1.0
1,342,87,
1,342,89,
1,342,91,
1,342,92,
1,342,93,
1,342,94,
1,342,95,1.0
1,342,97,
1,342,98,1.0
1,342,99,
1,342,100,
1,342,101,1.0
1,342,103,
1,342,104,
1,342,105,
1,342,106,1.0
1,342,107,1.0
1,342,108,
1,342,109,1.0
1,342,110,
1,342,111,
1,342,112,1.0
1,342,113,1.0
1,342,114,1.0
1,342,115,
1,342,116,
1,342,117,
1,342,118,1.0
1,342,119,
1,343,62,
1,343,65,
1,343,66,
1,343,67,1.0
1,343,68,
1,343,69,
1,343,70,1.0
1,343,71,1.0
1,343,72,1.0
1,343,73,1.0
1,343,74,
1,343,75,
1,343,76,
1,343,77,1.0
1,343,79,
1,343,80,
1,343,82,
1,343,84,
1,343,85,
1,343,86,1.0
1,343,87,
1,343,89,
1,343,91,
1,343,92,
1,343,93,
1,343,94,
1,343,95,1.0
1,343,97,
1,343,98,1.0
1,343,99,
1,343,100,
1,343,103,
1,343,104,
1,343,105,
1,343,106,1.0
1,343,107,1.0
1,343,108,
1,343,109,1.0
1,343,110,
1,343,111,
1,343,112,1.0
1,343,113,1.0
1,343,114,1.0
1,343,115,
1,343,116,
1,343,117,
1,343,118,1.0
1,343,119,
