Omics,Gene,Cell,Weight
0,2,63,0.0
0,3,63,0.0
0,4,63,0.0
0,5,63,0.0
0,6,63,0.0
0,7,63,0.0
0,8,63,0.0
0,9,63,0.0
0,10,63,0.0
0,11,63,0.0
0,12,63,0.0
0,13,63,0.0
0,14,63,14.18100147
0,15,63,0.0
0,16,63,0.0
0,17,63,14.87703369
0,18,63,0.0
0,19,63,0.0
0,20,63,0.0
0,21,63,0.0
0,22,63,0.0
0,23,63,0.0
0,24,63,0.0
0,25,63,0.0
0,26,63,0.0
0,27,63,0.0
0,28,63,16.37156143
0,29,63,17.28894298
0,30,63,0.0
0,31,63,4.01530144
0,32,63,0.0
0,33,63,0.0
0,34,63,0.0
0,35,63,0.0
1,36,63,1.0
1,37,63,1.0
1,38,63,0.0
1,39,63,0.0
1,40,63,1.0
1,41,63,0.0
1,42,63,1.0
1,43,63,1.0
1,44,63,0.0
1,45,63,1.0
1,46,63,1.0
1,47,63,1.0
1,48,63,0.0
1,49,63,0.0
1,50,63,1.0
1,51,63,1.0
1,52,63,1.0
1,53,63,1.0
1,54,63,0.0
1,55,63,1.0
1,56,63,1.0
1,57,63,0.0
1,58,63,1.0
1,59,63,0.0
1,60,63,1.0
1,61,63,0.0
1,62,63,0.0
0,2,64,0.0
0,3,64,0.0
0,4,64,0.0
0,5,64,0.0
0,6,64,0.0
0,7,64,0.0
0,8,64,0.0
0,9,64,0.0
0,10,64,0.0
0,11,64,15.75095637
0,12,64,0.0
0,13,64,0.0
0,14,64,0.0
0,15,64,0.0
0,16,64,0.0
0,17,64,16.8751899
0,18,64,0.0
0,19,64,17.15145564
0,20,64,0.0
0,21,64,4.36092358
0,22,64,0.0
0,23,64,0.0
0,24,64,0.0
0,25,64,0.0
0,26,64,0.0
0,27,64,0.0
0,28,64,19.75353413
0,29,64,19.84989758
0,30,64,0.0
0,31,64,4.94266806
0,32,64,0.0
0,33,64,0.0
0,34,64,0.0
0,35,64,0.0
1,36,64,1.0
1,37,64,1.0
1,38,64,0.0
1,39,64,1.0
1,40,64,0.0
1,41,64,0.0
1,42,64,1.0
1,43,64,0.0
1,44,64,0.0
1,45,64,1.0
1,46,64,1.0
1,47,64,1.0
1,48,64,0.0
1,49,64,0.0
1,50,64,1.0
1,51,64,1.0
1,52,64,1.0
1,53,64,0.0
1,54,64,0.0
1,55,64,1.0
1,56,64,0.0
1,57,64,0.0
1,58,64,1.0
1,59,64,0.0
1,60,64,0.0
1,61,64,0.0
1,62,64,1.0
0,2,65,0.0
0,3,65,0.0
0,4,65,0.0
0,5,65,0.0
0,6,65,0.0
0,7,65,0.0
0,8,65,0.0
0,9,65,0.0
0,10,65,0.0
0,11,65,18.60150263
0,12,65,0.0
0,13,65,0.0
0,14,65,0.0
0,15,65,0.0
0,16,65,0.0
0,17,65,14.83792911
0,18,65,0.0
0,19,65,17.92379111
0,20,65,0.0
0,21,65,0.0
0,22,65,0.0
0,23,65,0.0
0,24,65,0.0
0,25,65,0.0
0,26,65,0.0
0,27,65,0.0
0,28,65,20.1982807
0,29,65,19.78194286
0,30,65,0.0
0,31,65,0.0
0,32,65,0.0
0,33,65,0.0
0,34,65,0.0
0,35,65,0.0
1,36,65,1.0
1,37,65,1.0
1,38,65,0.0
1,39,65,0.0
1,40,65,0.0
1,41,65,0.0
1,42,65,1.0
1,43,65,0.0
1,44,65,0.0
1,45,65,1.0
1,46,65,1.0
1,47,65,1.0
1,48,65,0.0
1,49,65,0.0
1,50,65,1.0
1,51,65,1.0
1,52,65,1.0
1,53,65,0.0
1,54,65,0.0
1,55,65,1.0
1,56,65,0.0
1,57,65,0.0
1,58,65,1.0
1,59,65,0.0
1,60,65,0.0
1,61,65,0.0
1,62,65,0.0
0,2,66,0.0
0,3,66,0.0
0,4,66,0.0
0,5,66,0.0
0,6,66,0.0
0,7,66,0.0
0,8,66,0.0
0,9,66,0.0
0,10,66,0.0
0,11,66,17.7136096
0,12,66,0.0
0,13,66,0.0
0,14,66,0.0
0,15,66,0.0
0,16,66,0.0
0,17,66,19.54539763
0,18,66,0.0
0,19,66,19.27054334
0,20,66,0.0
0,21,66,2.75252383
0,22,66,0.0
0,23,66,0.0
0,24,66,0.0
0,25,66,0.0
0,26,66,9.0196165
0,27,66,0.0
0,28,66,19.58819873
0,29,66,20.85398224
0,30,66,0.0
0,31,66,4.41925906
0,32,66,8.7963027
0,33,66,0.0
0,34,66,0.0
0,35,66,0.0
1,36,66,1.0
1,37,66,1.0
1,38,66,0.0
1,39,66,0.0
1,40,66,1.0
1,41,66,0.0
1,42,66,1.0
1,43,66,0.0
1,44,66,0.0
1,45,66,1.0
1,46,66,1.0
1,47,66,1.0
1,48,66,0.0
1,49,66,0.0
1,50,66,1.0
1,51,66,1.0
1,52,66,1.0
1,53,66,0.0
1,54,66,0.0
1,55,66,1.0
1,56,66,1.0
1,57,66,0.0
1,58,66,1.0
1,59,66,0.0
1,60,66,0.0
1,61,66,0.0
1,62,66,0.0
0,2,67,0.0
0,3,67,0.0
0,4,67,0.0
0,5,67,0.0
0,6,67,0.0
0,7,67,0.0
0,8,67,0.0
0,9,67,0.0
0,10,67,0.0
0,11,67,15.83187028
0,12,67,0.0
0,13,67,0.0
0,14,67,14.44620017
0,15,67,0.0
0,16,67,8.94220023
0,17,67,17.18286015
0,18,67,0.0
0,19,67,15.71398856
0,20,67,0.0
0,21,67,0.0
0,22,67,0.0
0,23,67,0.0
0,24,67,0.0
0,25,67,0.0
0,26,67,0.0
0,27,67,9.79830311
0,28,67,19.5156615
0,29,67,20.1119429
0,30,67,0.0
0,31,67,7.03596407
0,32,67,0.0
0,33,67,0.0
0,34,67,0.0
0,35,67,0.0
1,36,67,1.0
1,37,67,1.0
1,38,67,0.0
1,39,67,0.0
1,40,67,0.0
1,41,67,0.0
1,42,67,1.0
1,43,67,1.0
1,44,67,0.0
1,45,67,1.0
1,46,67,1.0
1,47,67,1.0
1,48,67,0.0
1,49,67,0.0
1,50,67,1.0
1,51,67,1.0
1,52,67,1.0
1,53,67,0.0
1,54,67,0.0
1,55,67,1.0
1,56,67,0.0
1,57,67,0.0
1,58,67,1.0
1,59,67,0.0
1,60,67,0.0
1,61,67,0.0
1,62,67,0.0
0,2,68,0.0
0,3,68,0.0
0,4,68,0.0
0,5,68,0.0
0,6,68,0.0
0,7,68,0.0
0,8,68,0.0
0,9,68,0.0
0,10,68,0.0
0,11,68,14.09098111
0,12,68,0.0
0,13,68,0.0
0,14,68,15.23855963
0,15,68,0.0
0,16,68,0.0
0,17,68,14.88974287
0,18,68,0.0
0,19,68,17.20352726
0,20,68,0.0
0,21,68,5.5041966
0,22,68,0.0
0,23,68,0.0
0,24,68,7.12019064
0,25,68,0.0
0,26,68,0.0
0,27,68,0.0
0,28,68,19.85725396
0,29,68,19.29890862
0,30,68,0.0
0,31,68,4.11739143
0,32,68,0.0
0,33,68,0.0
0,34,68,0.0
0,35,68,0.0
1,36,68,1.0
1,37,68,1.0
1,38,68,0.0
1,39,68,0.0
1,40,68,0.0
1,41,68,0.0
1,42,68,1.0
1,43,68,1.0
1,44,68,0.0
1,45,68,1.0
1,46,68,1.0
1,47,68,1.0
1,48,68,0.0
1,49,68,0.0
1,50,68,1.0
1,51,68,1.0
1,52,68,1.0
1,53,68,0.0
1,54,68,0.0
1,55,68,1.0
1,56,68,0.0
1,57,68,0.0
1,58,68,1.0
1,59,68,0.0
1,60,68,0.0
1,61,68,0.0
1,62,68,0.0
0,2,69,0.0
0,3,69,0.0
0,4,69,0.0
0,5,69,0.0
0,6,69,0.0
0,7,69,0.0
0,8,69,0.0
0,9,69,0.0
0,10,69,0.0
0,11,69,11.72006426
0,12,69,0.0
0,13,69,0.0
0,14,69,14.33076418
0,15,69,0.0
0,16,69,0.0
0,17,69,16.97160371
0,18,69,0.0
0,19,69,0.0
0,20,69,0.0
0,21,69,0.0
0,22,69,0.0
0,23,69,0.0
0,24,69,0.0
0,25,69,0.0
0,26,69,0.0
0,27,69,4.38318031
0,28,69,20.01358586
0,29,69,19.67567839
0,30,69,0.0
0,31,69,0.0
0,32,69,0.0
0,33,69,0.0
0,34,69,0.0
0,35,69,0.0
1,36,69,1.0
1,37,69,1.0
1,38,69,0.0
1,39,69,0.0
1,40,69,0.0
1,41,69,0.0
1,42,69,1.0
1,43,69,1.0
1,44,69,0.0
1,45,69,1.0
1,46,69,1.0
1,47,69,1.0
1,48,69,0.0
1,49,69,0.0
1,50,69,1.0
1,51,69,1.0
1,52,69,1.0
1,53,69,0.0
1,54,69,0.0
1,55,69,1.0
1,56,69,1.0
1,57,69,0.0
1,58,69,1.0
1,59,69,0.0
1,60,69,0.0
1,61,69,0.0
1,62,69,0.0
0,2,70,0.0
0,3,70,0.0
0,4,70,0.0
0,5,70,0.0
0,6,70,0.0
0,7,70,0.0
0,8,70,0.0
0,9,70,0.0
0,10,70,0.0
0,11,70,16.72854941
0,12,70,0.0
0,13,70,0.0
0,14,70,11.33977066
0,15,70,0.0
0,16,70,0.0
0,17,70,15.67602097
0,18,70,0.0
0,19,70,17.67220225
0,20,70,0.0
0,21,70,0.0
0,22,70,0.0
0,23,70,0.0
0,24,70,0.0
0,25,70,0.0
0,26,70,4.1134557
0,27,70,0.0
0,28,70,18.86273159
0,29,70,18.2638998
0,30,70,0.0
0,31,70,0.0
0,32,70,0.0
0,33,70,0.0
0,34,70,0.0
0,35,70,0.0
1,36,70,1.0
1,37,70,0.0
1,38,70,0.0
1,39,70,0.0
1,40,70,0.0
1,41,70,0.0
1,42,70,1.0
1,43,70,0.0
1,44,70,0.0
1,45,70,1.0
1,46,70,1.0
1,47,70,0.0
1,48,70,0.0
1,49,70,0.0
1,50,70,1.0
1,51,70,1.0
1,52,70,1.0
1,53,70,0.0
1,54,70,0.0
1,55,70,1.0
1,56,70,1.0
1,57,70,1.0
1,58,70,1.0
1,59,70,0.0
1,60,70,0.0
1,61,70,0.0
1,62,70,0.0
0,2,71,0.0
0,3,71,6.48979427
0,4,71,0.0
0,5,71,0.0
0,6,71,0.0
0,7,71,0.0
0,8,71,0.0
0,9,71,0.0
0,10,71,0.0
0,11,71,0.0
0,12,71,0.0
0,13,71,0.0
0,14,71,0.0
0,15,71,0.0
0,16,71,0.0
0,17,71,19.52667739
0,18,71,0.0
0,19,71,14.30164218
0,20,71,0.0
0,21,71,4.81941045
0,22,71,0.0
0,23,71,0.0
0,24,71,0.0
0,25,71,0.0
0,26,71,0.0
0,27,71,9.39722492
0,28,71,20.01723711
0,29,71,20.24900839
0,30,71,0.0
0,31,71,0.0
0,32,71,0.0
0,33,71,0.0
0,34,71,0.0
0,35,71,0.0
1,36,71,1.0
1,37,71,0.0
1,38,71,0.0
1,39,71,0.0
1,40,71,0.0
1,41,71,1.0
1,42,71,1.0
1,43,71,0.0
1,44,71,1.0
1,45,71,1.0
1,46,71,1.0
1,47,71,1.0
1,48,71,0.0
1,49,71,0.0
1,50,71,1.0
1,51,71,1.0
1,52,71,1.0
1,53,71,0.0
1,54,71,0.0
1,55,71,1.0
1,56,71,1.0
1,57,71,0.0
1,58,71,1.0
1,59,71,0.0
1,60,71,0.0
1,61,71,0.0
1,62,71,0.0
0,2,72,0.0
0,3,72,0.0
0,4,72,0.0
0,5,72,0.0
0,6,72,0.0
0,7,72,0.0
0,8,72,0.0
0,9,72,0.0
0,10,72,0.0
0,11,72,17.79135671
0,12,72,0.0
0,13,72,0.0
0,14,72,0.0
0,15,72,0.0
0,16,72,0.0
0,17,72,16.80950904
0,18,72,0.0
0,19,72,15.15405951
0,20,72,0.0
0,21,72,2.52986818
0,22,72,0.0
0,23,72,0.0
0,24,72,0.0
0,25,72,0.0
0,26,72,0.0
0,27,72,0.0
0,28,72,19.69149656
0,29,72,18.86060868
0,30,72,0.0
0,31,72,0.0
0,32,72,0.0
0,33,72,0.0
0,34,72,0.0
0,35,72,0.0
1,36,72,1.0
1,37,72,0.0
1,38,72,0.0
1,39,72,0.0
1,40,72,0.0
1,41,72,1.0
1,42,72,1.0
1,43,72,0.0
1,44,72,0.0
1,45,72,1.0
1,46,72,1.0
1,47,72,1.0
1,48,72,0.0
1,49,72,0.0
1,50,72,1.0
1,51,72,1.0
1,52,72,1.0
1,53,72,0.0
1,54,72,0.0
1,55,72,1.0
1,56,72,1.0
1,57,72,0.0
1,58,72,1.0
1,59,72,0.0
1,60,72,0.0
1,61,72,0.0
1,62,72,1.0
0,2,73,0.0
0,3,73,0.0
0,4,73,0.0
0,5,73,0.0
0,6,73,0.0
0,7,73,0.0
0,8,73,0.0
0,9,73,0.0
0,10,73,0.0
0,11,73,16.92206519
0,12,73,0.0
0,13,73,0.0
0,14,73,0.0
0,15,73,0.0
0,16,73,0.0
0,17,73,14.93222465
0,18,73,0.0
0,19,73,16.81987155
0,20,73,0.0
0,21,73,0.0
0,22,73,0.0
0,23,73,0.0
0,24,73,0.0
0,25,73,0.0
0,26,73,0.0
0,27,73,0.0
0,28,73,18.70436371
0,29,73,19.70280949
0,30,73,0.0
0,31,73,4.52936967
0,32,73,0.0
0,33,73,0.0
0,34,73,0.0
0,35,73,0.0
1,36,73,1.0
1,37,73,1.0
1,38,73,1.0
1,39,73,0.0
1,40,73,0.0
1,41,73,1.0
1,42,73,1.0
1,43,73,0.0
1,44,73,0.0
1,45,73,1.0
1,46,73,1.0
1,47,73,1.0
1,48,73,1.0
1,49,73,1.0
1,50,73,1.0
1,51,73,1.0
1,52,73,1.0
1,53,73,0.0
1,54,73,0.0
1,55,73,1.0
1,56,73,1.0
1,57,73,0.0
1,58,73,1.0
1,59,73,0.0
1,60,73,0.0
1,61,73,0.0
1,62,73,0.0
0,2,74,0.0
0,3,74,0.0
0,4,74,0.0
0,5,74,0.0
0,6,74,0.0
0,7,74,0.0
0,8,74,0.0
0,9,74,0.0
0,10,74,0.0
0,11,74,17.15504612
0,12,74,0.0
0,13,74,0.0
0,14,74,0.0
0,15,74,0.0
0,16,74,9.22059869
0,17,74,19.1351072
0,18,74,0.0
0,19,74,19.61522607
0,20,74,0.0
0,21,74,14.72125
0,22,74,0.0
0,23,74,0.0
0,24,74,0.0
0,25,74,0.0
0,26,74,0.0
0,27,74,0.0
0,28,74,20.61457549
0,29,74,18.52926894
0,30,74,0.0
0,31,74,7.48482382
0,32,74,0.0
0,33,74,0.0
0,34,74,0.0
0,35,74,0.0
1,36,74,1.0
1,37,74,1.0
1,38,74,1.0
1,39,74,1.0
1,40,74,1.0
1,41,74,0.0
1,42,74,1.0
1,43,74,1.0
1,44,74,0.0
1,45,74,1.0
1,46,74,1.0
1,47,74,1.0
1,48,74,0.0
1,49,74,0.0
1,50,74,1.0
1,51,74,1.0
1,52,74,1.0
1,53,74,0.0
1,54,74,0.0
1,55,74,1.0
1,56,74,1.0
1,57,74,0.0
1,58,74,1.0
1,59,74,0.0
1,60,74,0.0
1,61,74,0.0
1,62,74,0.0
0,2,75,0.0
0,3,75,0.0
0,4,75,0.0
0,5,75,0.0
0,6,75,0.0
0,7,75,0.0
0,8,75,0.0
0,9,75,0.0
0,10,75,0.0
0,11,75,16.16814084
0,12,75,0.0
0,13,75,0.0
0,14,75,0.0
0,15,75,0.0
0,16,75,0.0
0,17,75,17.67190741
0,18,75,0.0
0,19,75,17.07158402
0,20,75,0.0
0,21,75,4.22226691
0,22,75,0.0
0,23,75,0.0
0,24,75,0.0
0,25,75,0.0
0,26,75,0.0
0,27,75,3.90571926
0,28,75,19.45098435
0,29,75,20.08687087
0,30,75,0.0
0,31,75,4.11586187
0,32,75,0.0
0,33,75,0.0
0,34,75,0.0
0,35,75,0.0
1,36,75,1.0
1,37,75,1.0
1,38,75,0.0
1,39,75,0.0
1,40,75,0.0
1,41,75,0.0
1,42,75,1.0
1,43,75,1.0
1,44,75,0.0
1,45,75,1.0
1,46,75,1.0
1,47,75,1.0
1,48,75,0.0
1,49,75,0.0
1,50,75,1.0
1,51,75,1.0
1,52,75,1.0
1,53,75,1.0
1,54,75,0.0
1,55,75,0.0
1,56,75,1.0
1,57,75,0.0
1,58,75,1.0
1,59,75,1.0
1,60,75,0.0
1,61,75,0.0
1,62,75,0.0
0,2,76,0.0
0,3,76,0.0
0,4,76,0.0
0,5,76,0.0
0,6,76,0.0
0,7,76,0.0
0,8,76,0.0
0,9,76,0.0
0,10,76,0.0
0,11,76,18.33662671
0,12,76,0.0
0,13,76,0.0
0,14,76,0.0
0,15,76,0.0
0,16,76,0.0
0,17,76,16.57070699
0,18,76,0.0
0,19,76,15.75773771
0,20,76,0.0
0,21,76,2.68555865
0,22,76,0.0
0,23,76,0.0
0,24,76,0.0
0,25,76,0.0
0,26,76,0.0
0,27,76,0.0
0,28,76,19.90632427
0,29,76,19.36103385
0,30,76,0.0
0,31,76,7.58923902
0,32,76,0.0
0,33,76,0.0
0,34,76,0.0
0,35,76,0.0
1,36,76,1.0
1,37,76,0.0
1,38,76,0.0
1,39,76,0.0
1,40,76,0.0
1,41,76,0.0
1,42,76,1.0
1,43,76,1.0
1,44,76,0.0
1,45,76,1.0
1,46,76,1.0
1,47,76,1.0
1,48,76,0.0
1,49,76,0.0
1,50,76,1.0
1,51,76,1.0
1,52,76,1.0
1,53,76,0.0
1,54,76,0.0
1,55,76,1.0
1,56,76,0.0
1,57,76,0.0
1,58,76,1.0
1,59,76,1.0
1,60,76,0.0
1,61,76,0.0
1,62,76,0.0
0,2,77,0.0
0,3,77,0.0
0,4,77,0.0
0,5,77,0.0
0,6,77,0.0
0,7,77,0.0
0,8,77,0.0
0,9,77,0.0
0,10,77,0.0
0,11,77,15.56807992
0,12,77,0.0
0,13,77,0.0
0,14,77,0.0
0,15,77,0.0
0,16,77,0.0
0,17,77,17.03818995
0,18,77,0.0
0,19,77,17.60672482
0,20,77,0.0
0,21,77,0.0
0,22,77,0.0
0,23,77,0.0
0,24,77,0.0
0,25,77,0.0
0,26,77,0.0
0,27,77,0.0
0,28,77,19.40836666
0,29,77,19.0347673
0,30,77,0.0
0,31,77,4.76399604
0,32,77,0.0
0,33,77,0.0
0,34,77,0.0
0,35,77,0.0
1,36,77,1.0
1,37,77,1.0
1,38,77,0.0
1,39,77,0.0
1,40,77,0.0
1,41,77,1.0
1,42,77,1.0
1,43,77,1.0
1,44,77,0.0
1,45,77,1.0
1,46,77,1.0
1,47,77,1.0
1,48,77,0.0
1,49,77,0.0
1,50,77,1.0
1,51,77,1.0
1,52,77,1.0
1,53,77,0.0
1,54,77,0.0
1,55,77,1.0
1,56,77,1.0
1,57,77,0.0
1,58,77,1.0
1,59,77,1.0
1,60,77,0.0
1,61,77,0.0
1,62,77,0.0
0,2,78,0.0
0,3,78,0.0
0,4,78,0.0
0,5,78,0.0
0,6,78,0.0
0,7,78,0.0
0,8,78,0.0
0,9,78,0.0
0,10,78,0.0
0,11,78,15.87177211
0,12,78,0.0
0,13,78,0.0
0,14,78,0.0
0,15,78,0.0
0,16,78,0.0
0,17,78,0.0
0,18,78,0.0
0,19,78,19.89423818
0,20,78,0.0
0,21,78,5.96882111
0,22,78,0.0
0,23,78,0.0
0,24,78,0.0
0,25,78,0.0
0,26,78,8.75962419
0,27,78,4.69372463
0,28,78,19.64472175
0,29,78,19.35305151
0,30,78,0.0
0,31,78,5.81372679
0,32,78,0.0
0,33,78,0.0
0,34,78,0.0
0,35,78,0.0
1,36,78,1.0
1,37,78,1.0
1,38,78,0.0
1,39,78,0.0
1,40,78,0.0
1,41,78,0.0
1,42,78,1.0
1,43,78,1.0
1,44,78,0.0
1,45,78,1.0
1,46,78,1.0
1,47,78,1.0
1,48,78,0.0
1,49,78,1.0
1,50,78,1.0
1,51,78,1.0
1,52,78,1.0
1,53,78,0.0
1,54,78,1.0
1,55,78,1.0
1,56,78,1.0
1,57,78,1.0
1,58,78,1.0
1,59,78,1.0
1,60,78,0.0
1,61,78,0.0
1,62,78,0.0
0,2,79,0.0
0,3,79,0.0
0,4,79,0.0
0,5,79,0.0
0,6,79,0.0
0,7,79,0.0
0,8,79,15.33258825
0,9,79,0.0
0,10,79,0.0
0,11,79,18.19726068
0,12,79,0.0
0,13,79,0.0
0,14,79,0.0
0,15,79,0.0
0,16,79,6.47625955
0,17,79,18.72408328
0,18,79,0.0
0,19,79,17.39771939
0,20,79,0.0
0,21,79,7.45964831
0,22,79,0.0
0,23,79,0.0
0,24,79,7.27496866
0,25,79,0.0
0,26,79,7.54938274
0,27,79,4.85375658
0,28,79,20.03625588
0,29,79,18.97200121
0,30,79,0.0
0,31,79,5.00601019
0,32,79,0.0
0,33,79,0.0
0,34,79,0.0
0,35,79,0.0
1,36,79,1.0
1,37,79,0.0
1,38,79,0.0
1,39,79,0.0
1,40,79,1.0
1,41,79,1.0
1,42,79,1.0
1,43,79,0.0
1,44,79,0.0
1,45,79,1.0
1,46,79,1.0
1,47,79,1.0
1,48,79,0.0
1,49,79,0.0
1,50,79,1.0
1,51,79,1.0
1,52,79,1.0
1,53,79,0.0
1,54,79,0.0
1,55,79,1.0
1,56,79,0.0
1,57,79,0.0
1,58,79,1.0
1,59,79,0.0
1,60,79,0.0
1,61,79,0.0
1,62,79,0.0
0,2,80,0.0
0,3,80,0.0
0,4,80,0.0
0,5,80,0.0
0,6,80,0.0
0,7,80,0.0
0,8,80,0.0
0,9,80,0.0
0,10,80,0.0
0,11,80,18.17823558
0,12,80,0.0
0,13,80,0.0
0,14,80,0.0
0,15,80,0.0
0,16,80,0.0
0,17,80,16.51656909
0,18,80,0.0
0,19,80,20.46471964
0,20,80,0.0
0,21,80,8.41842076
0,22,80,0.0
0,23,80,0.0
0,24,80,0.0
0,25,80,0.0
0,26,80,0.0
0,27,80,8.11185247
0,28,80,21.27286551
0,29,80,17.71137718
0,30,80,0.0
0,31,80,0.0
0,32,80,0.0
0,33,80,0.0
0,34,80,0.0
0,35,80,0.0
1,36,80,1.0
1,37,80,0.0
1,38,80,0.0
1,39,80,0.0
1,40,80,1.0
1,41,80,0.0
1,42,80,1.0
1,43,80,0.0
1,44,80,0.0
1,45,80,1.0
1,46,80,1.0
1,47,80,1.0
1,48,80,1.0
1,49,80,0.0
1,50,80,1.0
1,51,80,1.0
1,52,80,1.0
1,53,80,0.0
1,54,80,0.0
1,55,80,1.0
1,56,80,0.0
1,57,80,0.0
1,58,80,1.0
1,59,80,0.0
1,60,80,0.0
1,61,80,0.0
1,62,80,0.0
0,2,81,0.0
0,3,81,0.0
0,4,81,0.0
0,5,81,0.0
0,6,81,0.0
0,7,81,0.0
0,8,81,0.0
0,9,81,0.0
0,10,81,0.0
0,11,81,15.46083429
0,12,81,0.0
0,13,81,0.0
0,14,81,14.11214779
0,15,81,0.0
0,16,81,0.0
0,17,81,0.0
0,18,81,0.0
0,19,81,17.89304719
0,20,81,0.0
0,21,81,4.82660671
0,22,81,0.0
0,23,81,0.0
0,24,81,0.0
0,25,81,0.0
0,26,81,0.0
0,27,81,0.0
0,28,81,19.19339461
0,29,81,18.37078024
0,30,81,0.0
0,31,81,4.7678911
0,32,81,0.0
0,33,81,0.0
0,34,81,0.0
0,35,81,0.0
1,36,81,1.0
1,37,81,0.0
1,38,81,0.0
1,39,81,0.0
1,40,81,1.0
1,41,81,1.0
1,42,81,1.0
1,43,81,0.0
1,44,81,0.0
1,45,81,1.0
1,46,81,1.0
1,47,81,1.0
1,48,81,0.0
1,49,81,0.0
1,50,81,1.0
1,51,81,1.0
1,52,81,1.0
1,53,81,0.0
1,54,81,0.0
1,55,81,1.0
1,56,81,0.0
1,57,81,0.0
1,58,81,1.0
1,59,81,1.0
1,60,81,1.0
1,61,81,0.0
1,62,81,0.0
0,2,82,0.0
0,3,82,0.0
0,4,82,0.0
0,5,82,0.0
0,6,82,0.0
0,7,82,0.0
0,8,82,0.0
0,9,82,0.0
0,10,82,0.0
0,11,82,15.03722921
0,12,82,0.0
0,13,82,0.0
0,14,82,14.59334617
0,15,82,0.0
0,16,82,0.0
0,17,82,19.09796124
0,18,82,0.0
0,19,82,16.18859412
0,20,82,0.0
0,21,82,2.92128385
0,22,82,0.0
0,23,82,0.0
0,24,82,0.0
0,25,82,0.0
0,26,82,0.0
0,27,82,5.16550399
0,28,82,19.37298953
0,29,82,20.52112786
0,30,82,0.0
0,31,82,5.85875191
0,32,82,0.0
0,33,82,0.0
0,34,82,0.0
0,35,82,0.0
1,36,82,1.0
1,37,82,0.0
1,38,82,0.0
1,39,82,0.0
1,40,82,0.0
1,41,82,0.0
1,42,82,1.0
1,43,82,0.0
1,44,82,0.0
1,45,82,1.0
1,46,82,1.0
1,47,82,1.0
1,48,82,0.0
1,49,82,0.0
1,50,82,0.0
1,51,82,1.0
1,52,82,1.0
1,53,82,0.0
1,54,82,0.0
1,55,82,1.0
1,56,82,1.0
1,57,82,0.0
1,58,82,1.0
1,59,82,0.0
1,60,82,1.0
1,61,82,0.0
1,62,82,0.0
0,2,83,0.0
0,3,83,0.0
0,4,83,0.0
0,5,83,0.0
0,6,83,0.0
0,7,83,0.0
0,8,83,0.0
0,9,83,0.0
0,10,83,0.0
0,11,83,0.0
0,12,83,0.0
0,13,83,0.0
0,14,83,13.26666066
0,15,83,0.0
0,16,83,0.0
0,17,83,16.55167675
0,18,83,0.0
0,19,83,16.7442629
0,20,83,0.0
0,21,83,0.0
0,22,83,0.0
0,23,83,0.0
0,24,83,0.0
0,25,83,0.0
0,26,83,0.0
0,27,83,0.0
0,28,83,19.32385477
0,29,83,18.34453185
0,30,83,0.0
0,31,83,4.51910094
0,32,83,0.0
0,33,83,0.0
0,34,83,0.0
0,35,83,0.0
1,36,83,1.0
1,37,83,0.0
1,38,83,0.0
1,39,83,0.0
1,40,83,0.0
1,41,83,0.0
1,42,83,1.0
1,43,83,0.0
1,44,83,0.0
1,45,83,1.0
1,46,83,1.0
1,47,83,1.0
1,48,83,1.0
1,49,83,0.0
1,50,83,1.0
1,51,83,1.0
1,52,83,1.0
1,53,83,0.0
1,54,83,0.0
1,55,83,1.0
1,56,83,0.0
1,57,83,0.0
1,58,83,1.0
1,59,83,0.0
1,60,83,1.0
1,61,83,0.0
1,62,83,0.0
0,2,84,0.0
0,3,84,0.0
0,4,84,0.0
0,5,84,0.0
0,6,84,0.0
0,7,84,0.0
0,8,84,0.0
0,9,84,0.0
0,10,84,0.0
0,11,84,17.14197464
0,12,84,0.0
0,13,84,0.0
0,14,84,14.62922978
0,15,84,0.0
0,16,84,7.99110043
0,17,84,17.79086432
0,18,84,0.0
0,19,84,17.87265148
0,20,84,0.0
0,21,84,2.41531387
0,22,84,0.0
0,23,84,0.0
0,24,84,0.0
0,25,84,0.0
0,26,84,0.0
0,27,84,0.0
0,28,84,19.5238918
0,29,84,19.18218316
0,30,84,0.0
0,31,84,7.03058993
0,32,84,0.0
0,33,84,0.0
0,34,84,0.0
0,35,84,0.0
1,36,84,1.0
1,37,84,0.0
1,38,84,0.0
1,39,84,1.0
1,40,84,1.0
1,41,84,0.0
1,42,84,1.0
1,43,84,0.0
1,44,84,0.0
1,45,84,1.0
1,46,84,1.0
1,47,84,1.0
1,48,84,0.0
1,49,84,0.0
1,50,84,1.0
1,51,84,1.0
1,52,84,1.0
1,53,84,0.0
1,54,84,0.0
1,55,84,1.0
1,56,84,0.0
1,57,84,1.0
1,58,84,1.0
1,59,84,0.0
1,60,84,1.0
1,61,84,0.0
1,62,84,0.0
0,2,85,0.0
0,3,85,0.0
0,4,85,0.0
0,5,85,0.0
0,6,85,0.0
0,7,85,0.0
0,8,85,0.0
0,9,85,0.0
0,10,85,0.0
0,11,85,18.20653541
0,12,85,0.0
0,13,85,0.0
0,14,85,0.0
0,15,85,0.0
0,16,85,0.0
0,17,85,14.75471679
0,18,85,0.0
0,19,85,18.40485378
0,20,85,0.0
0,21,85,0.0
0,22,85,0.0
0,23,85,0.0
0,24,85,0.0
0,25,85,0.0
0,26,85,0.0
0,27,85,4.37586333
0,28,85,19.33055665
0,29,85,19.88757074
0,30,85,0.0
0,31,85,5.15695482
0,32,85,0.0
0,33,85,0.0
0,34,85,0.0
0,35,85,0.0
1,36,85,1.0
1,37,85,0.0
1,38,85,0.0
1,39,85,1.0
1,40,85,1.0
1,41,85,0.0
1,42,85,1.0
1,43,85,0.0
1,44,85,0.0
1,45,85,1.0
1,46,85,1.0
1,47,85,1.0
1,48,85,0.0
1,49,85,0.0
1,50,85,0.0
1,51,85,1.0
1,52,85,1.0
1,53,85,1.0
1,54,85,1.0
1,55,85,1.0
1,56,85,0.0
1,57,85,0.0
1,58,85,1.0
1,59,85,1.0
1,60,85,0.0
1,61,85,0.0
1,62,85,1.0
0,2,86,0.0
0,3,86,0.0
0,4,86,0.0
0,5,86,0.0
0,6,86,0.0
0,7,86,0.0
0,8,86,15.29136147
0,9,86,0.0
0,10,86,0.0
0,11,86,17.47220931
0,12,86,0.0
0,13,86,0.0
0,14,86,14.49941398
0,15,86,0.0
0,16,86,6.04848529
0,17,86,16.56900557
0,18,86,0.0
0,19,86,18.70224224
0,20,86,0.0
0,21,86,3.2882266
0,22,86,0.0
0,23,86,0.0
0,24,86,7.29461403
0,25,86,0.0
0,26,86,0.0
0,27,86,6.13722296
0,28,86,20.00868879
0,29,86,18.66834392
0,30,86,0.0
0,31,86,2.21076418
0,32,86,0.0
0,33,86,0.0
0,34,86,0.0
0,35,86,0.0
1,36,86,1.0
1,37,86,0.0
1,38,86,0.0
1,39,86,0.0
1,40,86,1.0
1,41,86,0.0
1,42,86,1.0
1,43,86,1.0
1,44,86,1.0
1,45,86,1.0
1,46,86,1.0
1,47,86,1.0
1,48,86,0.0
1,49,86,0.0
1,50,86,0.0
1,51,86,1.0
1,52,86,1.0
1,53,86,0.0
1,54,86,0.0
1,55,86,1.0
1,56,86,0.0
1,57,86,1.0
1,58,86,1.0
1,59,86,0.0
1,60,86,0.0
1,61,86,0.0
1,62,86,0.0
0,2,87,0.0
0,3,87,0.0
0,4,87,0.0
0,5,87,0.0
0,6,87,0.0
0,7,87,0.0
0,8,87,0.0
0,9,87,0.0
0,10,87,0.0
0,11,87,17.73673891
0,12,87,0.0
0,13,87,0.0
0,14,87,14.20448601
0,15,87,0.0
0,16,87,0.0
0,17,87,18.64328088
0,18,87,0.0
0,19,87,18.81999279
0,20,87,0.0
0,21,87,0.0
0,22,87,0.0
0,23,87,0.0
0,24,87,0.0
0,25,87,0.0
0,26,87,0.0
0,27,87,3.98655049
0,28,87,20.11514618
0,29,87,19.28583947
0,30,87,0.0
0,31,87,5.68744844
0,32,87,8.14395711
0,33,87,0.0
0,34,87,0.0
0,35,87,0.0
1,36,87,1.0
1,37,87,1.0
1,38,87,0.0
1,39,87,0.0
1,40,87,1.0
1,41,87,0.0
1,42,87,1.0
1,43,87,1.0
1,44,87,0.0
1,45,87,1.0
1,46,87,1.0
1,47,87,1.0
1,48,87,0.0
1,49,87,0.0
1,50,87,1.0
1,51,87,1.0
1,52,87,1.0
1,53,87,0.0
1,54,87,0.0
1,55,87,1.0
1,56,87,1.0
1,57,87,1.0
1,58,87,1.0
1,59,87,1.0
1,60,87,1.0
1,61,87,1.0
1,62,87,0.0
0,2,88,0.0
0,3,88,0.0
0,4,88,0.0
0,5,88,0.0
0,6,88,0.0
0,7,88,0.0
0,8,88,0.0
0,9,88,0.0
0,10,88,0.0
0,11,88,18.14051956
0,12,88,0.0
0,13,88,0.0
0,14,88,13.95325755
0,15,88,0.0
0,16,88,7.58996449
0,17,88,14.89525605
0,18,88,0.0
0,19,88,19.24619897
0,20,88,0.0
0,21,88,6.88324031
0,22,88,0.0
0,23,88,0.0
0,24,88,0.0
0,25,88,0.0
0,26,88,0.0
0,27,88,0.0
0,28,88,17.944717
0,29,88,19.3588387
0,30,88,0.0
0,31,88,3.9100422
0,32,88,0.0
0,33,88,0.0
0,34,88,0.0
0,35,88,0.0
1,36,88,1.0
1,37,88,1.0
1,38,88,0.0
1,39,88,0.0
1,40,88,0.0
1,41,88,0.0
1,42,88,1.0
1,43,88,1.0
1,44,88,0.0
1,45,88,1.0
1,46,88,1.0
1,47,88,1.0
1,48,88,0.0
1,49,88,0.0
1,50,88,0.0
1,51,88,1.0
1,52,88,1.0
1,53,88,0.0
1,54,88,0.0
1,55,88,1.0
1,56,88,1.0
1,57,88,0.0
1,58,88,1.0
1,59,88,1.0
1,60,88,0.0
1,61,88,1.0
1,62,88,0.0
0,2,89,0.0
0,3,89,0.0
0,4,89,0.0
0,5,89,0.0
0,6,89,0.0
0,7,89,0.0
0,8,89,0.0
0,9,89,0.0
0,10,89,0.0
0,11,89,18.33352392
0,12,89,0.0
0,13,89,6.41897445
0,14,89,14.2548006
0,15,89,0.0
0,16,89,0.0
0,17,89,19.21632975
0,18,89,0.0
0,19,89,18.68897868
0,20,89,0.0
0,21,89,6.41038907
0,22,89,0.0
0,23,89,0.0
0,24,89,0.0
0,25,89,0.0
0,26,89,3.2757379
0,27,89,8.00254124
0,28,89,20.78366754
0,29,89,20.039591
0,30,89,0.0
0,31,89,6.81579518
0,32,89,0.0
0,33,89,0.0
0,34,89,0.0
0,35,89,0.0
1,36,89,1.0
1,37,89,0.0
1,38,89,1.0
1,39,89,1.0
1,40,89,1.0
1,41,89,0.0
1,42,89,1.0
1,43,89,0.0
1,44,89,0.0
1,45,89,1.0
1,46,89,1.0
1,47,89,1.0
1,48,89,0.0
1,49,89,0.0
1,50,89,0.0
1,51,89,1.0
1,52,89,1.0
1,53,89,0.0
1,54,89,0.0
1,55,89,1.0
1,56,89,1.0
1,57,89,1.0
1,58,89,1.0
1,59,89,0.0
1,60,89,0.0
1,61,89,1.0
1,62,89,0.0
0,2,90,0.0
0,3,90,0.0
0,4,90,0.0
0,5,90,0.0
0,6,90,0.0
0,7,90,0.0
0,8,90,0.0
0,9,90,0.0
0,10,90,0.0
0,11,90,16.42363859
0,12,90,0.0
0,13,90,0.0
0,14,90,14.41987535
0,15,90,0.0
0,16,90,0.0
0,17,90,15.19329665
0,18,90,0.0
0,19,90,18.81890784
0,20,90,0.0
0,21,90,0.0
0,22,90,0.0
0,23,90,0.0
0,24,90,0.0
0,25,90,0.0
0,26,90,0.0
0,27,90,0.0
0,28,90,19.31438184
0,29,90,18.19055708
0,30,90,0.0
0,31,90,5.67105736
0,32,90,0.0
0,33,90,0.0
0,34,90,0.0
0,35,90,0.0
1,36,90,1.0
1,37,90,1.0
1,38,90,1.0
1,39,90,1.0
1,40,90,1.0
1,41,90,1.0
1,42,90,1.0
1,43,90,0.0
1,44,90,0.0
1,45,90,1.0
1,46,90,1.0
1,47,90,1.0
1,48,90,0.0
1,49,90,0.0
1,50,90,1.0
1,51,90,1.0
1,52,90,1.0
1,53,90,0.0
1,54,90,0.0
1,55,90,1.0
1,56,90,1.0
1,57,90,0.0
1,58,90,1.0
1,59,90,0.0
1,60,90,0.0
1,61,90,1.0
1,62,90,0.0
0,2,91,0.0
0,3,91,0.0
0,4,91,0.0
0,5,91,0.0
0,6,91,0.0
0,7,91,0.0
0,8,91,0.0
0,9,91,0.0
0,10,91,0.0
0,11,91,17.02453858
0,12,91,0.0
0,13,91,0.0
0,14,91,11.58532729
0,15,91,0.0
0,16,91,0.0
0,17,91,18.14038786
0,18,91,0.0
0,19,91,16.89088712
0,20,91,0.0
0,21,91,0.0
0,22,91,0.0
0,23,91,0.0
0,24,91,0.0
0,25,91,0.0
0,26,91,0.0
0,27,91,10.78492653
0,28,91,19.92224263
0,29,91,19.11578482
0,30,91,0.0
0,31,91,8.04273131
0,32,91,0.0
0,33,91,0.0
0,34,91,0.0
0,35,91,0.0
1,36,91,1.0
1,37,91,1.0
1,38,91,1.0
1,39,91,1.0
1,40,91,1.0
1,41,91,1.0
1,42,91,1.0
1,43,91,1.0
1,44,91,0.0
1,45,91,1.0
1,46,91,1.0
1,47,91,1.0
1,48,91,1.0
1,49,91,0.0
1,50,91,1.0
1,51,91,1.0
1,52,91,1.0
1,53,91,0.0
1,54,91,1.0
1,55,91,1.0
1,56,91,1.0
1,57,91,1.0
1,58,91,1.0
1,59,91,0.0
1,60,91,0.0
1,61,91,0.0
1,62,91,1.0
0,2,92,0.0
0,3,92,0.0
0,4,92,0.0
0,5,92,0.0
0,6,92,0.0
0,7,92,0.0
0,8,92,0.0
0,9,92,0.0
0,10,92,0.0
0,11,92,17.47693261
0,12,92,0.0
0,13,92,0.0
0,14,92,6.37074635
0,15,92,0.0
0,16,92,0.0
0,17,92,14.94177325
0,18,92,0.0
0,19,92,15.9195108
0,20,92,0.0
0,21,92,4.98780029
0,22,92,0.0
0,23,92,0.0
0,24,92,0.0
0,25,92,0.0
0,26,92,0.0
0,27,92,11.78050218
0,28,92,19.709147
0,29,92,19.79963266
0,30,92,0.0
0,31,92,7.24753707
0,32,92,0.0
0,33,92,0.0
0,34,92,0.0
0,35,92,0.0
1,36,92,1.0
1,37,92,1.0
1,38,92,1.0
1,39,92,0.0
1,40,92,0.0
1,41,92,1.0
1,42,92,1.0
1,43,92,1.0
1,44,92,0.0
1,45,92,1.0
1,46,92,1.0
1,47,92,1.0
1,48,92,0.0
1,49,92,0.0
1,50,92,1.0
1,51,92,1.0
1,52,92,1.0
1,53,92,0.0
1,54,92,0.0
1,55,92,1.0
1,56,92,0.0
1,57,92,1.0
1,58,92,1.0
1,59,92,0.0
1,60,92,1.0
1,61,92,1.0
1,62,92,0.0
0,2,93,0.0
0,3,93,0.0
0,4,93,0.0
0,5,93,0.0
0,6,93,0.0
0,7,93,0.0
0,8,93,0.0
0,9,93,0.0
0,10,93,0.0
0,11,93,17.56614319
0,12,93,0.0
0,13,93,0.0
0,14,93,0.0
0,15,93,0.0
0,16,93,0.0
0,17,93,17.38853501
0,18,93,0.0
0,19,93,17.47999842
0,20,93,0.0
0,21,93,0.0
0,22,93,0.0
0,23,93,0.0
0,24,93,0.0
0,25,93,0.0
0,26,93,0.0
0,27,93,0.0
0,28,93,18.05769359
0,29,93,18.75077841
0,30,93,0.0
0,31,93,6.02238929
0,32,93,0.0
0,33,93,0.0
0,34,93,0.0
0,35,93,0.0
1,36,93,1.0
1,37,93,1.0
1,38,93,0.0
1,39,93,0.0
1,40,93,0.0
1,41,93,0.0
1,42,93,1.0
1,43,93,1.0
1,44,93,0.0
1,45,93,1.0
1,46,93,1.0
1,47,93,1.0
1,48,93,0.0
1,49,93,0.0
1,50,93,1.0
1,51,93,1.0
1,52,93,1.0
1,53,93,0.0
1,54,93,0.0
1,55,93,1.0
1,56,93,0.0
1,57,93,0.0
1,58,93,1.0
1,59,93,0.0
1,60,93,1.0
1,61,93,1.0
1,62,93,0.0
0,2,94,0.0
0,3,94,0.0
0,4,94,0.0
0,5,94,0.0
0,6,94,0.0
0,7,94,0.0
0,8,94,0.0
0,9,94,0.0
0,10,94,0.0
0,11,94,16.41802333
0,12,94,0.0
0,13,94,0.0
0,14,94,0.0
0,15,94,0.0
0,16,94,0.0
0,17,94,14.75943531
0,18,94,0.0
0,19,94,0.0
0,20,94,0.0
0,21,94,0.0
0,22,94,0.0
0,23,94,0.0
0,24,94,0.0
0,25,94,0.0
0,26,94,0.0
0,27,94,0.0
0,28,94,17.67471216
0,29,94,18.07781207
0,30,94,0.0
0,31,94,5.4306876
0,32,94,0.0
0,33,94,0.0
0,34,94,0.0
0,35,94,0.0
1,36,94,1.0
1,37,94,0.0
1,38,94,1.0
1,39,94,0.0
1,40,94,0.0
1,41,94,1.0
1,42,94,1.0
1,43,94,1.0
1,44,94,0.0
1,45,94,1.0
1,46,94,1.0
1,47,94,1.0
1,48,94,0.0
1,49,94,0.0
1,50,94,1.0
1,51,94,1.0
1,52,94,1.0
1,53,94,0.0
1,54,94,0.0
1,55,94,1.0
1,56,94,0.0
1,57,94,0.0
1,58,94,1.0
1,59,94,0.0
1,60,94,1.0
1,61,94,0.0
1,62,94,0.0
0,2,95,0.0
0,3,95,0.0
0,4,95,0.0
0,5,95,0.0
0,6,95,0.0
0,7,95,0.0
0,8,95,0.0
0,9,95,0.0
0,10,95,0.0
0,11,95,15.74423297
0,12,95,0.0
0,13,95,0.0
0,14,95,0.0
0,15,95,0.0
0,16,95,0.0
0,17,95,17.13845607
0,18,95,0.0
0,19,95,0.0
0,20,95,0.0
0,21,95,3.63948018
0,22,95,0.0
0,23,95,0.0
0,24,95,0.0
0,25,95,0.0
0,26,95,0.0
0,27,95,7.42213267
0,28,95,19.267402
0,29,95,17.16166221
0,30,95,6.14676033
0,31,95,0.0
0,32,95,0.0
0,33,95,0.0
0,34,95,0.0
0,35,95,0.0
1,36,95,1.0
1,37,95,1.0
1,38,95,0.0
1,39,95,0.0
1,40,95,0.0
1,41,95,0.0
1,42,95,1.0
1,43,95,1.0
1,44,95,1.0
1,45,95,1.0
1,46,95,1.0
1,47,95,1.0
1,48,95,0.0
1,49,95,0.0
1,50,95,1.0
1,51,95,1.0
1,52,95,1.0
1,53,95,0.0
1,54,95,0.0
1,55,95,1.0
1,56,95,0.0
1,57,95,1.0
1,58,95,1.0
1,59,95,0.0
1,60,95,1.0
1,61,95,0.0
1,62,95,1.0
0,2,96,0.0
0,3,96,0.0
0,4,96,0.0
0,5,96,0.0
0,6,96,0.0
0,7,96,0.0
0,8,96,0.0
0,9,96,0.0
0,10,96,0.0
0,11,96,16.87651952
0,12,96,0.0
0,13,96,0.0
0,14,96,0.0
0,15,96,0.0
0,16,96,0.0
0,17,96,0.0
0,18,96,0.0
0,19,96,17.11715217
0,20,96,0.0
0,21,96,0.0
0,22,96,0.0
0,23,96,0.0
0,24,96,0.0
0,25,96,0.0
0,26,96,6.85596064
0,27,96,0.0
0,28,96,20.13080148
0,29,96,18.60579659
0,30,96,0.0
0,31,96,2.76482314
0,32,96,0.0
0,33,96,0.0
0,34,96,0.0
0,35,96,0.0
1,36,96,0.0
1,37,96,0.0
1,38,96,0.0
1,39,96,0.0
1,40,96,0.0
1,41,96,1.0
1,42,96,1.0
1,43,96,1.0
1,44,96,1.0
1,45,96,1.0
1,46,96,1.0
1,47,96,1.0
1,48,96,0.0
1,49,96,0.0
1,50,96,1.0
1,51,96,1.0
1,52,96,1.0
1,53,96,0.0
1,54,96,0.0
1,55,96,0.0
1,56,96,0.0
1,57,96,1.0
1,58,96,1.0
1,59,96,0.0
1,60,96,1.0
1,61,96,1.0
1,62,96,1.0
0,2,97,0.0
0,3,97,0.0
0,4,97,0.0
0,5,97,0.0
0,6,97,0.0
0,7,97,0.0
0,8,97,0.0
0,9,97,0.0
0,10,97,0.0
0,11,97,15.96765769
0,12,97,0.0
0,13,97,0.0
0,14,97,0.0
0,15,97,0.0
0,16,97,10.74570151
0,17,97,16.05169911
0,18,97,0.0
0,19,97,19.27383326
0,20,97,6.89248711
0,21,97,6.10887974
0,22,97,0.0
0,23,97,9.78341616
0,24,97,0.0
0,25,97,0.0
0,26,97,5.15844623
0,27,97,11.91447409
0,28,97,20.48557636
0,29,97,18.61231451
0,30,97,0.0
0,31,97,4.61955975
0,32,97,0.0
0,33,97,0.0
0,34,97,0.0
0,35,97,0.0
1,36,97,1.0
1,37,97,1.0
1,38,97,1.0
1,39,97,0.0
1,40,97,1.0
1,41,97,0.0
1,42,97,1.0
1,43,97,0.0
1,44,97,1.0
1,45,97,1.0
1,46,97,1.0
1,47,97,1.0
1,48,97,0.0
1,49,97,1.0
1,50,97,1.0
1,51,97,1.0
1,52,97,1.0
1,53,97,0.0
1,54,97,0.0
1,55,97,1.0
1,56,97,1.0
1,57,97,1.0
1,58,97,1.0
1,59,97,0.0
1,60,97,1.0
1,61,97,1.0
1,62,97,1.0
0,2,98,0.0
0,3,98,0.0
0,4,98,0.0
0,5,98,0.0
0,6,98,0.0
0,7,98,0.0
0,8,98,0.0
0,9,98,0.0
0,10,98,0.0
0,11,98,0.0
0,12,98,14.27296129
0,13,98,13.56223696
0,14,98,0.0
0,15,98,0.0
0,16,98,0.0
0,17,98,0.0
0,18,98,0.0
0,19,98,23.89093845
0,20,98,0.0
0,21,98,0.0
0,22,98,0.0
0,23,98,0.0
0,24,98,0.0
0,25,98,0.0
0,26,98,9.8849158
0,27,98,0.0
0,28,98,13.09748228
0,29,98,18.84277758
0,30,98,0.0
0,31,98,0.0
0,32,98,0.0
0,33,98,0.0
0,34,98,0.0
0,35,98,0.0
1,36,98,1.0
1,37,98,1.0
1,38,98,0.0
1,39,98,0.0
1,40,98,0.0
1,41,98,0.0
1,42,98,1.0
1,43,98,0.0
1,44,98,0.0
1,45,98,1.0
1,46,98,1.0
1,47,98,1.0
1,48,98,0.0
1,49,98,0.0
1,50,98,1.0
1,51,98,1.0
1,52,98,1.0
1,53,98,0.0
1,54,98,0.0
1,55,98,1.0
1,56,98,0.0
1,57,98,0.0
1,58,98,1.0
1,59,98,0.0
1,60,98,1.0
1,61,98,1.0
1,62,98,0.0
0,2,99,0.0
0,3,99,0.0
0,4,99,0.0
0,5,99,0.0
0,6,99,0.0
0,7,99,0.0
0,8,99,0.0
0,9,99,0.0
0,10,99,0.0
0,11,99,0.0
0,12,99,12.65741119
0,13,99,16.98819897
0,14,99,0.0
0,15,99,0.0
0,16,99,0.0
0,17,99,0.0
0,18,99,0.0
0,19,99,22.45530337
0,20,99,0.0
0,21,99,7.84973772
0,22,99,0.0
0,23,99,0.0
0,24,99,0.0
0,25,99,0.0
0,26,99,5.02669731
0,27,99,0.0
0,28,99,17.6854499
0,29,99,15.52623698
0,30,99,0.0
0,31,99,8.53776038
0,32,99,0.0
0,33,99,0.0
0,34,99,0.0
0,35,99,0.0
1,36,99,1.0
1,37,99,1.0
1,38,99,0.0
1,39,99,0.0
1,40,99,0.0
1,41,99,0.0
1,42,99,1.0
1,43,99,0.0
1,44,99,0.0
1,45,99,1.0
1,46,99,1.0
1,47,99,1.0
1,48,99,0.0
1,49,99,0.0
1,50,99,1.0
1,51,99,1.0
1,52,99,1.0
1,53,99,0.0
1,54,99,0.0
1,55,99,1.0
1,56,99,0.0
1,57,99,0.0
1,58,99,1.0
1,59,99,0.0
1,60,99,0.0
1,61,99,1.0
1,62,99,0.0
0,2,100,0.0
0,3,100,0.0
0,4,100,17.65722043
0,5,100,0.0
0,6,100,0.0
0,7,100,0.0
0,8,100,15.66420356
0,9,100,0.0
0,10,100,0.0
0,11,100,0.0
0,12,100,15.72491578
0,13,100,15.93756912
0,14,100,0.0
0,15,100,0.0
0,16,100,10.63196888
0,17,100,0.0
0,18,100,0.0
0,19,100,23.17366107
0,20,100,0.0
0,21,100,11.45149369
0,22,100,0.0
0,23,100,0.0
0,24,100,0.0
0,25,100,0.0
0,26,100,0.0
0,27,100,3.38853723
0,28,100,16.61255221
0,29,100,18.74934062
0,30,100,0.0
0,31,100,4.73381597
0,32,100,0.0
0,33,100,0.0
0,34,100,0.0
0,35,100,0.0
1,36,100,1.0
1,37,100,1.0
1,38,100,0.0
1,39,100,0.0
1,40,100,0.0
1,41,100,0.0
1,42,100,1.0
1,43,100,0.0
1,44,100,0.0
1,45,100,1.0
1,46,100,1.0
1,47,100,1.0
1,48,100,0.0
1,49,100,0.0
1,50,100,1.0
1,51,100,1.0
1,52,100,1.0
1,53,100,0.0
1,54,100,0.0
1,55,100,1.0
1,56,100,0.0
1,57,100,0.0
1,58,100,1.0
1,59,100,0.0
1,60,100,0.0
1,61,100,1.0
1,62,100,0.0
0,2,101,0.0
0,3,101,0.0
0,4,101,0.0
0,5,101,0.0
0,6,101,0.0
0,7,101,0.0
0,8,101,17.4006131
0,9,101,0.0
0,10,101,0.0
0,11,101,17.33222601
0,12,101,0.0
0,13,101,12.78650384
0,14,101,0.0
0,15,101,0.0
0,16,101,0.0
0,17,101,0.0
0,18,101,0.0
0,19,101,22.56844104
0,20,101,3.93853799
0,21,101,7.65263247
0,22,101,0.0
0,23,101,0.0
0,24,101,0.0
0,25,101,0.0
0,26,101,0.0
0,27,101,10.74827932
0,28,101,19.38383927
0,29,101,17.64532446
0,30,101,0.0
0,31,101,2.86663487
0,32,101,0.0
0,33,101,0.0
0,34,101,0.0
0,35,101,0.0
1,36,101,1.0
1,37,101,1.0
1,38,101,0.0
1,39,101,0.0
1,40,101,0.0
1,41,101,0.0
1,42,101,1.0
1,43,101,1.0
1,44,101,0.0
1,45,101,1.0
1,46,101,1.0
1,47,101,1.0
1,48,101,0.0
1,49,101,0.0
1,50,101,1.0
1,51,101,1.0
1,52,101,1.0
1,53,101,0.0
1,54,101,0.0
1,55,101,1.0
1,56,101,0.0
1,57,101,0.0
1,58,101,1.0
1,59,101,0.0
1,60,101,1.0
1,61,101,0.0
1,62,101,0.0
0,2,102,0.0
0,3,102,0.0
0,4,102,0.0
0,5,102,0.0
0,6,102,0.0
0,7,102,0.0
0,8,102,14.60021029
0,9,102,0.0
0,10,102,0.0
0,11,102,15.63001147
0,12,102,14.54040628
0,13,102,9.98273802
0,14,102,0.0
0,15,102,0.0
0,16,102,0.0
0,17,102,0.0
0,18,102,0.0
0,19,102,17.55527588
0,20,102,0.0
0,21,102,6.13617945
0,22,102,0.0
0,23,102,0.0
0,24,102,0.0
0,25,102,0.0
0,26,102,4.72087028
0,27,102,4.33628484
0,28,102,18.64431825
0,29,102,17.32963912
0,30,102,0.0
0,31,102,9.06470897
0,32,102,0.0
0,33,102,0.0
0,34,102,0.0
0,35,102,0.0
1,36,102,1.0
1,37,102,1.0
1,38,102,0.0
1,39,102,0.0
1,40,102,0.0
1,41,102,0.0
1,42,102,1.0
1,43,102,0.0
1,44,102,0.0
1,45,102,1.0
1,46,102,1.0
1,47,102,1.0
1,48,102,0.0
1,49,102,0.0
1,50,102,1.0
1,51,102,1.0
1,52,102,1.0
1,53,102,0.0
1,54,102,0.0
1,55,102,1.0
1,56,102,0.0
1,57,102,0.0
1,58,102,1.0
1,59,102,0.0
1,60,102,0.0
1,61,102,0.0
1,62,102,0.0
0,2,103,0.0
0,3,103,0.0
0,4,103,0.0
0,5,103,0.0
0,6,103,0.0
0,7,103,0.0
0,8,103,15.7733515
0,9,103,0.0
0,10,103,0.0
0,11,103,15.47640849
0,12,103,16.32953716
0,13,103,14.19420136
0,14,103,14.97126063
0,15,103,0.0
0,16,103,0.0
0,17,103,0.0
0,18,103,0.0
0,19,103,22.33506502
0,20,103,0.0
0,21,103,3.9097064
0,22,103,0.0
0,23,103,0.0
0,24,103,0.0
0,25,103,0.0
0,26,103,0.0
0,27,103,0.0
0,28,103,19.89957597
0,29,103,18.28719546
0,30,103,0.0
0,31,103,2.48919745
0,32,103,0.0
0,33,103,0.0
0,34,103,0.0
0,35,103,0.0
1,36,103,1.0
1,37,103,0.0
1,38,103,0.0
1,39,103,0.0
1,40,103,0.0
1,41,103,0.0
1,42,103,1.0
1,43,103,0.0
1,44,103,1.0
1,45,103,1.0
1,46,103,1.0
1,47,103,1.0
1,48,103,0.0
1,49,103,0.0
1,50,103,1.0
1,51,103,1.0
1,52,103,1.0
1,53,103,0.0
1,54,103,0.0
1,55,103,1.0
1,56,103,1.0
1,57,103,0.0
1,58,103,1.0
1,59,103,0.0
1,60,103,1.0
1,61,103,0.0
1,62,103,1.0
0,2,104,0.0
0,3,104,0.0
0,4,104,0.0
0,5,104,0.0
0,6,104,0.0
0,7,104,0.0
0,8,104,17.4952766
0,9,104,0.0
0,10,104,0.0
0,11,104,17.52376617
0,12,104,19.93043469
0,13,104,15.9741718
0,14,104,16.0195505
0,15,104,0.0
0,16,104,0.0
0,17,104,0.0
0,18,104,0.0
0,19,104,25.4359833
0,20,104,3.91806887
0,21,104,7.24027732
0,22,104,0.0
0,23,104,0.0
0,24,104,0.0
0,25,104,0.0
0,26,104,0.0
0,27,104,0.0
0,28,104,19.9779742
0,29,104,20.20584332
0,30,104,0.0
0,31,104,4.76974846
0,32,104,0.0
0,33,104,0.0
0,34,104,0.0
0,35,104,0.0
1,36,104,1.0
1,37,104,1.0
1,38,104,0.0
1,39,104,0.0
1,40,104,0.0
1,41,104,1.0
1,42,104,1.0
1,43,104,0.0
1,44,104,0.0
1,45,104,1.0
1,46,104,1.0
1,47,104,1.0
1,48,104,0.0
1,49,104,0.0
1,50,104,1.0
1,51,104,1.0
1,52,104,1.0
1,53,104,1.0
1,54,104,0.0
1,55,104,1.0
1,56,104,1.0
1,57,104,0.0
1,58,104,1.0
1,59,104,0.0
1,60,104,0.0
1,61,104,0.0
1,62,104,0.0
0,2,105,0.0
0,3,105,0.0
0,4,105,0.0
0,5,105,0.0
0,6,105,0.0
0,7,105,0.0
0,8,105,16.87398053
0,9,105,0.0
0,10,105,0.0
0,11,105,10.80373543
0,12,105,18.5297185
0,13,105,13.62036384
0,14,105,15.29436372
0,15,105,0.0
0,16,105,7.57919869
0,17,105,0.0
0,18,105,0.0
0,19,105,24.97427671
0,20,105,0.0
0,21,105,3.57072346
0,22,105,0.0
0,23,105,0.0
0,24,105,0.0
0,25,105,0.0
0,26,105,0.0
0,27,105,0.0
0,28,105,18.37768665
0,29,105,21.49452612
0,30,105,0.0
0,31,105,3.98865198
0,32,105,0.0
0,33,105,0.0
0,34,105,0.0
0,35,105,0.0
1,36,105,1.0
1,37,105,1.0
1,38,105,0.0
1,39,105,0.0
1,40,105,0.0
1,41,105,0.0
1,42,105,1.0
1,43,105,0.0
1,44,105,0.0
1,45,105,1.0
1,46,105,1.0
1,47,105,1.0
1,48,105,0.0
1,49,105,0.0
1,50,105,1.0
1,51,105,1.0
1,52,105,1.0
1,53,105,0.0
1,54,105,0.0
1,55,105,1.0
1,56,105,1.0
1,57,105,0.0
1,58,105,1.0
1,59,105,0.0
1,60,105,0.0
1,61,105,0.0
1,62,105,0.0
0,2,106,0.0
0,3,106,0.0
0,4,106,0.0
0,5,106,0.0
0,6,106,0.0
0,7,106,0.0
0,8,106,17.53297769
0,9,106,0.0
0,10,106,0.0
0,11,106,16.67972212
0,12,106,22.74541797
0,13,106,14.61600424
0,14,106,15.56769748
0,15,106,0.0
0,16,106,6.65037595
0,17,106,0.0
0,18,106,0.0
0,19,106,23.64591163
0,20,106,0.0
0,21,106,13.38167756
0,22,106,0.0
0,23,106,0.0
0,24,106,0.0
0,25,106,0.0
0,26,106,0.0
0,27,106,0.0
0,28,106,20.96081089
0,29,106,19.13995338
0,30,106,0.0
0,31,106,3.30562485
0,32,106,0.0
0,33,106,0.0
0,34,106,0.0
0,35,106,0.0
1,36,106,1.0
1,37,106,1.0
1,38,106,0.0
1,39,106,0.0
1,40,106,0.0
1,41,106,0.0
1,42,106,1.0
1,43,106,0.0
1,44,106,0.0
1,45,106,1.0
1,46,106,0.0
1,47,106,1.0
1,48,106,0.0
1,49,106,0.0
1,50,106,1.0
1,51,106,1.0
1,52,106,1.0
1,53,106,1.0
1,54,106,0.0
1,55,106,1.0
1,56,106,1.0
1,57,106,0.0
1,58,106,1.0
1,59,106,0.0
1,60,106,1.0
1,61,106,1.0
1,62,106,0.0
0,2,107,0.0
0,3,107,0.0
0,4,107,0.0
0,5,107,0.0
0,6,107,0.0
0,7,107,0.0
0,8,107,18.12673125
0,9,107,0.0
0,10,107,0.0
0,11,107,13.62695924
0,12,107,19.38331741
0,13,107,14.60078464
0,14,107,14.46543179
0,15,107,0.0
0,16,107,6.4979614
0,17,107,0.0
0,18,107,0.0
0,19,107,24.52633635
0,20,107,0.0
0,21,107,7.00620963
0,22,107,0.0
0,23,107,0.0
0,24,107,0.0
0,25,107,0.0
0,26,107,0.0
0,27,107,0.0
0,28,107,19.42346121
0,29,107,19.91254974
0,30,107,0.0
0,31,107,5.45177119
0,32,107,11.39773258
0,33,107,0.0
0,34,107,0.0
0,35,107,0.0
1,36,107,1.0
1,37,107,1.0
1,38,107,1.0
1,39,107,0.0
1,40,107,0.0
1,41,107,0.0
1,42,107,1.0
1,43,107,1.0
1,44,107,0.0
1,45,107,1.0
1,46,107,1.0
1,47,107,1.0
1,48,107,0.0
1,49,107,0.0
1,50,107,1.0
1,51,107,1.0
1,52,107,1.0
1,53,107,0.0
1,54,107,0.0
1,55,107,1.0
1,56,107,1.0
1,57,107,0.0
1,58,107,1.0
1,59,107,0.0
1,60,107,0.0
1,61,107,1.0
1,62,107,0.0
0,2,108,0.0
0,3,108,0.0
0,4,108,18.36078586
0,5,108,0.0
0,6,108,0.0
0,7,108,0.0
0,8,108,17.5257074
0,9,108,0.0
0,10,108,0.0
0,11,108,17.70427144
0,12,108,20.50117439
0,13,108,16.09964113
0,14,108,0.0
0,15,108,0.0
0,16,108,8.29973098
0,17,108,0.0
0,18,108,0.0
0,19,108,23.94929578
0,20,108,2.73726791
0,21,108,4.9598975
0,22,108,0.0
0,23,108,0.0
0,24,108,0.0
0,25,108,0.0
0,26,108,5.40248169
0,27,108,0.0
0,28,108,19.44044101
0,29,108,19.21246104
0,30,108,0.0
0,31,108,5.64251426
0,32,108,0.0
0,33,108,0.0
0,34,108,0.0
0,35,108,0.0
1,36,108,1.0
1,37,108,1.0
1,38,108,1.0
1,39,108,0.0
1,40,108,0.0
1,41,108,0.0
1,42,108,1.0
1,43,108,1.0
1,44,108,0.0
1,45,108,1.0
1,46,108,1.0
1,47,108,1.0
1,48,108,0.0
1,49,108,0.0
1,50,108,1.0
1,51,108,1.0
1,52,108,1.0
1,53,108,1.0
1,54,108,0.0
1,55,108,1.0
1,56,108,1.0
1,57,108,1.0
1,58,108,1.0
1,59,108,0.0
1,60,108,0.0
1,61,108,0.0
1,62,108,0.0
0,2,109,0.0
0,3,109,0.0
0,4,109,0.0
0,5,109,0.0
0,6,109,0.0
0,7,109,0.0
0,8,109,17.92400373
0,9,109,0.0
0,10,109,0.0
0,11,109,17.63318735
0,12,109,22.50953447
0,13,109,17.03417933
0,14,109,16.9196786
0,15,109,0.0
0,16,109,9.34295877
0,17,109,19.31239747
0,18,109,0.0
0,19,109,24.78628451
0,20,109,2.36650806
0,21,109,6.74097721
0,22,109,0.0
0,23,109,0.0
0,24,109,0.0
0,25,109,0.0
0,26,109,0.0
0,27,109,2.25746886
0,28,109,16.14650163
0,29,109,20.95641821
0,30,109,0.0
0,31,109,6.22409029
0,32,109,0.0
0,33,109,0.0
0,34,109,0.0
0,35,109,0.0
1,36,109,1.0
1,37,109,1.0
1,38,109,0.0
1,39,109,0.0
1,40,109,1.0
1,41,109,0.0
1,42,109,1.0
1,43,109,1.0
1,44,109,0.0
1,45,109,1.0
1,46,109,1.0
1,47,109,1.0
1,48,109,0.0
1,49,109,0.0
1,50,109,1.0
1,51,109,1.0
1,52,109,1.0
1,53,109,0.0
1,54,109,0.0
1,55,109,1.0
1,56,109,1.0
1,57,109,1.0
1,58,109,1.0
1,59,109,1.0
1,60,109,1.0
1,61,109,1.0
1,62,109,0.0
0,2,110,0.0
0,3,110,15.95364718
0,4,110,0.0
0,5,110,0.0
0,6,110,0.0
0,7,110,0.0
0,8,110,15.7643075
0,9,110,0.0
0,10,110,0.0
0,11,110,0.0
0,12,110,13.77023521
0,13,110,13.86167862
0,14,110,16.76633596
0,15,110,0.0
0,16,110,0.0
0,17,110,15.02481307
0,18,110,0.0
0,19,110,21.54185624
0,20,110,0.0
0,21,110,6.96025493
0,22,110,0.0
0,23,110,0.0
0,24,110,0.0
0,25,110,0.0
0,26,110,4.83520169
0,27,110,3.93434598
0,28,110,18.49842809
0,29,110,17.49280805
0,30,110,0.0
0,31,110,3.68689861
0,32,110,0.0
0,33,110,0.0
0,34,110,0.0
0,35,110,0.0
1,36,110,1.0
1,37,110,1.0
1,38,110,0.0
1,39,110,0.0
1,40,110,0.0
1,41,110,0.0
1,42,110,1.0
1,43,110,1.0
1,44,110,0.0
1,45,110,1.0
1,46,110,1.0
1,47,110,1.0
1,48,110,0.0
1,49,110,0.0
1,50,110,1.0
1,51,110,1.0
1,52,110,1.0
1,53,110,1.0
1,54,110,0.0
1,55,110,1.0
1,56,110,0.0
1,57,110,0.0
1,58,110,1.0
1,59,110,1.0
1,60,110,0.0
1,61,110,1.0
1,62,110,0.0
0,2,111,0.0
0,3,111,0.0
0,4,111,0.0
0,5,111,0.0
0,6,111,0.0
0,7,111,0.0
0,8,111,0.0
0,9,111,0.0
0,10,111,0.0
0,11,111,16.11536724
0,12,111,0.0
0,13,111,11.43282013
0,14,111,17.09321259
0,15,111,0.0
0,16,111,0.0
0,17,111,0.0
0,18,111,0.0
0,19,111,24.10103684
0,20,111,3.93560725
0,21,111,13.65614145
0,22,111,0.0
0,23,111,0.0
0,24,111,12.39172779
0,25,111,0.0
0,26,111,11.59634798
0,27,111,0.0
0,28,111,16.7474775
0,29,111,21.64147147
0,30,111,0.0
0,31,111,5.23967349
0,32,111,0.0
0,33,111,0.0
0,34,111,0.0
0,35,111,0.0
1,36,111,1.0
1,37,111,1.0
1,38,111,0.0
1,39,111,0.0
1,40,111,0.0
1,41,111,1.0
1,42,111,1.0
1,43,111,1.0
1,44,111,0.0
1,45,111,1.0
1,46,111,1.0
1,47,111,1.0
1,48,111,0.0
1,49,111,0.0
1,50,111,1.0
1,51,111,1.0
1,52,111,1.0
1,53,111,0.0
1,54,111,0.0
1,55,111,1.0
1,56,111,0.0
1,57,111,0.0
1,58,111,1.0
1,59,111,0.0
1,60,111,0.0
1,61,111,1.0
1,62,111,0.0
0,2,112,0.0
0,3,112,0.0
0,4,112,0.0
0,5,112,0.0
0,6,112,0.0
0,7,112,0.0
0,8,112,0.0
0,9,112,0.0
0,10,112,0.0
0,11,112,13.38538791
0,12,112,0.0
0,13,112,14.15764088
0,14,112,13.85413977
0,15,112,0.0
0,16,112,0.0
0,17,112,0.0
0,18,112,0.0
0,19,112,23.28307948
0,20,112,0.0
0,21,112,8.41319433
0,22,112,0.0
0,23,112,0.0
0,24,112,10.22726737
0,25,112,0.0
0,26,112,8.11654448
0,27,112,0.0
0,28,112,19.36240598
0,29,112,16.58836925
0,30,112,0.0
0,31,112,4.30870497
0,32,112,0.0
0,33,112,0.0
0,34,112,0.0
0,35,112,0.0
1,36,112,1.0
1,37,112,0.0
1,38,112,0.0
1,39,112,0.0
1,40,112,0.0
1,41,112,1.0
1,42,112,1.0
1,43,112,0.0
1,44,112,0.0
1,45,112,1.0
1,46,112,1.0
1,47,112,1.0
1,48,112,0.0
1,49,112,0.0
1,50,112,1.0
1,51,112,1.0
1,52,112,1.0
1,53,112,1.0
1,54,112,0.0
1,55,112,1.0
1,56,112,0.0
1,57,112,0.0
1,58,112,1.0
1,59,112,0.0
1,60,112,0.0
1,61,112,1.0
1,62,112,0.0
0,2,113,0.0
0,3,113,0.0
0,4,113,0.0
0,5,113,0.0
0,6,113,0.0
0,7,113,0.0
0,8,113,15.25028026
0,9,113,0.0
0,10,113,0.0
0,11,113,15.56533298
0,12,113,0.0
0,13,113,9.6563893
0,14,113,0.0
0,15,113,0.0
0,16,113,0.0
0,17,113,0.0
0,18,113,0.0
0,19,113,23.65500685
0,20,113,0.0
0,21,113,4.64047105
0,22,113,0.0
0,23,113,0.0
0,24,113,0.0
0,25,113,0.0
0,26,113,0.0
0,27,113,0.0
0,28,113,19.75935519
0,29,113,17.74517082
0,30,113,0.0
0,31,113,7.23227195
0,32,113,0.0
0,33,113,0.0
0,34,113,0.0
0,35,113,0.0
1,36,113,1.0
1,37,113,0.0
1,38,113,0.0
1,39,113,0.0
1,40,113,0.0
1,41,113,1.0
1,42,113,1.0
1,43,113,1.0
1,44,113,0.0
1,45,113,1.0
1,46,113,1.0
1,47,113,1.0
1,48,113,0.0
1,49,113,0.0
1,50,113,1.0
1,51,113,1.0
1,52,113,1.0
1,53,113,0.0
1,54,113,0.0
1,55,113,1.0
1,56,113,1.0
1,57,113,0.0
1,58,113,1.0
1,59,113,0.0
1,60,113,0.0
1,61,113,1.0
1,62,113,0.0
0,2,114,0.0
0,3,114,0.0
0,4,114,0.0
0,5,114,0.0
0,6,114,0.0
0,7,114,0.0
0,8,114,16.3931052
0,9,114,0.0
0,10,114,0.0
0,11,114,19.65116744
0,12,114,0.0
0,13,114,12.47870788
0,14,114,9.60066526
0,15,114,0.0
0,16,114,0.0
0,17,114,0.0
0,18,114,0.0
0,19,114,23.0938837
0,20,114,0.0
0,21,114,7.38839023
0,22,114,0.0
0,23,114,0.0
0,24,114,0.0
0,25,114,0.0
0,26,114,8.38557023
0,27,114,0.0
0,28,114,20.03494548
0,29,114,18.89833802
0,30,114,0.0
0,31,114,8.5666074
0,32,114,12.48957867
0,33,114,0.0
0,34,114,0.0
0,35,114,0.0
1,36,114,1.0
1,37,114,1.0
1,38,114,1.0
1,39,114,0.0
1,40,114,0.0
1,41,114,1.0
1,42,114,1.0
1,43,114,1.0
1,44,114,0.0
1,45,114,1.0
1,46,114,1.0
1,47,114,1.0
1,48,114,0.0
1,49,114,0.0
1,50,114,1.0
1,51,114,1.0
1,52,114,1.0
1,53,114,1.0
1,54,114,1.0
1,55,114,1.0
1,56,114,0.0
1,57,114,0.0
1,58,114,1.0
1,59,114,0.0
1,60,114,1.0
1,61,114,1.0
1,62,114,0.0
0,2,115,0.0
0,3,115,0.0
0,4,115,15.21841135
0,5,115,15.79457921
0,6,115,0.0
0,7,115,0.0
0,8,115,16.62250388
0,9,115,0.0
0,10,115,0.0
0,11,115,16.08346883
0,12,115,20.88769855
0,13,115,14.00627862
0,14,115,15.46154474
0,15,115,0.0
0,16,115,0.0
0,17,115,15.88882215
0,18,115,0.0
0,19,115,23.49177358
0,20,115,4.5527737
0,21,115,6.02912509
0,22,115,0.0
0,23,115,0.0
0,24,115,9.90641953
0,25,115,0.0
0,26,115,0.0
0,27,115,0.0
0,28,115,20.27029995
0,29,115,19.7846139
0,30,115,0.0
0,31,115,5.31692806
0,32,115,0.0
0,33,115,0.0
0,34,115,0.0
0,35,115,0.0
1,36,115,1.0
1,37,115,0.0
1,38,115,0.0
1,39,115,0.0
1,40,115,0.0
1,41,115,1.0
1,42,115,1.0
1,43,115,0.0
1,44,115,0.0
1,45,115,1.0
1,46,115,1.0
1,47,115,1.0
1,48,115,1.0
1,49,115,0.0
1,50,115,1.0
1,51,115,1.0
1,52,115,1.0
1,53,115,1.0
1,54,115,0.0
1,55,115,1.0
1,56,115,0.0
1,57,115,0.0
1,58,115,1.0
1,59,115,0.0
1,60,115,1.0
1,61,115,1.0
1,62,115,0.0
0,2,116,0.0
0,3,116,0.0
0,4,116,0.0
0,5,116,0.0
0,6,116,0.0
0,7,116,0.0
0,8,116,0.0
0,9,116,16.51001255
0,10,116,0.0
0,11,116,19.05752586
0,12,116,17.89147888
0,13,116,18.7847156
0,14,116,13.81409302
0,15,116,0.0
0,16,116,6.64955238
0,17,116,19.34084562
0,18,116,6.12901343
0,19,116,23.46615484
0,20,116,3.72451694
0,21,116,6.43094461
0,22,116,0.0
0,23,116,0.0
0,24,116,0.0
0,25,116,0.0
0,26,116,7.13619668
0,27,116,0.0
0,28,116,18.3373861
0,29,116,17.51249998
0,30,116,0.0
0,31,116,6.34708061
0,32,116,7.25254397
0,33,116,0.0
0,34,116,0.0
0,35,116,0.0
1,36,116,1.0
1,37,116,0.0
1,38,116,0.0
1,39,116,0.0
1,40,116,0.0
1,41,116,1.0
1,42,116,1.0
1,43,116,0.0
1,44,116,0.0
1,45,116,1.0
1,46,116,1.0
1,47,116,1.0
1,48,116,1.0
1,49,116,0.0
1,50,116,1.0
1,51,116,1.0
1,52,116,1.0
1,53,116,0.0
1,54,116,0.0
1,55,116,1.0
1,56,116,0.0
1,57,116,0.0
1,58,116,1.0
1,59,116,1.0
1,60,116,1.0
1,61,116,1.0
1,62,116,0.0
0,2,117,0.0
0,3,117,0.0
0,4,117,0.0
0,5,117,0.0
0,6,117,0.0
0,7,117,0.0
0,8,117,18.41653378
0,9,117,0.0
0,10,117,0.0
0,11,117,15.51033813
0,12,117,19.75168542
0,13,117,14.94379939
0,14,117,14.55543023
0,15,117,0.0
0,16,117,0.0
0,17,117,0.0
0,18,117,0.0
0,19,117,22.79276446
0,20,117,0.0
0,21,117,7.94390497
0,22,117,0.0
0,23,117,0.0
0,24,117,0.0
0,25,117,0.0
0,26,117,11.37095002
0,27,117,0.0
0,28,117,19.9075619
0,29,117,19.58247698
0,30,117,0.0
0,31,117,7.96705
0,32,117,0.0
0,33,117,0.0
0,34,117,0.0
0,35,117,0.0
1,36,117,1.0
1,37,117,1.0
1,38,117,0.0
1,39,117,0.0
1,40,117,1.0
1,41,117,1.0
1,42,117,1.0
1,43,117,1.0
1,44,117,0.0
1,45,117,1.0
1,46,117,1.0
1,47,117,1.0
1,48,117,0.0
1,49,117,0.0
1,50,117,1.0
1,51,117,1.0
1,52,117,1.0
1,53,117,1.0
1,54,117,0.0
1,55,117,1.0
1,56,117,0.0
1,57,117,0.0
1,58,117,1.0
1,59,117,0.0
1,60,117,1.0
1,61,117,0.0
1,62,117,1.0
0,2,118,0.0
0,3,118,0.0
0,4,118,0.0
0,5,118,0.0
0,6,118,0.0
0,7,118,0.0
0,8,118,16.49252242
0,9,118,0.0
0,10,118,0.0
0,11,118,17.54202354
0,12,118,16.86048674
0,13,118,12.9038974
0,14,118,13.99534474
0,15,118,0.0
0,16,118,10.94129483
0,17,118,0.0
0,18,118,0.0
0,19,118,23.09751275
0,20,118,0.0
0,21,118,14.53702401
0,22,118,0.0
0,23,118,0.0
0,24,118,7.17542594
0,25,118,0.0
0,26,118,0.0
0,27,118,4.40466071
0,28,118,21.11691693
0,29,118,20.67460985
0,30,118,0.0
0,31,118,7.76642789
0,32,118,0.0
0,33,118,0.0
0,34,118,0.0
0,35,118,0.0
1,36,118,1.0
1,37,118,1.0
1,38,118,0.0
1,39,118,0.0
1,40,118,1.0
1,41,118,1.0
1,42,118,1.0
1,43,118,0.0
1,44,118,0.0
1,45,118,1.0
1,46,118,1.0
1,47,118,1.0
1,48,118,0.0
1,49,118,0.0
1,50,118,1.0
1,51,118,0.0
1,52,118,1.0
1,53,118,1.0
1,54,118,0.0
1,55,118,1.0
1,56,118,0.0
1,57,118,0.0
1,58,118,1.0
1,59,118,0.0
1,60,118,1.0
1,61,118,0.0
1,62,118,1.0
0,2,119,0.0
0,3,119,0.0
0,4,119,0.0
0,5,119,0.0
0,6,119,0.0
0,7,119,0.0
0,8,119,0.0
0,9,119,0.0
0,10,119,0.0
0,11,119,15.4931982
0,12,119,16.57247338
0,13,119,11.94363769
0,14,119,16.8771385
0,15,119,0.0
0,16,119,0.0
0,17,119,0.0
0,18,119,0.0
0,19,119,24.86877022
0,20,119,0.0
0,21,119,6.89162075
0,22,119,0.0
0,23,119,0.0
0,24,119,0.0
0,25,119,0.0
0,26,119,0.0
0,27,119,10.76686041
0,28,119,18.20004779
0,29,119,19.34904217
0,30,119,0.0
0,31,119,5.19663089
0,32,119,0.0
0,33,119,0.0
0,34,119,0.0
0,35,119,0.0
1,36,119,1.0
1,37,119,1.0
1,38,119,0.0
1,39,119,0.0
1,40,119,0.0
1,41,119,1.0
1,42,119,1.0
1,43,119,0.0
1,44,119,0.0
1,45,119,1.0
1,46,119,1.0
1,47,119,1.0
1,48,119,0.0
1,49,119,0.0
1,50,119,1.0
1,51,119,1.0
1,52,119,0.0
1,53,119,0.0
1,54,119,0.0
1,55,119,1.0
1,56,119,0.0
1,57,119,0.0
1,58,119,1.0
1,59,119,0.0
1,60,119,1.0
1,61,119,0.0
1,62,119,0.0
0,2,120,0.0
0,3,120,0.0
0,4,120,0.0
0,5,120,0.0
0,6,120,0.0
0,7,120,0.0
0,8,120,0.0
0,9,120,0.0
0,10,120,0.0
0,11,120,15.1474434
0,12,120,14.32557157
0,13,120,10.88779853
0,14,120,0.0
0,15,120,0.0
0,16,120,0.0
0,17,120,16.27349614
0,18,120,0.0
0,19,120,21.38901078
0,20,120,0.0
0,21,120,4.11255674
0,22,120,0.0
0,23,120,0.0
0,24,120,0.0
0,25,120,0.0
0,26,120,0.0
0,27,120,0.0
0,28,120,19.44738283
0,29,120,18.82361495
0,30,120,0.0
0,31,120,4.41642633
0,32,120,0.0
0,33,120,0.0
0,34,120,0.0
0,35,120,0.0
1,36,120,1.0
1,37,120,1.0
1,38,120,0.0
1,39,120,1.0
1,40,120,1.0
1,41,120,0.0
1,42,120,1.0
1,43,120,1.0
1,44,120,0.0
1,45,120,1.0
1,46,120,1.0
1,47,120,1.0
1,48,120,0.0
1,49,120,0.0
1,50,120,1.0
1,51,120,1.0
1,52,120,1.0
1,53,120,0.0
1,54,120,0.0
1,55,120,1.0
1,56,120,0.0
1,57,120,0.0
1,58,120,1.0
1,59,120,0.0
1,60,120,1.0
1,61,120,0.0
1,62,120,0.0
0,2,121,0.0
0,3,121,0.0
0,4,121,0.0
0,5,121,0.0
0,6,121,0.0
0,7,121,0.0
0,8,121,0.0
0,9,121,0.0
0,10,121,0.0
0,11,121,15.6629638
0,12,121,19.55700954
0,13,121,18.2234153
0,14,121,0.0
0,15,121,0.0
0,16,121,0.0
0,17,121,0.0
0,18,121,0.0
0,19,121,24.84586327
0,20,121,0.0
0,21,121,7.25587014
0,22,121,0.0
0,23,121,0.0
0,24,121,8.19231266
0,25,121,0.0
0,26,121,0.0
0,27,121,0.0
0,28,121,19.72007037
0,29,121,16.71526183
0,30,121,0.0
0,31,121,4.25172566
0,32,121,0.0
0,33,121,0.0
0,34,121,0.0
0,35,121,0.0
1,36,121,1.0
1,37,121,1.0
1,38,121,0.0
1,39,121,0.0
1,40,121,0.0
1,41,121,0.0
1,42,121,1.0
1,43,121,1.0
1,44,121,0.0
1,45,121,1.0
1,46,121,1.0
1,47,121,1.0
1,48,121,0.0
1,49,121,1.0
1,50,121,1.0
1,51,121,1.0
1,52,121,1.0
1,53,121,0.0
1,54,121,0.0
1,55,121,1.0
1,56,121,0.0
1,57,121,0.0
1,58,121,1.0
1,59,121,0.0
1,60,121,1.0
1,61,121,0.0
1,62,121,0.0
0,2,122,0.0
0,3,122,0.0
0,4,122,0.0
0,5,122,0.0
0,6,122,0.0
0,7,122,0.0
0,8,122,15.52781118
0,9,122,0.0
0,10,122,0.0
0,11,122,15.68091988
0,12,122,19.37300763
0,13,122,15.67053329
0,14,122,0.0
0,15,122,0.0
0,16,122,0.0
0,17,122,16.63505573
0,18,122,0.0
0,19,122,23.42828192
0,20,122,0.0
0,21,122,0.0
0,22,122,0.0
0,23,122,0.0
0,24,122,0.0
0,25,122,0.0
0,26,122,0.0
0,27,122,7.03758735
0,28,122,18.42572059
0,29,122,17.13048892
0,30,122,0.0
0,31,122,6.89619214
0,32,122,0.0
0,33,122,0.0
0,34,122,0.0
0,35,122,0.0
1,36,122,1.0
1,37,122,1.0
1,38,122,0.0
1,39,122,0.0
1,40,122,1.0
1,41,122,1.0
1,42,122,1.0
1,43,122,1.0
1,44,122,1.0
1,45,122,1.0
1,46,122,1.0
1,47,122,1.0
1,48,122,0.0
1,49,122,0.0
1,50,122,1.0
1,51,122,1.0
1,52,122,0.0
1,53,122,0.0
1,54,122,0.0
1,55,122,1.0
1,56,122,0.0
1,57,122,0.0
1,58,122,1.0
1,59,122,0.0
1,60,122,0.0
1,61,122,1.0
1,62,122,1.0
0,2,123,0.0
0,3,123,0.0
0,4,123,0.0
0,5,123,0.0
0,6,123,0.0
0,7,123,0.0
0,8,123,0.0
0,9,123,0.0
0,10,123,0.0
0,11,123,11.08926076
0,12,123,20.49158951
0,13,123,16.70103048
0,14,123,0.0
0,15,123,0.0
0,16,123,0.0
0,17,123,17.24553933
0,18,123,0.0
0,19,123,22.27535349
0,20,123,0.0
0,21,123,6.10955786
0,22,123,0.0
0,23,123,0.0
0,24,123,0.0
0,25,123,0.0
0,26,123,9.59312188
0,27,123,9.69202079
0,28,123,19.40849064
0,29,123,18.16832408
0,30,123,0.0
0,31,123,7.84243976
0,32,123,0.0
0,33,123,0.0
0,34,123,0.0
0,35,123,0.0
1,36,123,1.0
1,37,123,1.0
1,38,123,0.0
1,39,123,0.0
1,40,123,1.0
1,41,123,0.0
1,42,123,1.0
1,43,123,0.0
1,44,123,0.0
1,45,123,1.0
1,46,123,1.0
1,47,123,1.0
1,48,123,0.0
1,49,123,0.0
1,50,123,1.0
1,51,123,1.0
1,52,123,1.0
1,53,123,0.0
1,54,123,0.0
1,55,123,1.0
1,56,123,1.0
1,57,123,0.0
1,58,123,1.0
1,59,123,0.0
1,60,123,1.0
1,61,123,1.0
1,62,123,0.0
0,2,124,0.0
0,3,124,0.0
0,4,124,0.0
0,5,124,0.0
0,6,124,0.0
0,7,124,0.0
0,8,124,0.0
0,9,124,0.0
0,10,124,0.0
0,11,124,16.32072204
0,12,124,19.7702204
0,13,124,13.33208259
0,14,124,0.0
0,15,124,0.0
0,16,124,0.0
0,17,124,14.44989288
0,18,124,0.0
0,19,124,23.20610865
0,20,124,5.57303877
0,21,124,0.0
0,22,124,0.0
0,23,124,0.0
0,24,124,0.0
0,25,124,7.42223782
0,26,124,0.0
0,27,124,5.03441569
0,28,124,17.29967168
0,29,124,18.89098973
0,30,124,0.0
0,31,124,0.0
0,32,124,7.36413026
0,33,124,0.0
0,34,124,0.0
0,35,124,0.0
1,36,124,1.0
1,37,124,1.0
1,38,124,0.0
1,39,124,0.0
1,40,124,1.0
1,41,124,0.0
1,42,124,1.0
1,43,124,0.0
1,44,124,0.0
1,45,124,1.0
1,46,124,1.0
1,47,124,1.0
1,48,124,0.0
1,49,124,0.0
1,50,124,1.0
1,51,124,1.0
1,52,124,1.0
1,53,124,1.0
1,54,124,0.0
1,55,124,1.0
1,56,124,0.0
1,57,124,0.0
1,58,124,1.0
1,59,124,0.0
1,60,124,0.0
1,61,124,0.0
1,62,124,0.0
0,2,125,0.0
0,3,125,0.0
0,4,125,0.0
0,5,125,0.0
0,6,125,0.0
0,7,125,0.0
0,8,125,0.0
0,9,125,0.0
0,10,125,0.0
0,11,125,0.0
0,12,125,0.0
0,13,125,11.76701564
0,14,125,0.0
0,15,125,0.0
0,16,125,0.0
0,17,125,0.0
0,18,125,0.0
0,19,125,21.85039151
0,20,125,0.0
0,21,125,0.0
0,22,125,0.0
0,23,125,0.0
0,24,125,0.0
0,25,125,0.0
0,26,125,0.0
0,27,125,0.0
0,28,125,14.59263185
0,29,125,0.0
0,30,125,0.0
0,31,125,0.0
0,32,125,0.0
0,33,125,0.0
0,34,125,0.0
0,35,125,0.0
1,36,125,1.0
1,37,125,1.0
1,38,125,0.0
1,39,125,0.0
1,40,125,0.0
1,41,125,0.0
1,42,125,1.0
1,43,125,0.0
1,44,125,0.0
1,45,125,1.0
1,46,125,1.0
1,47,125,1.0
1,48,125,0.0
1,49,125,0.0
1,50,125,1.0
1,51,125,1.0
1,52,125,1.0
1,53,125,1.0
1,54,125,0.0
1,55,125,1.0
1,56,125,1.0
1,57,125,0.0
1,58,125,1.0
1,59,125,0.0
1,60,125,0.0
1,61,125,0.0
1,62,125,0.0
0,2,126,0.0
0,3,126,0.0
0,4,126,0.0
0,5,126,0.0
0,6,126,0.0
0,7,126,0.0
0,8,126,0.0
0,9,126,0.0
0,10,126,0.0
0,11,126,9.29890329
0,12,126,0.0
0,13,126,11.03251771
0,14,126,0.0
0,15,126,0.0
0,16,126,0.0
0,17,126,18.29607809
0,18,126,0.0
0,19,126,17.55980909
0,20,126,0.0
0,21,126,8.78685982
0,22,126,0.0
0,23,126,0.0
0,24,126,0.0
0,25,126,0.0
0,26,126,2.61730411
0,27,126,0.0
0,28,126,19.75466757
0,29,126,18.33947026
0,30,126,0.0
0,31,126,8.29235905
0,32,126,0.0
0,33,126,0.0
0,34,126,0.0
0,35,126,0.0
1,36,126,1.0
1,37,126,1.0
1,38,126,0.0
1,39,126,0.0
1,40,126,0.0
1,41,126,0.0
1,42,126,1.0
1,43,126,0.0
1,44,126,0.0
1,45,126,1.0
1,46,126,1.0
1,47,126,1.0
1,48,126,0.0
1,49,126,0.0
1,50,126,1.0
1,51,126,1.0
1,52,126,1.0
1,53,126,0.0
1,54,126,0.0
1,55,126,1.0
1,56,126,0.0
1,57,126,1.0
1,58,126,1.0
1,59,126,0.0
1,60,126,0.0
1,61,126,0.0
1,62,126,0.0
0,2,127,0.0
0,3,127,0.0
0,4,127,0.0
0,5,127,0.0
0,6,127,0.0
0,7,127,0.0
0,8,127,0.0
0,9,127,0.0
0,10,127,0.0
0,11,127,18.22404367
0,12,127,19.61605352
0,13,127,15.21616273
0,14,127,0.0
0,15,127,0.0
0,16,127,0.0
0,17,127,19.77031233
0,18,127,0.0
0,19,127,23.76331407
0,20,127,0.0
0,21,127,5.20627607
0,22,127,0.0
0,23,127,0.0
0,24,127,0.0
0,25,127,0.0
0,26,127,0.0
0,27,127,0.0
0,28,127,19.97476393
0,29,127,18.70737416
0,30,127,0.0
0,31,127,8.0448779
0,32,127,0.0
0,33,127,0.0
0,34,127,0.0
0,35,127,0.0
1,36,127,1.0
1,37,127,1.0
1,38,127,1.0
1,39,127,0.0
1,40,127,0.0
1,41,127,0.0
1,42,127,1.0
1,43,127,1.0
1,44,127,0.0
1,45,127,1.0
1,46,127,1.0
1,47,127,1.0
1,48,127,0.0
1,49,127,0.0
1,50,127,1.0
1,51,127,1.0
1,52,127,1.0
1,53,127,0.0
1,54,127,0.0
1,55,127,1.0
1,56,127,0.0
1,57,127,0.0
1,58,127,1.0
1,59,127,0.0
1,60,127,0.0
1,61,127,0.0
1,62,127,0.0
0,2,128,0.0
0,3,128,0.0
0,4,128,0.0
0,5,128,0.0
0,6,128,0.0
0,7,128,0.0
0,8,128,0.0
0,9,128,0.0
0,10,128,0.0
0,11,128,18.59089576
0,12,128,17.05766877
0,13,128,12.00165427
0,14,128,0.0
0,15,128,0.0
0,16,128,0.0
0,17,128,18.15185856
0,18,128,0.0
0,19,128,23.78449466
0,20,128,0.0
0,21,128,8.65702994
0,22,128,0.0
0,23,128,0.0
0,24,128,0.0
0,25,128,0.0
0,26,128,0.0
0,27,128,0.0
0,28,128,19.61764925
0,29,128,19.16278234
0,30,128,0.0
0,31,128,8.67596888
0,32,128,5.66868374
0,33,128,0.0
0,34,128,0.0
0,35,128,0.0
1,36,128,1.0
1,37,128,1.0
1,38,128,1.0
1,39,128,0.0
1,40,128,1.0
1,41,128,0.0
1,42,128,1.0
1,43,128,1.0
1,44,128,0.0
1,45,128,1.0
1,46,128,0.0
1,47,128,1.0
1,48,128,0.0
1,49,128,0.0
1,50,128,1.0
1,51,128,1.0
1,52,128,1.0
1,53,128,0.0
1,54,128,0.0
1,55,128,1.0
1,56,128,1.0
1,57,128,0.0
1,58,128,1.0
1,59,128,0.0
1,60,128,0.0
1,61,128,0.0
1,62,128,0.0
0,2,129,0.0
0,3,129,0.0
0,4,129,0.0
0,5,129,0.0
0,6,129,0.0
0,7,129,0.0
0,8,129,0.0
0,9,129,0.0
0,10,129,0.0
0,11,129,8.59881658
0,12,129,0.0
0,13,129,9.2989666
0,14,129,0.0
0,15,129,0.0
0,16,129,4.94396824
0,17,129,0.0
0,18,129,0.0
0,19,129,23.63093674
0,20,129,0.0
0,21,129,6.89607849
0,22,129,0.0
0,23,129,0.0
0,24,129,0.0
0,25,129,0.0
0,26,129,0.0
0,27,129,4.38336297
0,28,129,17.79181432
0,29,129,16.48477582
0,30,129,0.0
0,31,129,9.30299598
0,32,129,0.0
0,33,129,0.0
0,34,129,0.0
0,35,129,0.0
1,36,129,1.0
1,37,129,0.0
1,38,129,1.0
1,39,129,0.0
1,40,129,1.0
1,41,129,1.0
1,42,129,1.0
1,43,129,0.0
1,44,129,0.0
1,45,129,1.0
1,46,129,1.0
1,47,129,1.0
1,48,129,0.0
1,49,129,0.0
1,50,129,1.0
1,51,129,1.0
1,52,129,1.0
1,53,129,0.0
1,54,129,0.0
1,55,129,1.0
1,56,129,0.0
1,57,129,0.0
1,58,129,1.0
1,59,129,0.0
1,60,129,1.0
1,61,129,0.0
1,62,129,0.0
0,2,130,0.0
0,3,130,0.0
0,4,130,0.0
0,5,130,0.0
0,6,130,0.0
0,7,130,0.0
0,8,130,0.0
0,9,130,0.0
0,10,130,0.0
0,11,130,15.61712548
0,12,130,16.84176284
0,13,130,13.61599476
0,14,130,15.11098996
0,15,130,0.0
0,16,130,0.0
0,17,130,18.66330387
0,18,130,0.0
0,19,130,20.58994507
0,20,130,0.0
0,21,130,5.1951133
0,22,130,0.0
0,23,130,0.0
0,24,130,0.0
0,25,130,0.0
0,26,130,0.0
0,27,130,3.49752071
0,28,130,18.92122183
0,29,130,20.4426867
0,30,130,0.0
0,31,130,3.20425789
0,32,130,0.0
0,33,130,0.0
0,34,130,0.0
0,35,130,0.0
1,36,130,1.0
1,37,130,1.0
1,38,130,1.0
1,39,130,0.0
1,40,130,1.0
1,41,130,1.0
1,42,130,1.0
1,43,130,0.0
1,44,130,0.0
1,45,130,1.0
1,46,130,1.0
1,47,130,1.0
1,48,130,1.0
1,49,130,0.0
1,50,130,1.0
1,51,130,1.0
1,52,130,1.0
1,53,130,0.0
1,54,130,0.0
1,55,130,1.0
1,56,130,1.0
1,57,130,0.0
1,58,130,1.0
1,59,130,0.0
1,60,130,0.0
1,61,130,1.0
1,62,130,1.0
0,2,131,0.0
0,3,131,0.0
0,4,131,0.0
0,5,131,0.0
0,6,131,0.0
0,7,131,0.0
0,8,131,0.0
0,9,131,0.0
0,10,131,0.0
0,11,131,16.76616367
0,12,131,0.0
0,13,131,10.16273172
0,14,131,0.0
0,15,131,0.0
0,16,131,8.92183984
0,17,131,0.0
0,18,131,0.0
0,19,131,18.07187058
0,20,131,0.0
0,21,131,13.58370733
0,22,131,0.0
0,23,131,10.96773019
0,24,131,0.0
0,25,131,0.0
0,26,131,0.0
0,27,131,3.20620084
0,28,131,19.64991635
0,29,131,17.55934478
0,30,131,0.0
0,31,131,4.5522479
0,32,131,0.0
0,33,131,0.0
0,34,131,0.0
0,35,131,0.0
1,36,131,1.0
1,37,131,1.0
1,38,131,0.0
1,39,131,0.0
1,40,131,0.0
1,41,131,1.0
1,42,131,1.0
1,43,131,0.0
1,44,131,1.0
1,45,131,1.0
1,46,131,1.0
1,47,131,1.0
1,48,131,0.0
1,49,131,0.0
1,50,131,1.0
1,51,131,1.0
1,52,131,1.0
1,53,131,1.0
1,54,131,0.0
1,55,131,1.0
1,56,131,1.0
1,57,131,1.0
1,58,131,1.0
1,59,131,0.0
1,60,131,1.0
1,61,131,1.0
1,62,131,0.0
0,2,132,0.0
0,3,132,0.0
0,4,132,0.0
0,5,132,0.0
0,6,132,0.0
0,7,132,0.0
0,8,132,17.44525329
0,9,132,19.65776827
0,10,132,0.0
0,11,132,15.80771073
0,12,132,22.25505507
0,13,132,17.02202409
0,14,132,0.0
0,15,132,0.0
0,16,132,7.49579554
0,17,132,0.0
0,18,132,0.0
0,19,132,23.01798804
0,20,132,0.0
0,21,132,9.36281184
0,22,132,0.0
0,23,132,0.0
0,24,132,8.86996419
0,25,132,0.0
0,26,132,11.22989049
0,27,132,0.0
0,28,132,19.66874616
0,29,132,21.25062646
0,30,132,0.0
0,31,132,7.12546596
0,32,132,0.0
0,33,132,0.0
0,34,132,0.0
0,35,132,0.0
1,36,132,1.0
1,37,132,1.0
1,38,132,0.0
1,39,132,0.0
1,40,132,0.0
1,41,132,1.0
1,42,132,1.0
1,43,132,1.0
1,44,132,1.0
1,45,132,1.0
1,46,132,1.0
1,47,132,1.0
1,48,132,0.0
1,49,132,0.0
1,50,132,1.0
1,51,132,1.0
1,52,132,1.0
1,53,132,0.0
1,54,132,0.0
1,55,132,1.0
1,56,132,1.0
1,57,132,0.0
1,58,132,1.0
1,59,132,0.0
1,60,132,0.0
1,61,132,0.0
1,62,132,0.0
0,2,133,0.0
0,3,133,0.0
0,4,133,18.86562872
0,5,133,0.0
0,6,133,0.0
0,7,133,0.0
0,8,133,15.39775619
0,9,133,19.23326713
0,10,133,0.0
0,11,133,0.0
0,12,133,17.28844766
0,13,133,17.46969767
0,14,133,0.0
0,15,133,0.0
0,16,133,0.0
0,17,133,0.0
0,18,133,0.0
0,19,133,24.36697165
0,20,133,0.0
0,21,133,11.29125881
0,22,133,0.0
0,23,133,0.0
0,24,133,0.0
0,25,133,0.0
0,26,133,0.0
0,27,133,0.0
0,28,133,18.70055177
0,29,133,18.57051964
0,30,133,0.0
0,31,133,0.0
0,32,133,0.0
0,33,133,0.0
0,34,133,0.0
0,35,133,0.0
1,36,133,1.0
1,37,133,1.0
1,38,133,0.0
1,39,133,0.0
1,40,133,0.0
1,41,133,1.0
1,42,133,1.0
1,43,133,0.0
1,44,133,1.0
1,45,133,1.0
1,46,133,1.0
1,47,133,1.0
1,48,133,0.0
1,49,133,0.0
1,50,133,1.0
1,51,133,1.0
1,52,133,1.0
1,53,133,0.0
1,54,133,0.0
1,55,133,1.0
1,56,133,0.0
1,57,133,0.0
1,58,133,1.0
1,59,133,0.0
1,60,133,0.0
1,61,133,0.0
1,62,133,0.0
0,2,134,0.0
0,3,134,0.0
0,4,134,0.0
0,5,134,0.0
0,6,134,0.0
0,7,134,0.0
0,8,134,15.87315146
0,9,134,0.0
0,10,134,0.0
0,11,134,0.0
0,12,134,0.0
0,13,134,14.07447992
0,14,134,0.0
0,15,134,0.0
0,16,134,0.0
0,17,134,0.0
0,18,134,0.0
0,19,134,21.64743875
0,20,134,0.0
0,21,134,7.13548534
0,22,134,0.0
0,23,134,0.0
0,24,134,0.0
0,25,134,0.0
0,26,134,5.29209116
0,27,134,4.47653147
0,28,134,18.97618687
0,29,134,20.8501393
0,30,134,5.63578732
0,31,134,0.0
0,32,134,9.13742093
0,33,134,0.0
0,34,134,0.0
0,35,134,0.0
1,36,134,1.0
1,37,134,0.0
1,38,134,0.0
1,39,134,0.0
1,40,134,1.0
1,41,134,0.0
1,42,134,1.0
1,43,134,1.0
1,44,134,0.0
1,45,134,1.0
1,46,134,1.0
1,47,134,1.0
1,48,134,0.0
1,49,134,0.0
1,50,134,1.0
1,51,134,1.0
1,52,134,1.0
1,53,134,0.0
1,54,134,0.0
1,55,134,1.0
1,56,134,0.0
1,57,134,0.0
1,58,134,1.0
1,59,134,1.0
1,60,134,1.0
1,61,134,0.0
1,62,134,0.0
0,2,135,0.0
0,3,135,16.13179637
0,4,135,0.0
0,5,135,0.0
0,6,135,0.0
0,7,135,0.0
0,8,135,15.32578918
0,9,135,0.0
0,10,135,0.0
0,11,135,18.94711622
0,12,135,19.64359837
0,13,135,16.42451704
0,14,135,15.13021126
0,15,135,0.0
0,16,135,8.9144893
0,17,135,0.0
0,18,135,0.0
0,19,135,23.04711937
0,20,135,0.0
0,21,135,8.42355856
0,22,135,0.0
0,23,135,0.0
0,24,135,0.0
0,25,135,6.52396201
0,26,135,12.45192061
0,27,135,0.0
0,28,135,17.6433943
0,29,135,19.00413392
0,30,135,0.0
0,31,135,8.81039325
0,32,135,12.09899261
0,33,135,0.0
0,34,135,0.0
0,35,135,0.0
1,36,135,1.0
1,37,135,1.0
1,38,135,0.0
1,39,135,1.0
1,40,135,1.0
1,41,135,1.0
1,42,135,1.0
1,43,135,1.0
1,44,135,0.0
1,45,135,1.0
1,46,135,1.0
1,47,135,1.0
1,48,135,0.0
1,49,135,1.0
1,50,135,1.0
1,51,135,1.0
1,52,135,1.0
1,53,135,1.0
1,54,135,0.0
1,55,135,1.0
1,56,135,0.0
1,57,135,1.0
1,58,135,1.0
1,59,135,0.0
1,60,135,0.0
1,61,135,0.0
1,62,135,0.0
0,2,136,0.0
0,3,136,0.0
0,4,136,0.0
0,5,136,0.0
0,6,136,0.0
0,7,136,0.0
0,8,136,0.0
0,9,136,0.0
0,10,136,0.0
0,11,136,16.20406816
0,12,136,16.03214353
0,13,136,10.66740054
0,14,136,7.45945601
0,15,136,0.0
0,16,136,0.0
0,17,136,14.23155711
0,18,136,0.0
0,19,136,19.14644685
0,20,136,0.0
0,21,136,7.06737851
0,22,136,0.0
0,23,136,0.0
0,24,136,0.0
0,25,136,0.0
0,26,136,0.0
0,27,136,0.0
0,28,136,19.0445945
0,29,136,17.38382562
0,30,136,0.0
0,31,136,8.41852816
0,32,136,0.0
0,33,136,0.0
0,34,136,0.0
0,35,136,0.0
1,36,136,1.0
1,37,136,1.0
1,38,136,1.0
1,39,136,0.0
1,40,136,1.0
1,41,136,1.0
1,42,136,1.0
1,43,136,1.0
1,44,136,0.0
1,45,136,1.0
1,46,136,1.0
1,47,136,1.0
1,48,136,0.0
1,49,136,0.0
1,50,136,1.0
1,51,136,1.0
1,52,136,1.0
1,53,136,0.0
1,54,136,0.0
1,55,136,1.0
1,56,136,1.0
1,57,136,1.0
1,58,136,1.0
1,59,136,0.0
1,60,136,1.0
1,61,136,0.0
1,62,136,0.0
0,2,137,0.0
0,3,137,0.0
0,4,137,0.0
0,5,137,0.0
0,6,137,0.0
0,7,137,0.0
0,8,137,0.0
0,9,137,0.0
0,10,137,0.0
0,11,137,16.90232361
0,12,137,17.34341713
0,13,137,17.57402601
0,14,137,0.0
0,15,137,0.0
0,16,137,10.65956207
0,17,137,18.75886988
0,18,137,0.0
0,19,137,23.85575287
0,20,137,0.0
0,21,137,8.80283031
0,22,137,0.0
0,23,137,0.0
0,24,137,0.0
0,25,137,0.0
0,26,137,0.0
0,27,137,0.0
0,28,137,19.85214063
0,29,137,19.6712702
0,30,137,0.0
0,31,137,7.91237783
0,32,137,9.36691458
0,33,137,0.0
0,34,137,0.0
0,35,137,0.0
1,36,137,1.0
1,37,137,1.0
1,38,137,1.0
1,39,137,1.0
1,40,137,1.0
1,41,137,1.0
1,42,137,1.0
1,43,137,1.0
1,44,137,1.0
1,45,137,1.0
1,46,137,1.0
1,47,137,1.0
1,48,137,1.0
1,49,137,1.0
1,50,137,1.0
1,51,137,1.0
1,52,137,1.0
1,53,137,1.0
1,54,137,1.0
1,55,137,0.0
1,56,137,1.0
1,57,137,1.0
1,58,137,1.0
1,59,137,1.0
1,60,137,1.0
1,61,137,1.0
1,62,137,0.0
0,2,138,0.0
0,3,138,0.0
0,4,138,0.0
0,5,138,0.0
0,6,138,0.0
0,7,138,0.0
0,8,138,0.0
0,9,138,0.0
0,10,138,0.0
0,11,138,11.06524107
0,12,138,18.04693756
0,13,138,13.64524968
0,14,138,0.0
0,15,138,0.0
0,16,138,0.0
0,17,138,0.0
0,18,138,0.0
0,19,138,22.06673195
0,20,138,0.0
0,21,138,0.0
0,22,138,0.0
0,23,138,0.0
0,24,138,8.19408877
0,25,138,0.0
0,26,138,0.0
0,27,138,10.81419738
0,28,138,17.95249081
0,29,138,15.12133495
0,30,138,0.0
0,31,138,8.33465099
0,32,138,0.0
0,33,138,0.0
0,34,138,0.0
0,35,138,0.0
1,36,138,1.0
1,37,138,1.0
1,38,138,0.0
1,39,138,0.0
1,40,138,1.0
1,41,138,1.0
1,42,138,1.0
1,43,138,0.0
1,44,138,0.0
1,45,138,1.0
1,46,138,1.0
1,47,138,0.0
1,48,138,0.0
1,49,138,0.0
1,50,138,1.0
1,51,138,1.0
1,52,138,1.0
1,53,138,0.0
1,54,138,0.0
1,55,138,1.0
1,56,138,0.0
1,57,138,0.0
1,58,138,1.0
1,59,138,0.0
1,60,138,1.0
1,61,138,0.0
1,62,138,1.0
0,2,139,0.0
0,3,139,0.0
0,4,139,0.0
0,5,139,0.0
0,6,139,0.0
0,7,139,0.0
0,8,139,0.0
0,9,139,0.0
0,10,139,0.0
0,11,139,0.0
0,12,139,15.42956799
0,13,139,11.55664368
0,14,139,0.0
0,15,139,0.0
0,16,139,10.66776502
0,17,139,18.39227458
0,18,139,0.0
0,19,139,23.41661177
0,20,139,9.264767
0,21,139,5.61693694
0,22,139,0.0
0,23,139,0.0
0,24,139,7.82634218
0,25,139,0.0
0,26,139,0.0
0,27,139,0.0
0,28,139,16.48879109
0,29,139,7.09629765
0,30,139,0.0
0,31,139,8.37025116
0,32,139,0.0
0,33,139,0.0
0,34,139,0.0
0,35,139,0.0
1,36,139,1.0
1,37,139,1.0
1,38,139,0.0
1,39,139,1.0
1,40,139,0.0
1,41,139,0.0
1,42,139,1.0
1,43,139,1.0
1,44,139,0.0
1,45,139,1.0
1,46,139,1.0
1,47,139,1.0
1,48,139,0.0
1,49,139,1.0
1,50,139,1.0
1,51,139,1.0
1,52,139,1.0
1,53,139,0.0
1,54,139,0.0
1,55,139,1.0
1,56,139,0.0
1,57,139,0.0
1,58,139,1.0
1,59,139,0.0
1,60,139,0.0
1,61,139,0.0
1,62,139,0.0
0,2,140,0.0
0,3,140,0.0
0,4,140,0.0
0,5,140,0.0
0,6,140,0.0
0,7,140,0.0
0,8,140,0.0
0,9,140,0.0
0,10,140,0.0
0,11,140,0.0
0,12,140,15.80904854
0,13,140,14.21697331
0,14,140,0.0
0,15,140,0.0
0,16,140,0.0
0,17,140,18.80444333
0,18,140,0.0
0,19,140,23.03742825
0,20,140,0.0
0,21,140,0.0
0,22,140,0.0
0,23,140,0.0
0,24,140,0.0
0,25,140,0.0
0,26,140,0.0
0,27,140,6.91887395
0,28,140,7.76894142
0,29,140,15.77396265
0,30,140,0.0
0,31,140,6.3480493
0,32,140,0.0
0,33,140,0.0
0,34,140,0.0
0,35,140,0.0
1,36,140,1.0
1,37,140,0.0
1,38,140,0.0
1,39,140,0.0
1,40,140,0.0
1,41,140,1.0
1,42,140,1.0
1,43,140,1.0
1,44,140,0.0
1,45,140,1.0
1,46,140,1.0
1,47,140,1.0
1,48,140,0.0
1,49,140,0.0
1,50,140,1.0
1,51,140,1.0
1,52,140,1.0
1,53,140,0.0
1,54,140,0.0
1,55,140,1.0
1,56,140,0.0
1,57,140,0.0
1,58,140,1.0
1,59,140,0.0
1,60,140,1.0
1,61,140,0.0
1,62,140,0.0
0,2,141,0.0
0,3,141,0.0
0,4,141,0.0
0,5,141,0.0
0,6,141,0.0
0,7,141,0.0
0,8,141,0.0
0,9,141,0.0
0,10,141,0.0
0,11,141,14.87267793
0,12,141,15.65582531
0,13,141,14.01253448
0,14,141,0.0
0,15,141,0.0
0,16,141,0.0
0,17,141,16.92946916
0,18,141,0.0
0,19,141,22.80735764
0,20,141,0.0
0,21,141,0.0
0,22,141,0.0
0,23,141,0.0
0,24,141,0.0
0,25,141,0.0
0,26,141,6.70641145
0,27,141,0.0
0,28,141,0.0
0,29,141,0.0
0,30,141,0.0
0,31,141,6.72811645
0,32,141,0.0
0,33,141,0.0
0,34,141,0.0
0,35,141,0.0
1,36,141,1.0
1,37,141,0.0
1,38,141,0.0
1,39,141,0.0
1,40,141,0.0
1,41,141,1.0
1,42,141,1.0
1,43,141,0.0
1,44,141,0.0
1,45,141,1.0
1,46,141,1.0
1,47,141,1.0
1,48,141,0.0
1,49,141,0.0
1,50,141,1.0
1,51,141,1.0
1,52,141,1.0
1,53,141,0.0
1,54,141,0.0
1,55,141,1.0
1,56,141,0.0
1,57,141,0.0
1,58,141,1.0
1,59,141,0.0
1,60,141,0.0
1,61,141,0.0
1,62,141,0.0
0,2,142,0.0
0,3,142,0.0
0,4,142,0.0
0,5,142,0.0
0,6,142,0.0
0,7,142,0.0
0,8,142,0.0
0,9,142,0.0
0,10,142,0.0
0,11,142,15.06152024
0,12,142,17.69299033
0,13,142,13.90358142
0,14,142,0.0
0,15,142,0.0
0,16,142,0.0
0,17,142,17.04188634
0,18,142,0.0
0,19,142,23.10413444
0,20,142,0.0
0,21,142,7.25548555
0,22,142,0.0
0,23,142,0.0
0,24,142,0.0
0,25,142,0.0
0,26,142,0.0
0,27,142,0.0
0,28,142,14.0783746
0,29,142,0.0
0,30,142,0.0
0,31,142,5.68066819
0,32,142,0.0
0,33,142,0.0
0,34,142,0.0
0,35,142,0.0
1,36,142,1.0
1,37,142,1.0
1,38,142,1.0
1,39,142,0.0
1,40,142,0.0
1,41,142,0.0
1,42,142,1.0
1,43,142,1.0
1,44,142,0.0
1,45,142,1.0
1,46,142,1.0
1,47,142,1.0
1,48,142,0.0
1,49,142,0.0
1,50,142,1.0
1,51,142,1.0
1,52,142,1.0
1,53,142,0.0
1,54,142,0.0
1,55,142,1.0
1,56,142,1.0
1,57,142,0.0
1,58,142,1.0
1,59,142,0.0
1,60,142,0.0
1,61,142,0.0
1,62,142,0.0
0,2,143,0.0
0,3,143,0.0
0,4,143,0.0
0,5,143,0.0
0,6,143,0.0
0,7,143,0.0
0,8,143,0.0
0,9,143,0.0
0,10,143,0.0
0,11,143,13.40155726
0,12,143,16.53734247
0,13,143,13.58281686
0,14,143,0.0
0,15,143,0.0
0,16,143,0.0
0,17,143,17.63797141
0,18,143,0.0
0,19,143,21.54503359
0,20,143,0.0
0,21,143,0.0
0,22,143,0.0
0,23,143,0.0
0,24,143,7.35063143
0,25,143,0.0
0,26,143,4.8427382
0,27,143,5.50164273
0,28,143,16.57076074
0,29,143,14.36912602
0,30,143,0.0
0,31,143,7.33399156
0,32,143,0.0
0,33,143,0.0
0,34,143,0.0
0,35,143,0.0
1,36,143,1.0
1,37,143,0.0
1,38,143,0.0
1,39,143,0.0
1,40,143,0.0
1,41,143,0.0
1,42,143,1.0
1,43,143,0.0
1,44,143,0.0
1,45,143,1.0
1,46,143,1.0
1,47,143,1.0
1,48,143,0.0
1,49,143,0.0
1,50,143,1.0
1,51,143,1.0
1,52,143,1.0
1,53,143,0.0
1,54,143,0.0
1,55,143,1.0
1,56,143,0.0
1,57,143,1.0
1,58,143,1.0
1,59,143,0.0
1,60,143,0.0
1,61,143,0.0
1,62,143,1.0
0,2,144,0.0
0,3,144,0.0
0,4,144,0.0
0,5,144,0.0
0,6,144,0.0
0,7,144,0.0
0,8,144,0.0
0,9,144,0.0
0,10,144,0.0
0,11,144,15.04417429
0,12,144,19.38288418
0,13,144,12.91202047
0,14,144,0.0
0,15,144,0.0
0,16,144,0.0
0,17,144,19.12972711
0,18,144,0.0
0,19,144,24.59862154
0,20,144,4.69375196
0,21,144,6.57732897
0,22,144,0.0
0,23,144,0.0
0,24,144,0.0
0,25,144,0.0
0,26,144,0.0
0,27,144,6.48844832
0,28,144,17.21365607
0,29,144,17.72435358
0,30,144,0.0
0,31,144,9.39305474
0,32,144,0.0
0,33,144,0.0
0,34,144,0.0
0,35,144,0.0
1,36,144,1.0
1,37,144,1.0
1,38,144,1.0
1,39,144,1.0
1,40,144,1.0
1,41,144,1.0
1,42,144,1.0
1,43,144,1.0
1,44,144,0.0
1,45,144,1.0
1,46,144,1.0
1,47,144,1.0
1,48,144,0.0
1,49,144,0.0
1,50,144,1.0
1,51,144,1.0
1,52,144,1.0
1,53,144,0.0
1,54,144,0.0
1,55,144,1.0
1,56,144,1.0
1,57,144,1.0
1,58,144,1.0
1,59,144,0.0
1,60,144,0.0
1,61,144,1.0
1,62,144,1.0
0,2,145,0.0
0,3,145,0.0
0,4,145,0.0
0,5,145,0.0
0,6,145,0.0
0,7,145,0.0
0,8,145,16.53577309
0,9,145,0.0
0,10,145,0.0
0,11,145,0.0
0,12,145,12.19974412
0,13,145,11.66845868
0,14,145,0.0
0,15,145,0.0
0,16,145,12.44416868
0,17,145,0.0
0,18,145,0.0
0,19,145,22.44845352
0,20,145,0.0
0,21,145,0.0
0,22,145,0.0
0,23,145,0.0
0,24,145,0.0
0,25,145,16.83565662
0,26,145,8.50082868
0,27,145,8.72379726
0,28,145,0.0
0,29,145,18.0301533
0,30,145,0.0
0,31,145,6.0899151
0,32,145,0.0
0,33,145,0.0
0,34,145,0.0
0,35,145,0.0
1,36,145,1.0
1,37,145,1.0
1,38,145,0.0
1,39,145,0.0
1,40,145,0.0
1,41,145,0.0
1,42,145,1.0
1,43,145,1.0
1,44,145,1.0
1,45,145,1.0
1,46,145,1.0
1,47,145,1.0
1,48,145,0.0
1,49,145,1.0
1,50,145,1.0
1,51,145,1.0
1,52,145,1.0
1,53,145,0.0
1,54,145,0.0
1,55,145,1.0
1,56,145,1.0
1,57,145,1.0
1,58,145,0.0
1,59,145,0.0
1,60,145,0.0
1,61,145,0.0
1,62,145,1.0
0,2,146,0.0
0,3,146,0.0
0,4,146,0.0
0,5,146,0.0
0,6,146,0.0
0,7,146,0.0
0,8,146,15.17660699
0,9,146,0.0
0,10,146,0.0
0,11,146,9.35531854
0,12,146,17.17060192
0,13,146,12.889477
0,14,146,0.0
0,15,146,0.0
0,16,146,0.0
0,17,146,0.0
0,18,146,0.0
0,19,146,23.18656861
0,20,146,0.0
0,21,146,0.0
0,22,146,0.0
0,23,146,0.0
0,24,146,7.38675569
0,25,146,0.0
0,26,146,0.0
0,27,146,0.0
0,28,146,15.09915404
0,29,146,0.0
0,30,146,0.0
0,31,146,5.33954535
0,32,146,0.0
0,33,146,0.0
0,34,146,0.0
0,35,146,0.0
1,36,146,1.0
1,37,146,1.0
1,38,146,1.0
1,39,146,0.0
1,40,146,0.0
1,41,146,1.0
1,42,146,1.0
1,43,146,1.0
1,44,146,1.0
1,45,146,1.0
1,46,146,1.0
1,47,146,1.0
1,48,146,0.0
1,49,146,1.0
1,50,146,1.0
1,51,146,1.0
1,52,146,1.0
1,53,146,0.0
1,54,146,0.0
1,55,146,0.0
1,56,146,0.0
1,57,146,0.0
1,58,146,1.0
1,59,146,0.0
1,60,146,0.0
1,61,146,0.0
1,62,146,0.0
0,2,147,0.0
0,3,147,0.0
0,4,147,14.19556881
0,5,147,0.0
0,6,147,0.0
0,7,147,0.0
0,8,147,0.0
0,9,147,0.0
0,10,147,0.0
0,11,147,0.0
0,12,147,18.76070869
0,13,147,13.44921175
0,14,147,7.63309596
0,15,147,0.0
0,16,147,0.0
0,17,147,0.0
0,18,147,0.0
0,19,147,23.37154489
0,20,147,0.0
0,21,147,6.98950927
0,22,147,0.0
0,23,147,0.0
0,24,147,10.81215009
0,25,147,0.0
0,26,147,0.0
0,27,147,11.58079782
0,28,147,16.24086471
0,29,147,17.05158187
0,30,147,0.0
0,31,147,8.22489062
0,32,147,0.0
0,33,147,0.0
0,34,147,0.0
0,35,147,0.0
1,36,147,1.0
1,37,147,0.0
1,38,147,0.0
1,39,147,0.0
1,40,147,0.0
1,41,147,1.0
1,42,147,1.0
1,43,147,1.0
1,44,147,0.0
1,45,147,1.0
1,46,147,1.0
1,47,147,1.0
1,48,147,0.0
1,49,147,1.0
1,50,147,1.0
1,51,147,1.0
1,52,147,1.0
1,53,147,0.0
1,54,147,0.0
1,55,147,1.0
1,56,147,1.0
1,57,147,0.0
1,58,147,1.0
1,59,147,0.0
1,60,147,0.0
1,61,147,0.0
1,62,147,1.0
0,2,148,0.0
0,3,148,0.0
0,4,148,0.0
0,5,148,0.0
0,6,148,0.0
0,7,148,0.0
0,8,148,0.0
0,9,148,0.0
0,10,148,0.0
0,11,148,0.0
0,12,148,15.99091874
0,13,148,12.81591253
0,14,148,14.90856137
0,15,148,0.0
0,16,148,0.0
0,17,148,0.0
0,18,148,0.0
0,19,148,22.5382753
0,20,148,0.0
0,21,148,4.59928588
0,22,148,0.0
0,23,148,0.0
0,24,148,11.21289979
0,25,148,0.0
0,26,148,0.0
0,27,148,8.82367901
0,28,148,16.21468496
0,29,148,16.86403
0,30,148,0.0
0,31,148,6.21128882
0,32,148,0.0
0,33,148,0.0
0,34,148,0.0
0,35,148,0.0
1,36,148,1.0
1,37,148,0.0
1,38,148,0.0
1,39,148,1.0
1,40,148,1.0
1,41,148,0.0
1,42,148,1.0
1,43,148,1.0
1,44,148,1.0
1,45,148,1.0
1,46,148,1.0
1,47,148,1.0
1,48,148,0.0
1,49,148,0.0
1,50,148,1.0
1,51,148,1.0
1,52,148,1.0
1,53,148,0.0
1,54,148,0.0
1,55,148,1.0
1,56,148,0.0
1,57,148,0.0
1,58,148,1.0
1,59,148,0.0
1,60,148,0.0
1,61,148,0.0
1,62,148,1.0
0,2,149,0.0
0,3,149,0.0
0,4,149,15.79136085
0,5,149,0.0
0,6,149,0.0
0,7,149,0.0
0,8,149,0.0
0,9,149,0.0
0,10,149,0.0
0,11,149,16.01923683
0,12,149,19.41338475
0,13,149,14.84467088
0,14,149,0.0
0,15,149,0.0
0,16,149,0.0
0,17,149,0.0
0,18,149,0.0
0,19,149,22.85958575
0,20,149,0.0
0,21,149,0.0
0,22,149,0.0
0,23,149,0.0
0,24,149,0.0
0,25,149,0.0
0,26,149,0.0
0,27,149,8.9657266
0,28,149,18.03213523
0,29,149,16.00682642
0,30,149,0.0
0,31,149,8.43649131
0,32,149,0.0
0,33,149,0.0
0,34,149,0.0
0,35,149,0.0
1,36,149,1.0
1,37,149,1.0
1,38,149,1.0
1,39,149,0.0
1,40,149,0.0
1,41,149,0.0
1,42,149,1.0
1,43,149,1.0
1,44,149,1.0
1,45,149,0.0
1,46,149,1.0
1,47,149,0.0
1,48,149,0.0
1,49,149,0.0
1,50,149,0.0
1,51,149,1.0
1,52,149,1.0
1,53,149,0.0
1,54,149,0.0
1,55,149,1.0
1,56,149,0.0
1,57,149,0.0
1,58,149,1.0
1,59,149,0.0
1,60,149,0.0
1,61,149,0.0
1,62,149,0.0
0,2,150,0.0
0,3,150,0.0
0,4,150,0.0
0,5,150,0.0
0,6,150,0.0
0,7,150,0.0
0,8,150,0.0
0,9,150,0.0
0,10,150,0.0
0,11,150,0.0
0,12,150,17.7363428
0,13,150,15.51064309
0,14,150,0.0
0,15,150,0.0
0,16,150,8.76858026
0,17,150,20.47220899
0,18,150,0.0
0,19,150,23.09491183
0,20,150,0.0
0,21,150,0.0
0,22,150,0.0
0,23,150,10.14022052
0,24,150,0.0
0,25,150,0.0
0,26,150,0.0
0,27,150,0.0
0,28,150,17.4903097
0,29,150,16.75264293
0,30,150,0.0
0,31,150,6.89721702
0,32,150,0.0
0,33,150,0.0
0,34,150,0.0
0,35,150,0.0
1,36,150,1.0
1,37,150,1.0
1,38,150,1.0
1,39,150,1.0
1,40,150,1.0
1,41,150,0.0
1,42,150,1.0
1,43,150,1.0
1,44,150,1.0
1,45,150,1.0
1,46,150,1.0
1,47,150,1.0
1,48,150,0.0
1,49,150,0.0
1,50,150,1.0
1,51,150,1.0
1,52,150,1.0
1,53,150,1.0
1,54,150,0.0
1,55,150,1.0
1,56,150,1.0
1,57,150,1.0
1,58,150,1.0
1,59,150,0.0
1,60,150,1.0
1,61,150,0.0
1,62,150,1.0
0,2,151,0.0
0,3,151,0.0
0,4,151,14.68698197
0,5,151,0.0
0,6,151,0.0
0,7,151,0.0
0,8,151,15.80294186
0,9,151,0.0
0,10,151,0.0
0,11,151,16.37870161
0,12,151,16.10175292
0,13,151,12.47304194
0,14,151,0.0
0,15,151,0.0
0,16,151,11.68243486
0,17,151,18.74160279
0,18,151,0.0
0,19,151,21.26180458
0,20,151,8.4761462
0,21,151,4.99669501
0,22,151,0.0
0,23,151,0.0
0,24,151,0.0
0,25,151,0.0
0,26,151,10.81520499
0,27,151,9.94976543
0,28,151,18.49047088
0,29,151,16.69235172
0,30,151,0.0
0,31,151,8.04238065
0,32,151,0.0
0,33,151,0.0
0,34,151,0.0
0,35,151,0.0
1,36,151,1.0
1,37,151,1.0
1,38,151,0.0
1,39,151,0.0
1,40,151,1.0
1,41,151,0.0
1,42,151,1.0
1,43,151,1.0
1,44,151,0.0
1,45,151,1.0
1,46,151,1.0
1,47,151,1.0
1,48,151,0.0
1,49,151,0.0
1,50,151,1.0
1,51,151,1.0
1,52,151,1.0
1,53,151,0.0
1,54,151,0.0
1,55,151,1.0
1,56,151,0.0
1,57,151,1.0
1,58,151,1.0
1,59,151,1.0
1,60,151,1.0
1,61,151,0.0
1,62,151,0.0
0,2,152,0.0
0,3,152,0.0
0,4,152,0.0
0,5,152,0.0
0,6,152,0.0
0,7,152,0.0
0,8,152,15.94991359
0,9,152,0.0
0,10,152,0.0
0,11,152,0.0
0,12,152,17.70561483
0,13,152,11.49609077
0,14,152,0.0
0,15,152,0.0
0,16,152,0.0
0,17,152,0.0
0,18,152,0.0
0,19,152,23.32182555
0,20,152,0.0
0,21,152,7.84999808
0,22,152,0.0
0,23,152,0.0
0,24,152,0.0
0,25,152,0.0
0,26,152,0.0
0,27,152,0.0
0,28,152,0.0
0,29,152,15.15056156
0,30,152,0.0
0,31,152,7.48848148
0,32,152,0.0
0,33,152,0.0
0,34,152,0.0
0,35,152,0.0
1,36,152,1.0
1,37,152,0.0
1,38,152,0.0
1,39,152,0.0
1,40,152,0.0
1,41,152,1.0
1,42,152,1.0
1,43,152,1.0
1,44,152,0.0
1,45,152,1.0
1,46,152,1.0
1,47,152,1.0
1,48,152,0.0
1,49,152,0.0
1,50,152,1.0
1,51,152,1.0
1,52,152,1.0
1,53,152,0.0
1,54,152,0.0
1,55,152,1.0
1,56,152,0.0
1,57,152,0.0
1,58,152,1.0
1,59,152,0.0
1,60,152,1.0
1,61,152,0.0
1,62,152,1.0
0,2,153,0.0
0,3,153,0.0
0,4,153,15.83740737
0,5,153,0.0
0,6,153,0.0
0,7,153,0.0
0,8,153,20.25627711
0,9,153,0.0
0,10,153,0.0
0,11,153,0.0
0,12,153,13.83208125
0,13,153,6.53581617
0,14,153,0.0
0,15,153,0.0
0,16,153,11.14643593
0,17,153,0.0
0,18,153,0.0
0,19,153,20.1868175
0,20,153,14.46060027
0,21,153,0.0
0,22,153,0.0
0,23,153,0.0
0,24,153,0.0
0,25,153,13.51559111
0,26,153,0.0
0,27,153,5.64474653
0,28,153,15.91766428
0,29,153,14.22874841
0,30,153,0.0
0,31,153,6.39949243
0,32,153,0.0
0,33,153,0.0
0,34,153,0.0
0,35,153,0.0
1,36,153,1.0
1,37,153,1.0
1,38,153,0.0
1,39,153,1.0
1,40,153,0.0
1,41,153,1.0
1,42,153,1.0
1,43,153,1.0
1,44,153,1.0
1,45,153,1.0
1,46,153,1.0
1,47,153,1.0
1,48,153,0.0
1,49,153,0.0
1,50,153,1.0
1,51,153,1.0
1,52,153,1.0
1,53,153,1.0
1,54,153,0.0
1,55,153,1.0
1,56,153,0.0
1,57,153,1.0
1,58,153,1.0
1,59,153,0.0
1,60,153,1.0
1,61,153,0.0
1,62,153,0.0
0,2,154,0.0
0,3,154,0.0
0,4,154,0.0
0,5,154,0.0
0,6,154,0.0
0,7,154,0.0
0,8,154,17.86830587
0,9,154,0.0
0,10,154,0.0
0,11,154,0.0
0,12,154,13.90289075
0,13,154,8.92029715
0,14,154,0.0
0,15,154,0.0
0,16,154,8.43483549
0,17,154,0.0
0,18,154,0.0
0,19,154,21.67683842
0,20,154,0.0
0,21,154,0.0
0,22,154,0.0
0,23,154,0.0
0,24,154,0.0
0,25,154,0.0
0,26,154,10.70611467
0,27,154,6.68981367
0,28,154,14.99348916
0,29,154,10.08201503
0,30,154,0.0
0,31,154,6.08604944
0,32,154,9.50391778
0,33,154,0.0
0,34,154,0.0
0,35,154,0.0
1,36,154,1.0
1,37,154,1.0
1,38,154,0.0
1,39,154,1.0
1,40,154,1.0
1,41,154,1.0
1,42,154,1.0
1,43,154,1.0
1,44,154,1.0
1,45,154,1.0
1,46,154,1.0
1,47,154,1.0
1,48,154,0.0
1,49,154,0.0
1,50,154,1.0
1,51,154,1.0
1,52,154,1.0
1,53,154,0.0
1,54,154,0.0
1,55,154,1.0
1,56,154,0.0
1,57,154,1.0
1,58,154,1.0
1,59,154,0.0
1,60,154,1.0
1,61,154,0.0
1,62,154,0.0
0,2,155,0.0
0,3,155,0.0
0,4,155,15.52540901
0,5,155,0.0
0,6,155,0.0
0,7,155,0.0
0,8,155,18.82830563
0,9,155,0.0
0,10,155,0.0
0,11,155,14.67422037
0,12,155,0.0
0,13,155,7.6006326
0,14,155,0.0
0,15,155,0.0
0,16,155,6.44487055
0,17,155,0.0
0,18,155,0.0
0,19,155,20.21138492
0,20,155,13.69127394
0,21,155,4.17895334
0,22,155,0.0
0,23,155,0.0
0,24,155,7.5097116
0,25,155,0.0
0,26,155,8.69022113
0,27,155,0.0
0,28,155,16.26293984
0,29,155,16.21611539
0,30,155,0.0
0,31,155,5.83447386
0,32,155,0.0
0,33,155,0.0
0,34,155,0.0
0,35,155,0.0
1,36,155,1.0
1,37,155,1.0
1,38,155,0.0
1,39,155,0.0
1,40,155,1.0
1,41,155,1.0
1,42,155,1.0
1,43,155,1.0
1,44,155,1.0
1,45,155,1.0
1,46,155,1.0
1,47,155,1.0
1,48,155,0.0
1,49,155,0.0
1,50,155,1.0
1,51,155,1.0
1,52,155,1.0
1,53,155,0.0
1,54,155,0.0
1,55,155,1.0
1,56,155,0.0
1,57,155,0.0
1,58,155,1.0
1,59,155,1.0
1,60,155,0.0
1,61,155,0.0
1,62,155,1.0
0,2,156,0.0
0,3,156,0.0
0,4,156,14.9745185
0,5,156,0.0
0,6,156,0.0
0,7,156,0.0
0,8,156,14.74524773
0,9,156,0.0
0,10,156,0.0
0,11,156,10.33176934
0,12,156,12.66205972
0,13,156,11.38881051
0,14,156,0.0
0,15,156,0.0
0,16,156,0.0
0,17,156,0.0
0,18,156,0.0
0,19,156,22.54422975
0,20,156,0.0
0,21,156,0.0
0,22,156,0.0
0,23,156,0.0
0,24,156,0.0
0,25,156,0.0
0,26,156,6.33060332
0,27,156,0.0
0,28,156,18.40613924
0,29,156,14.76803195
0,30,156,0.0
0,31,156,8.89402288
0,32,156,0.0
0,33,156,0.0
0,34,156,0.0
0,35,156,0.0
1,36,156,1.0
1,37,156,1.0
1,38,156,0.0
1,39,156,0.0
1,40,156,0.0
1,41,156,0.0
1,42,156,1.0
1,43,156,1.0
1,44,156,1.0
1,45,156,1.0
1,46,156,1.0
1,47,156,1.0
1,48,156,0.0
1,49,156,0.0
1,50,156,1.0
1,51,156,1.0
1,52,156,1.0
1,53,156,0.0
1,54,156,0.0
1,55,156,1.0
1,56,156,0.0
1,57,156,0.0
1,58,156,1.0
1,59,156,0.0
1,60,156,0.0
1,61,156,0.0
1,62,156,1.0
0,2,157,0.0
0,3,157,0.0
0,4,157,16.60608133
0,5,157,0.0
0,6,157,0.0
0,7,157,0.0
0,8,157,16.18478393
0,9,157,0.0
0,10,157,0.0
0,11,157,15.19631139
0,12,157,16.67871768
0,13,157,10.4831744
0,14,157,0.0
0,15,157,0.0
0,16,157,11.4519283
0,17,157,0.0
0,18,157,0.0
0,19,157,19.19476059
0,20,157,0.0
0,21,157,0.0
0,22,157,0.0
0,23,157,0.0
0,24,157,0.0
0,25,157,0.0
0,26,157,9.61921844
0,27,157,0.0
0,28,157,0.0
0,29,157,19.08349799
0,30,157,0.0
0,31,157,6.92145917
0,32,157,0.0
0,33,157,0.0
0,34,157,0.0
0,35,157,0.0
1,36,157,1.0
1,37,157,1.0
1,38,157,0.0
1,39,157,0.0
1,40,157,1.0
1,41,157,1.0
1,42,157,0.0
1,43,157,1.0
1,44,157,1.0
1,45,157,1.0
1,46,157,1.0
1,47,157,1.0
1,48,157,0.0
1,49,157,0.0
1,50,157,1.0
1,51,157,1.0
1,52,157,1.0
1,53,157,1.0
1,54,157,1.0
1,55,157,1.0
1,56,157,0.0
1,57,157,0.0
1,58,157,1.0
1,59,157,0.0
1,60,157,1.0
1,61,157,1.0
1,62,157,0.0
0,2,158,0.0
0,3,158,0.0
0,4,158,15.48584772
0,5,158,0.0
0,6,158,0.0
0,7,158,0.0
0,8,158,19.11022475
0,9,158,0.0
0,10,158,0.0
0,11,158,0.0
0,12,158,0.0
0,13,158,7.05510017
0,14,158,0.0
0,15,158,0.0
0,16,158,7.30827316
0,17,158,0.0
0,18,158,0.0
0,19,158,21.76237164
0,20,158,0.0
0,21,158,7.45834948
0,22,158,0.0
0,23,158,0.0
0,24,158,8.48038514
0,25,158,16.69317153
0,26,158,5.51074646
0,27,158,0.0
0,28,158,14.1609755
0,29,158,18.15175574
0,30,158,0.0
0,31,158,9.07820799
0,32,158,7.15120812
0,33,158,0.0
0,34,158,0.0
0,35,158,0.0
1,36,158,1.0
1,37,158,1.0
1,38,158,0.0
1,39,158,0.0
1,40,158,0.0
1,41,158,0.0
1,42,158,1.0
1,43,158,1.0
1,44,158,0.0
1,45,158,1.0
1,46,158,1.0
1,47,158,1.0
1,48,158,0.0
1,49,158,0.0
1,50,158,1.0
1,51,158,1.0
1,52,158,1.0
1,53,158,0.0
1,54,158,0.0
1,55,158,1.0
1,56,158,0.0
1,57,158,1.0
1,58,158,1.0
1,59,158,0.0
1,60,158,0.0
1,61,158,0.0
1,62,158,1.0
0,2,159,0.0
0,3,159,0.0
0,4,159,0.0
0,5,159,0.0
0,6,159,0.0
0,7,159,0.0
0,8,159,15.44978344
0,9,159,0.0
0,10,159,0.0
0,11,159,0.0
0,12,159,0.0
0,13,159,11.40221271
0,14,159,15.36574669
0,15,159,0.0
0,16,159,6.72314232
0,17,159,0.0
0,18,159,0.0
0,19,159,21.40206204
0,20,159,0.0
0,21,159,6.44747697
0,22,159,0.0
0,23,159,0.0
0,24,159,0.0
0,25,159,0.0
0,26,159,10.97508104
0,27,159,0.0
0,28,159,0.0
0,29,159,17.93072596
0,30,159,0.0
0,31,159,7.54956507
0,32,159,0.0
0,33,159,0.0
0,34,159,0.0
0,35,159,0.0
1,36,159,1.0
1,37,159,1.0
1,38,159,0.0
1,39,159,0.0
1,40,159,1.0
1,41,159,0.0
1,42,159,1.0
1,43,159,1.0
1,44,159,0.0
1,45,159,1.0
1,46,159,1.0
1,47,159,1.0
1,48,159,0.0
1,49,159,1.0
1,50,159,1.0
1,51,159,1.0
1,52,159,1.0
1,53,159,0.0
1,54,159,0.0
1,55,159,1.0
1,56,159,0.0
1,57,159,0.0
1,58,159,1.0
1,59,159,0.0
1,60,159,0.0
1,61,159,0.0
1,62,159,1.0
0,2,160,0.0
0,3,160,0.0
0,4,160,19.50271273
0,5,160,0.0
0,6,160,0.0
0,7,160,0.0
0,8,160,18.89509722
0,9,160,0.0
0,10,160,16.88420463
0,11,160,0.0
0,12,160,14.18988389
0,13,160,9.73526069
0,14,160,16.09613909
0,15,160,0.0
0,16,160,14.22229043
0,17,160,0.0
0,18,160,0.0
0,19,160,20.94348657
0,20,160,14.59291442
0,21,160,0.0
0,22,160,0.0
0,23,160,7.22661294
0,24,160,0.0
0,25,160,19.13162965
0,26,160,0.0
0,27,160,8.32868939
0,28,160,14.22703147
0,29,160,0.0
0,30,160,0.0
0,31,160,8.06823294
0,32,160,0.0
0,33,160,0.0
0,34,160,0.0
0,35,160,0.0
1,36,160,1.0
1,37,160,1.0
1,38,160,0.0
1,39,160,0.0
1,40,160,0.0
1,41,160,1.0
1,42,160,0.0
1,43,160,1.0
1,44,160,1.0
1,45,160,1.0
1,46,160,1.0
1,47,160,1.0
1,48,160,0.0
1,49,160,0.0
1,50,160,1.0
1,51,160,1.0
1,52,160,1.0
1,53,160,0.0
1,54,160,0.0
1,55,160,1.0
1,56,160,0.0
1,57,160,0.0
1,58,160,1.0
1,59,160,0.0
1,60,160,0.0
1,61,160,0.0
1,62,160,0.0
0,2,161,0.0
0,3,161,0.0
0,4,161,18.97346459
0,5,161,0.0
0,6,161,0.0
0,7,161,0.0
0,8,161,19.4610549
0,9,161,0.0
0,10,161,16.83628139
0,11,161,0.0
0,12,161,0.0
0,13,161,5.01783901
0,14,161,0.0
0,15,161,0.0
0,16,161,10.08370186
0,17,161,0.0
0,18,161,0.0
0,19,161,19.66323042
0,20,161,15.10214936
0,21,161,8.73666564
0,22,161,0.0
0,23,161,0.0
0,24,161,7.13522767
0,25,161,16.95759975
0,26,161,5.34893778
0,27,161,0.0
0,28,161,15.17735724
0,29,161,17.09423951
0,30,161,0.0
0,31,161,8.10399111
0,32,161,0.0
0,33,161,0.0
0,34,161,0.0
0,35,161,0.0
1,36,161,1.0
1,37,161,1.0
1,38,161,0.0
1,39,161,0.0
1,40,161,0.0
1,41,161,0.0
1,42,161,1.0
1,43,161,1.0
1,44,161,1.0
1,45,161,0.0
1,46,161,1.0
1,47,161,1.0
1,48,161,0.0
1,49,161,0.0
1,50,161,0.0
1,51,161,0.0
1,52,161,1.0
1,53,161,0.0
1,54,161,0.0
1,55,161,1.0
1,56,161,1.0
1,57,161,0.0
1,58,161,1.0
1,59,161,0.0
1,60,161,1.0
1,61,161,0.0
1,62,161,0.0
0,2,162,0.0
0,3,162,0.0
0,4,162,0.0
0,5,162,0.0
0,6,162,0.0
0,7,162,0.0
0,8,162,18.0461421
0,9,162,0.0
0,10,162,0.0
0,11,162,0.0
0,12,162,14.2661757
0,13,162,8.15597218
0,14,162,0.0
0,15,162,0.0
0,16,162,0.0
0,17,162,0.0
0,18,162,0.0
0,19,162,22.94993435
0,20,162,11.38434023
0,21,162,6.82403837
0,22,162,0.0
0,23,162,7.76390418
0,24,162,0.0
0,25,162,0.0
0,26,162,9.92478052
0,27,162,12.03827111
0,28,162,18.02545081
0,29,162,16.9530902
0,30,162,0.0
0,31,162,8.44978453
0,32,162,9.55977163
0,33,162,0.0
0,34,162,0.0
0,35,162,0.0
1,36,162,1.0
1,37,162,1.0
1,38,162,0.0
1,39,162,0.0
1,40,162,1.0
1,41,162,1.0
1,42,162,1.0
1,43,162,1.0
1,44,162,1.0
1,45,162,1.0
1,46,162,1.0
1,47,162,1.0
1,48,162,0.0
1,49,162,1.0
1,50,162,1.0
1,51,162,1.0
1,52,162,1.0
1,53,162,0.0
1,54,162,0.0
1,55,162,1.0
1,56,162,0.0
1,57,162,0.0
1,58,162,1.0
1,59,162,1.0
1,60,162,0.0
1,61,162,0.0
1,62,162,0.0
0,2,163,0.0
0,3,163,0.0
0,4,163,16.32047998
0,5,163,0.0
0,6,163,0.0
0,7,163,0.0
0,8,163,19.82022148
0,9,163,0.0
0,10,163,15.44015419
0,11,163,0.0
0,12,163,15.26123153
0,13,163,8.25745273
0,14,163,0.0
0,15,163,0.0
0,16,163,6.12046699
0,17,163,15.01620586
0,18,163,0.0
0,19,163,20.53292411
0,20,163,13.33523889
0,21,163,7.74624107
0,22,163,0.0
0,23,163,0.0
0,24,163,0.0
0,25,163,17.20200379
0,26,163,8.97507088
0,27,163,13.55946803
0,28,163,17.74168125
0,29,163,18.8385627
0,30,163,0.0
0,31,163,0.0
0,32,163,0.0
0,33,163,0.0
0,34,163,0.0
0,35,163,0.0
1,36,163,1.0
1,37,163,1.0
1,38,163,0.0
1,39,163,1.0
1,40,163,1.0
1,41,163,1.0
1,42,163,1.0
1,43,163,0.0
1,44,163,1.0
1,45,163,1.0
1,46,163,1.0
1,47,163,1.0
1,48,163,0.0
1,49,163,0.0
1,50,163,1.0
1,51,163,1.0
1,52,163,1.0
1,53,163,0.0
1,54,163,0.0
1,55,163,1.0
1,56,163,0.0
1,57,163,0.0
1,58,163,1.0
1,59,163,1.0
1,60,163,1.0
1,61,163,0.0
1,62,163,0.0
0,2,164,0.0
0,3,164,0.0
0,4,164,18.16025144
0,5,164,0.0
0,6,164,0.0
0,7,164,0.0
0,8,164,19.40740601
0,9,164,0.0
0,10,164,0.0
0,11,164,16.03336275
0,12,164,0.0
0,13,164,7.89687431
0,14,164,0.0
0,15,164,0.0
0,16,164,9.93215467
0,17,164,0.0
0,18,164,0.0
0,19,164,18.95428076
0,20,164,13.23452455
0,21,164,0.0
0,22,164,0.0
0,23,164,0.0
0,24,164,0.0
0,25,164,15.52728153
0,26,164,10.97405124
0,27,164,10.96689145
0,28,164,18.7948041
0,29,164,18.61795483
0,30,164,0.0
0,31,164,6.72438855
0,32,164,0.0
0,33,164,0.0
0,34,164,0.0
0,35,164,0.0
1,36,164,1.0
1,37,164,1.0
1,38,164,0.0
1,39,164,0.0
1,40,164,1.0
1,41,164,0.0
1,42,164,1.0
1,43,164,1.0
1,44,164,1.0
1,45,164,0.0
1,46,164,1.0
1,47,164,1.0
1,48,164,0.0
1,49,164,0.0
1,50,164,1.0
1,51,164,1.0
1,52,164,1.0
1,53,164,0.0
1,54,164,0.0
1,55,164,1.0
1,56,164,0.0
1,57,164,0.0
1,58,164,1.0
1,59,164,1.0
1,60,164,1.0
1,61,164,0.0
1,62,164,0.0
0,2,165,0.0
0,3,165,0.0
0,4,165,0.0
0,5,165,0.0
0,6,165,0.0
0,7,165,0.0
0,8,165,18.56068907
0,9,165,0.0
0,10,165,0.0
0,11,165,0.0
0,12,165,0.0
0,13,165,8.63913824
0,14,165,0.0
0,15,165,0.0
0,16,165,11.10804851
0,17,165,0.0
0,18,165,0.0
0,19,165,20.94615545
0,20,165,0.0
0,21,165,7.24564838
0,22,165,0.0
0,23,165,0.0
0,24,165,0.0
0,25,165,15.84104078
0,26,165,0.0
0,27,165,13.75002153
0,28,165,17.16058888
0,29,165,16.36166039
0,30,165,0.0
0,31,165,8.83216265
0,32,165,5.4020227
0,33,165,0.0
0,34,165,0.0
0,35,165,13.75199201
1,36,165,1.0
1,37,165,1.0
1,38,165,0.0
1,39,165,1.0
1,40,165,1.0
1,41,165,0.0
1,42,165,1.0
1,43,165,1.0
1,44,165,1.0
1,45,165,1.0
1,46,165,1.0
1,47,165,1.0
1,48,165,0.0
1,49,165,0.0
1,50,165,1.0
1,51,165,1.0
1,52,165,1.0
1,53,165,1.0
1,54,165,0.0
1,55,165,1.0
1,56,165,0.0
1,57,165,0.0
1,58,165,1.0
1,59,165,1.0
1,60,165,1.0
1,61,165,0.0
1,62,165,0.0
0,2,166,0.0
0,3,166,0.0
0,4,166,19.36279794
0,5,166,15.71877503
0,6,166,0.0
0,7,166,0.0
0,8,166,17.24260654
0,9,166,0.0
0,10,166,0.0
0,11,166,0.0
0,12,166,0.0
0,13,166,8.17322869
0,14,166,0.0
0,15,166,0.0
0,16,166,13.93069805
0,17,166,0.0
0,18,166,0.0
0,19,166,20.29963511
0,20,166,14.2765936
0,21,166,7.14961945
0,22,166,0.0
0,23,166,0.0
0,24,166,0.0
0,25,166,16.86673969
0,26,166,7.03297777
0,27,166,8.7602197
0,28,166,0.0
0,29,166,17.7860402
0,30,166,0.0
0,31,166,0.0
0,32,166,0.0
0,33,166,0.0
0,34,166,0.0
0,35,166,0.0
1,36,166,1.0
1,37,166,1.0
1,38,166,0.0
1,39,166,0.0
1,40,166,1.0
1,41,166,0.0
1,42,166,1.0
1,43,166,1.0
1,44,166,1.0
1,45,166,1.0
1,46,166,1.0
1,47,166,1.0
1,48,166,0.0
1,49,166,1.0
1,50,166,1.0
1,51,166,1.0
1,52,166,1.0
1,53,166,1.0
1,54,166,0.0
1,55,166,1.0
1,56,166,0.0
1,57,166,1.0
1,58,166,1.0
1,59,166,1.0
1,60,166,1.0
1,61,166,0.0
1,62,166,1.0
0,2,167,0.0
0,3,167,0.0
0,4,167,15.77086255
0,5,167,0.0
0,6,167,0.0
0,7,167,0.0
0,8,167,18.66168987
0,9,167,0.0
0,10,167,15.36082842
0,11,167,0.0
0,12,167,0.0
0,13,167,2.92020968
0,14,167,0.0
0,15,167,0.0
0,16,167,0.0
0,17,167,0.0
0,18,167,0.0
0,19,167,17.77661058
0,20,167,0.0
0,21,167,0.0
0,22,167,0.0
0,23,167,0.0
0,24,167,8.93636387
0,25,167,15.04684656
0,26,167,7.74658707
0,27,167,0.0
0,28,167,15.74230273
0,29,167,16.21321491
0,30,167,0.0
0,31,167,0.0
0,32,167,0.0
0,33,167,0.0
0,34,167,0.0
0,35,167,0.0
1,36,167,1.0
1,37,167,1.0
1,38,167,1.0
1,39,167,0.0
1,40,167,1.0
1,41,167,0.0
1,42,167,1.0
1,43,167,1.0
1,44,167,1.0
1,45,167,0.0
1,46,167,1.0
1,47,167,1.0
1,48,167,0.0
1,49,167,1.0
1,50,167,1.0
1,51,167,1.0
1,52,167,1.0
1,53,167,1.0
1,54,167,0.0
1,55,167,1.0
1,56,167,0.0
1,57,167,1.0
1,58,167,1.0
1,59,167,1.0
1,60,167,1.0
1,61,167,0.0
1,62,167,1.0
0,2,168,0.0
0,3,168,13.26697195
0,4,168,0.0
0,5,168,15.33544903
0,6,168,0.0
0,7,168,0.0
0,8,168,18.03753031
0,9,168,0.0
0,10,168,0.0
0,11,168,0.0
0,12,168,12.65067894
0,13,168,12.49766855
0,14,168,15.50659938
0,15,168,0.0
0,16,168,10.91348757
0,17,168,0.0
0,18,168,6.38099884
0,19,168,19.27181616
0,20,168,0.0
0,21,168,5.77123276
0,22,168,0.0
0,23,168,8.39848524
0,24,168,0.0
0,25,168,13.25018348
0,26,168,8.5539729
0,27,168,0.0
0,28,168,17.21330824
0,29,168,21.39751803
0,30,168,0.0
0,31,168,2.85933826
0,32,168,0.0
0,33,168,0.0
0,34,168,0.0
0,35,168,0.0
1,36,168,1.0
1,37,168,1.0
1,38,168,0.0
1,39,168,1.0
1,40,168,1.0
1,41,168,1.0
1,42,168,1.0
1,43,168,1.0
1,44,168,1.0
1,45,168,1.0
1,46,168,1.0
1,47,168,1.0
1,48,168,0.0
1,49,168,0.0
1,50,168,1.0
1,51,168,1.0
1,52,168,1.0
1,53,168,0.0
1,54,168,0.0
1,55,168,1.0
1,56,168,0.0
1,57,168,1.0
1,58,168,1.0
1,59,168,1.0
1,60,168,1.0
1,61,168,1.0
1,62,168,1.0
0,2,169,0.0
0,3,169,16.30867336
0,4,169,0.0
0,5,169,0.0
0,6,169,0.0
0,7,169,0.0
0,8,169,15.35178029
0,9,169,0.0
0,10,169,0.0
0,11,169,0.0
0,12,169,0.0
0,13,169,7.92145992
0,14,169,15.77838259
0,15,169,0.0
0,16,169,13.6664079
0,17,169,0.0
0,18,169,0.0
0,19,169,20.92261164
0,20,169,0.0
0,21,169,0.0
0,22,169,0.0
0,23,169,0.0
0,24,169,6.86170687
0,25,169,15.32206949
0,26,169,8.91078319
0,27,169,0.0
0,28,169,17.7718534
0,29,169,17.29957388
0,30,169,12.87812492
0,31,169,4.15687623
0,32,169,9.18443684
0,33,169,0.0
0,34,169,0.0
0,35,169,0.0
1,36,169,1.0
1,37,169,1.0
1,38,169,1.0
1,39,169,0.0
1,40,169,0.0
1,41,169,1.0
1,42,169,1.0
1,43,169,1.0
1,44,169,1.0
1,45,169,1.0
1,46,169,1.0
1,47,169,1.0
1,48,169,0.0
1,49,169,0.0
1,50,169,1.0
1,51,169,1.0
1,52,169,1.0
1,53,169,1.0
1,54,169,0.0
1,55,169,1.0
1,56,169,0.0
1,57,169,1.0
1,58,169,1.0
1,59,169,1.0
1,60,169,1.0
1,61,169,0.0
1,62,169,0.0
0,2,170,0.0
0,3,170,0.0
0,4,170,15.80104014
0,5,170,0.0
0,6,170,0.0
0,7,170,0.0
0,8,170,17.69369562
0,9,170,0.0
0,10,170,0.0
0,11,170,14.82182446
0,12,170,21.17292833
0,13,170,12.7793636
0,14,170,0.0
0,15,170,0.0
0,16,170,8.98757665
0,17,170,15.67488145
0,18,170,0.0
0,19,170,22.55098167
0,20,170,12.81918433
0,21,170,7.90864956
0,22,170,0.0
0,23,170,0.0
0,24,170,10.64260777
0,25,170,15.7069857
0,26,170,4.39805857
0,27,170,14.50968486
0,28,170,17.50353802
0,29,170,17.7419765
0,30,170,0.0
0,31,170,6.3545066
0,32,170,7.18606981
0,33,170,0.0
0,34,170,0.0
0,35,170,0.0
1,36,170,1.0
1,37,170,1.0
1,38,170,1.0
1,39,170,0.0
1,40,170,0.0
1,41,170,1.0
1,42,170,1.0
1,43,170,1.0
1,44,170,1.0
1,45,170,1.0
1,46,170,1.0
1,47,170,1.0
1,48,170,0.0
1,49,170,0.0
1,50,170,1.0
1,51,170,1.0
1,52,170,1.0
1,53,170,1.0
1,54,170,0.0
1,55,170,1.0
1,56,170,0.0
1,57,170,1.0
1,58,170,1.0
1,59,170,1.0
1,60,170,1.0
1,61,170,1.0
1,62,170,1.0
0,2,171,0.0
0,3,171,0.0
0,4,171,18.90717077
0,5,171,0.0
0,6,171,0.0
0,7,171,0.0
0,8,171,16.95384431
0,9,171,0.0
0,10,171,0.0
0,11,171,15.20165586
0,12,171,19.33846155
0,13,171,15.97015822
0,14,171,0.0
0,15,171,0.0
0,16,171,12.59492307
0,17,171,0.0
0,18,171,0.0
0,19,171,24.58778443
0,20,171,13.28385193
0,21,171,9.17641158
0,22,171,0.0
0,23,171,0.0
0,24,171,0.0
0,25,171,0.0
0,26,171,9.86908084
0,27,171,0.0
0,28,171,18.42249893
0,29,171,17.50310982
0,30,171,0.0
0,31,171,10.33396334
0,32,171,5.80643889
0,33,171,0.0
0,34,171,5.63295753
0,35,171,0.0
1,36,171,1.0
1,37,171,1.0
1,38,171,0.0
1,39,171,0.0
1,40,171,0.0
1,41,171,1.0
1,42,171,1.0
1,43,171,1.0
1,44,171,1.0
1,45,171,1.0
1,46,171,1.0
1,47,171,1.0
1,48,171,0.0
1,49,171,1.0
1,50,171,1.0
1,51,171,1.0
1,52,171,1.0
1,53,171,1.0
1,54,171,0.0
1,55,171,1.0
1,56,171,0.0
1,57,171,1.0
1,58,171,1.0
1,59,171,0.0
1,60,171,1.0
1,61,171,1.0
1,62,171,1.0
0,2,172,0.0
0,3,172,0.0
0,4,172,17.803581
0,5,172,0.0
0,6,172,0.0
0,7,172,0.0
0,8,172,20.04417627
0,9,172,0.0
0,10,172,0.0
0,11,172,0.0
0,12,172,0.0
0,13,172,10.4769482
0,14,172,0.0
0,15,172,16.05998985
0,16,172,13.24628066
0,17,172,0.0
0,18,172,0.0
0,19,172,21.76737122
0,20,172,14.2753767
0,21,172,5.36606171
0,22,172,0.0
0,23,172,0.0
0,24,172,0.0
0,25,172,16.18658318
0,26,172,12.40859319
0,27,172,10.60042771
0,28,172,16.45908746
0,29,172,16.84040851
0,30,172,12.28566404
0,31,172,0.0
0,32,172,11.00706338
0,33,172,15.5967874
0,34,172,0.0
0,35,172,0.0
1,36,172,1.0
1,37,172,0.0
1,38,172,0.0
1,39,172,0.0
1,40,172,0.0
1,41,172,0.0
1,42,172,1.0
1,43,172,1.0
1,44,172,0.0
1,45,172,1.0
1,46,172,1.0
1,47,172,1.0
1,48,172,0.0
1,49,172,0.0
1,50,172,1.0
1,51,172,1.0
1,52,172,1.0
1,53,172,1.0
1,54,172,0.0
1,55,172,1.0
1,56,172,0.0
1,57,172,1.0
1,58,172,1.0
1,59,172,1.0
1,60,172,1.0
1,61,172,1.0
1,62,172,0.0
0,2,173,0.0
0,3,173,17.27301479
0,4,173,19.69824288
0,5,173,0.0
0,6,173,0.0
0,7,173,0.0
0,8,173,17.79886545
0,9,173,0.0
0,10,173,0.0
0,11,173,16.04171493
0,12,173,13.90435461
0,13,173,5.60443957
0,14,173,0.0
0,15,173,15.69916793
0,16,173,7.0884516
0,17,173,0.0
0,18,173,16.10585928
0,19,173,20.25718279
0,20,173,12.71392763
0,21,173,0.0
0,22,173,0.0
0,23,173,0.0
0,24,173,0.0
0,25,173,14.52541931
0,26,173,9.67505821
0,27,173,0.0
0,28,173,17.17050309
0,29,173,17.66373464
0,30,173,13.7378569
0,31,173,7.6599907
0,32,173,0.0
0,33,173,0.0
0,34,173,0.0
0,35,173,0.0
1,36,173,1.0
1,37,173,1.0
1,38,173,0.0
1,39,173,1.0
1,40,173,0.0
1,41,173,1.0
1,42,173,1.0
1,43,173,1.0
1,44,173,1.0
1,45,173,1.0
1,46,173,1.0
1,47,173,1.0
1,48,173,0.0
1,49,173,1.0
1,50,173,1.0
1,51,173,1.0
1,52,173,1.0
1,53,173,1.0
1,54,173,0.0
1,55,173,1.0
1,56,173,0.0
1,57,173,1.0
1,58,173,1.0
1,59,173,1.0
1,60,173,0.0
1,61,173,0.0
1,62,173,0.0
0,2,174,0.0
0,3,174,0.0
0,4,174,0.0
0,5,174,16.88656555
0,6,174,0.0
0,7,174,0.0
0,8,174,19.90915141
0,9,174,0.0
0,10,174,17.34631683
0,11,174,0.0
0,12,174,16.44669574
0,13,174,7.88998394
0,14,174,13.61023157
0,15,174,0.0
0,16,174,16.65933453
0,17,174,0.0
0,18,174,0.0
0,19,174,23.51257485
0,20,174,12.95966738
0,21,174,9.44911003
0,22,174,0.0
0,23,174,6.98490022
0,24,174,0.0
0,25,174,15.5360557
0,26,174,10.44223658
0,27,174,15.29765258
0,28,174,18.3650287
0,29,174,18.44418106
0,30,174,0.0
0,31,174,10.02570512
0,32,174,6.38390479
0,33,174,0.0
0,34,174,0.0
0,35,174,0.0
1,36,174,1.0
1,37,174,1.0
1,38,174,0.0
1,39,174,0.0
1,40,174,0.0
1,41,174,1.0
1,42,174,1.0
1,43,174,1.0
1,44,174,0.0
1,45,174,1.0
1,46,174,1.0
1,47,174,1.0
1,48,174,0.0
1,49,174,1.0
1,50,174,1.0
1,51,174,1.0
1,52,174,1.0
1,53,174,0.0
1,54,174,0.0
1,55,174,1.0
1,56,174,1.0
1,57,174,0.0
1,58,174,1.0
1,59,174,1.0
1,60,174,1.0
1,61,174,0.0
1,62,174,1.0
0,2,175,0.0
0,3,175,0.0
0,4,175,19.51861079
0,5,175,0.0
0,6,175,0.0
0,7,175,0.0
0,8,175,19.72277314
0,9,175,0.0
0,10,175,16.62274954
0,11,175,0.0
0,12,175,0.0
0,13,175,8.54521711
0,14,175,0.0
0,15,175,0.0
0,16,175,14.53983934
0,17,175,0.0
0,18,175,0.0
0,19,175,20.3003881
0,20,175,11.71439027
0,21,175,2.98396111
0,22,175,0.0
0,23,175,0.0
0,24,175,0.0
0,25,175,17.50716565
0,26,175,10.99089088
0,27,175,14.86518205
0,28,175,16.95994434
0,29,175,19.16070443
0,30,175,0.0
0,31,175,10.23212512
0,32,175,8.95134305
0,33,175,10.13281357
0,34,175,0.0
0,35,175,0.0
1,36,175,1.0
1,37,175,1.0
1,38,175,0.0
1,39,175,0.0
1,40,175,0.0
1,41,175,1.0
1,42,175,1.0
1,43,175,1.0
1,44,175,1.0
1,45,175,1.0
1,46,175,1.0
1,47,175,1.0
1,48,175,1.0
1,49,175,1.0
1,50,175,1.0
1,51,175,1.0
1,52,175,1.0
1,53,175,1.0
1,54,175,0.0
1,55,175,1.0
1,56,175,0.0
1,57,175,0.0
1,58,175,1.0
1,59,175,1.0
1,60,175,1.0
1,61,175,0.0
1,62,175,1.0
0,2,176,0.0
0,3,176,0.0
0,4,176,19.03325494
0,5,176,16.03925915
0,6,176,0.0
0,7,176,0.0
0,8,176,20.96016576
0,9,176,17.89968902
0,10,176,18.78619915
0,11,176,13.90196989
0,12,176,17.52842596
0,13,176,5.36563488
0,14,176,15.80178803
0,15,176,0.0
0,16,176,15.0775997
0,17,176,0.0
0,18,176,15.2323229
0,19,176,21.53615458
0,20,176,15.01021251
0,21,176,5.49223768
0,22,176,0.0
0,23,176,9.4358236
0,24,176,7.39141391
0,25,176,20.16432919
0,26,176,11.911193
0,27,176,14.2426687
0,28,176,17.46630398
0,29,176,20.79202665
0,30,176,13.76151179
0,31,176,7.23664228
0,32,176,3.95823095
0,33,176,0.0
0,34,176,16.28848646
0,35,176,0.0
1,36,176,1.0
1,37,176,1.0
1,38,176,0.0
1,39,176,0.0
1,40,176,0.0
1,41,176,1.0
1,42,176,1.0
1,43,176,1.0
1,44,176,1.0
1,45,176,1.0
1,46,176,1.0
1,47,176,1.0
1,48,176,1.0
1,49,176,1.0
1,50,176,1.0
1,51,176,1.0
1,52,176,1.0
1,53,176,1.0
1,54,176,0.0
1,55,176,1.0
1,56,176,0.0
1,57,176,0.0
1,58,176,1.0
1,59,176,1.0
1,60,176,1.0
1,61,176,0.0
1,62,176,1.0
0,2,177,0.0
0,3,177,17.81857924
0,4,177,19.34885958
0,5,177,0.0
0,6,177,0.0
0,7,177,0.0
0,8,177,20.65224397
0,9,177,0.0
0,10,177,18.16356458
0,11,177,0.0
0,12,177,0.0
0,13,177,10.69892279
0,14,177,12.65962372
0,15,177,0.0
0,16,177,9.86011218
0,17,177,15.6077645
0,18,177,15.15089155
0,19,177,20.71203391
0,20,177,15.47574175
0,21,177,0.0
0,22,177,0.0
0,23,177,8.02236828
0,24,177,15.98782577
0,25,177,18.52042605
0,26,177,10.16007387
0,27,177,8.12166739
0,28,177,17.07490379
0,29,177,14.4294565
0,30,177,15.57537965
0,31,177,10.15579402
0,32,177,0.0
0,33,177,17.34651314
0,34,177,19.18633786
0,35,177,0.0
1,36,177,1.0
1,37,177,1.0
1,38,177,1.0
1,39,177,0.0
1,40,177,0.0
1,41,177,1.0
1,42,177,1.0
1,43,177,1.0
1,44,177,1.0
1,45,177,1.0
1,46,177,1.0
1,47,177,1.0
1,48,177,0.0
1,49,177,1.0
1,50,177,1.0
1,51,177,1.0
1,52,177,1.0
1,53,177,0.0
1,54,177,0.0
1,55,177,1.0
1,56,177,0.0
1,57,177,0.0
1,58,177,0.0
1,59,177,1.0
1,60,177,0.0
1,61,177,1.0
1,62,177,1.0
0,2,178,0.0
0,3,178,18.75243344
0,4,178,18.5616971
0,5,178,0.0
0,6,178,13.34958099
0,7,178,0.0
0,8,178,21.41144682
0,9,178,16.08489826
0,10,178,0.0
0,11,178,14.09464369
0,12,178,9.47194693
0,13,178,7.62173889
0,14,178,0.0
0,15,178,14.79282526
0,16,178,16.02932864
0,17,178,0.0
0,18,178,16.07333318
0,19,178,20.68532184
0,20,178,16.20792452
0,21,178,0.0
0,22,178,0.0
0,23,178,11.66526583
0,24,178,14.38029015
0,25,178,18.06651849
0,26,178,13.21493027
0,27,178,14.26567585
0,28,178,14.79792291
0,29,178,15.52082989
0,30,178,15.42385056
0,31,178,0.0
0,32,178,0.0
0,33,178,18.3082878
0,34,178,19.76458986
0,35,178,0.0
1,36,178,1.0
1,37,178,1.0
1,38,178,1.0
1,39,178,1.0
1,40,178,1.0
1,41,178,1.0
1,42,178,1.0
1,43,178,1.0
1,44,178,1.0
1,45,178,0.0
1,46,178,1.0
1,47,178,1.0
1,48,178,1.0
1,49,178,1.0
1,50,178,1.0
1,51,178,1.0
1,52,178,1.0
1,53,178,1.0
1,54,178,0.0
1,55,178,1.0
1,56,178,0.0
1,57,178,0.0
1,58,178,0.0
1,59,178,1.0
1,60,178,1.0
1,61,178,1.0
1,62,178,0.0
0,2,179,0.0
0,3,179,17.77590245
0,4,179,19.50333238
0,5,179,0.0
0,6,179,0.0
0,7,179,0.0
0,8,179,21.53711307
0,9,179,14.54101989
0,10,179,17.34814642
0,11,179,15.30448554
0,12,179,12.81152251
0,13,179,7.61730165
0,14,179,0.0
0,15,179,18.02716837
0,16,179,13.19459787
0,17,179,0.0
0,18,179,18.1261404
0,19,179,19.72009171
0,20,179,15.44744807
0,21,179,0.0
0,22,179,0.0
0,23,179,11.48351249
0,24,179,0.0
0,25,179,18.61019829
0,26,179,11.79323944
0,27,179,15.33178465
0,28,179,0.0
0,29,179,14.45680487
0,30,179,14.26213382
0,31,179,9.0683528
0,32,179,0.0
0,33,179,17.66239799
0,34,179,19.90535448
0,35,179,0.0
1,36,179,1.0
1,37,179,1.0
1,38,179,1.0
1,39,179,1.0
1,40,179,1.0
1,41,179,1.0
1,42,179,1.0
1,43,179,1.0
1,44,179,1.0
1,45,179,0.0
1,46,179,1.0
1,47,179,1.0
1,48,179,1.0
1,49,179,1.0
1,50,179,1.0
1,51,179,1.0
1,52,179,1.0
1,53,179,1.0
1,54,179,0.0
1,55,179,1.0
1,56,179,1.0
1,57,179,0.0
1,58,179,0.0
1,59,179,1.0
1,60,179,1.0
1,61,179,1.0
1,62,179,0.0
0,2,180,0.0
0,3,180,18.55008322
0,4,180,19.74921767
0,5,180,0.0
0,6,180,0.0
0,7,180,0.0
0,8,180,22.48813113
0,9,180,14.50114778
0,10,180,14.27195535
0,11,180,15.12693474
0,12,180,0.0
0,13,180,7.17969245
0,14,180,0.0
0,15,180,18.98247277
0,16,180,14.56626353
0,17,180,0.0
0,18,180,18.58980422
0,19,180,23.05961759
0,20,180,15.03651206
0,21,180,0.0
0,22,180,0.0
0,23,180,0.0
0,24,180,16.28529666
0,25,180,18.82603598
0,26,180,12.36842027
0,27,180,14.13342251
0,28,180,21.31228971
0,29,180,0.0
0,30,180,16.89576872
0,31,180,8.33541689
0,32,180,8.67268307
0,33,180,17.63748785
0,34,180,18.45401792
0,35,180,14.68716494
1,36,180,1.0
1,37,180,0.0
1,38,180,1.0
1,39,180,1.0
1,40,180,1.0
1,41,180,1.0
1,42,180,1.0
1,43,180,1.0
1,44,180,1.0
1,45,180,0.0
1,46,180,1.0
1,47,180,1.0
1,48,180,1.0
1,49,180,1.0
1,50,180,1.0
1,51,180,1.0
1,52,180,1.0
1,53,180,1.0
1,54,180,1.0
1,55,180,1.0
1,56,180,1.0
1,57,180,1.0
1,58,180,1.0
1,59,180,1.0
1,60,180,1.0
1,61,180,1.0
1,62,180,0.0
0,2,181,0.0
0,3,181,17.07510169
0,4,181,18.12748227
0,5,181,0.0
0,6,181,0.0
0,7,181,0.0
0,8,181,21.70633454
0,9,181,0.0
0,10,181,15.87345938
0,11,181,0.0
0,12,181,0.0
0,13,181,7.42904958
0,14,181,16.37098232
0,15,181,0.0
0,16,181,0.0
0,17,181,0.0
0,18,181,0.0
0,19,181,20.9320501
0,20,181,14.24846938
0,21,181,3.93310779
0,22,181,0.0
0,23,181,0.0
0,24,181,0.0
0,25,181,18.33516541
0,26,181,11.73905695
0,27,181,5.79444914
0,28,181,15.46520411
0,29,181,15.48082808
0,30,181,0.0
0,31,181,5.54887376
0,32,181,7.931807
0,33,181,17.25587655
0,34,181,15.17947893
0,35,181,0.0
1,36,181,1.0
1,37,181,1.0
1,38,181,1.0
1,39,181,1.0
1,40,181,1.0
1,41,181,1.0
1,42,181,1.0
1,43,181,1.0
1,44,181,0.0
1,45,181,1.0
1,46,181,1.0
1,47,181,1.0
1,48,181,0.0
1,49,181,1.0
1,50,181,1.0
1,51,181,1.0
1,52,181,1.0
1,53,181,1.0
1,54,181,1.0
1,55,181,1.0
1,56,181,0.0
1,57,181,1.0
1,58,181,1.0
1,59,181,1.0
1,60,181,1.0
1,61,181,0.0
1,62,181,0.0
0,2,182,0.0
0,3,182,16.47694557
0,4,182,19.2269416
0,5,182,0.0
0,6,182,0.0
0,7,182,0.0
0,8,182,20.43598786
0,9,182,0.0
0,10,182,15.4593762
0,11,182,0.0
0,12,182,0.0
0,13,182,7.35299593
0,14,182,15.88436509
0,15,182,17.047574
0,16,182,13.26053586
0,17,182,0.0
0,18,182,18.66909527
0,19,182,20.15714233
0,20,182,13.35596003
0,21,182,3.66902449
0,22,182,0.0
0,23,182,7.63702003
0,24,182,0.0
0,25,182,16.94200168
0,26,182,10.04111455
0,27,182,0.0
0,28,182,16.35727857
0,29,182,13.2820437
0,30,182,13.51683651
0,31,182,4.66986006
0,32,182,5.40933245
0,33,182,18.16505913
0,34,182,17.54213382
0,35,182,0.0
1,36,182,0.0
1,37,182,0.0
1,38,182,1.0
1,39,182,1.0
1,40,182,1.0
1,41,182,1.0
1,42,182,1.0
1,43,182,1.0
1,44,182,1.0
1,45,182,0.0
1,46,182,1.0
1,47,182,1.0
1,48,182,0.0
1,49,182,1.0
1,50,182,1.0
1,51,182,0.0
1,52,182,0.0
1,53,182,1.0
1,54,182,0.0
1,55,182,0.0
1,56,182,0.0
1,57,182,1.0
1,58,182,0.0
1,59,182,1.0
1,60,182,1.0
1,61,182,0.0
1,62,182,1.0
0,2,183,0.0
0,3,183,9.04082799
0,4,183,0.0
0,5,183,0.0
0,6,183,0.0
0,7,183,0.0
0,8,183,16.3459012
0,9,183,0.0
0,10,183,0.0
0,11,183,16.46270505
0,12,183,20.11109501
0,13,183,16.46765268
0,14,183,14.46406625
0,15,183,0.0
0,16,183,12.0249402
0,17,183,19.190525
0,18,183,0.0
0,19,183,24.74155646
0,20,183,0.0
0,21,183,8.08079852
0,22,183,0.0
0,23,183,0.0
0,24,183,0.0
0,25,183,0.0
0,26,183,7.10832452
0,27,183,0.0
0,28,183,18.49514895
0,29,183,18.16922988
0,30,183,0.0
0,31,183,7.19692251
0,32,183,0.0
0,33,183,0.0
0,34,183,0.0
0,35,183,0.0
1,36,183,1.0
1,37,183,1.0
1,38,183,0.0
1,39,183,0.0
1,40,183,1.0
1,41,183,0.0
1,42,183,1.0
1,43,183,1.0
1,44,183,0.0
1,45,183,1.0
1,46,183,1.0
1,47,183,1.0
1,48,183,1.0
1,49,183,0.0
1,50,183,1.0
1,51,183,1.0
1,52,183,1.0
1,53,183,0.0
1,54,183,1.0
1,55,183,1.0
1,56,183,0.0
1,57,183,1.0
1,58,183,1.0
1,59,183,0.0
1,60,183,0.0
1,61,183,1.0
1,62,183,0.0
0,2,184,0.0
0,3,184,0.0
0,4,184,0.0
0,5,184,0.0
0,6,184,5.94939674
0,7,184,0.0
0,8,184,7.72711314
0,9,184,0.0
0,10,184,0.0
0,11,184,13.72764067
0,12,184,16.1853742
0,13,184,12.05815139
0,14,184,6.24990733
0,15,184,0.0
0,16,184,5.14359847
0,17,184,16.69276313
0,18,184,0.0
0,19,184,21.40576911
0,20,184,0.0
0,21,184,0.0
0,22,184,0.0
0,23,184,0.0
0,24,184,11.66051524
0,25,184,0.0
0,26,184,0.0
0,27,184,5.15761311
0,28,184,9.81400737
0,29,184,16.23414209
0,30,184,0.0
0,31,184,3.90569299
0,32,184,0.0
0,33,184,0.0
0,34,184,0.0
0,35,184,0.0
1,36,184,1.0
1,37,184,1.0
1,38,184,0.0
1,39,184,1.0
1,40,184,1.0
1,41,184,0.0
1,42,184,1.0
1,43,184,1.0
1,44,184,0.0
1,45,184,1.0
1,46,184,1.0
1,47,184,1.0
1,48,184,0.0
1,49,184,0.0
1,50,184,1.0
1,51,184,1.0
1,52,184,1.0
1,53,184,1.0
1,54,184,0.0
1,55,184,1.0
1,56,184,0.0
1,57,184,0.0
1,58,184,1.0
1,59,184,1.0
1,60,184,0.0
1,61,184,1.0
1,62,184,1.0
0,2,185,0.0
0,3,185,7.1061215
0,4,185,0.0
0,5,185,0.0
0,6,185,7.11815986
0,7,185,0.0
0,8,185,0.0
0,9,185,0.0
0,10,185,0.0
0,11,185,17.67587597
0,12,185,13.66580397
0,13,185,16.91801782
0,14,185,6.01550836
0,15,185,0.0
0,16,185,0.0
0,17,185,14.72890545
0,18,185,0.0
0,19,185,22.36926564
0,20,185,0.0
0,21,185,0.0
0,22,185,0.0
0,23,185,10.35431636
0,24,185,0.0
0,25,185,0.0
0,26,185,0.0
0,27,185,0.0
0,28,185,15.20235605
0,29,185,10.07195381
0,30,185,0.0
0,31,185,5.76813249
0,32,185,0.0
0,33,185,0.0
0,34,185,3.62709985
0,35,185,0.0
1,36,185,1.0
1,37,185,1.0
1,38,185,0.0
1,39,185,1.0
1,40,185,0.0
1,41,185,1.0
1,42,185,1.0
1,43,185,0.0
1,44,185,0.0
1,45,185,1.0
1,46,185,1.0
1,47,185,1.0
1,48,185,1.0
1,49,185,1.0
1,50,185,1.0
1,51,185,1.0
1,52,185,1.0
1,53,185,1.0
1,54,185,0.0
1,55,185,1.0
1,56,185,0.0
1,57,185,0.0
1,58,185,1.0
1,59,185,0.0
1,60,185,1.0
1,61,185,0.0
1,62,185,1.0
0,2,186,0.0
0,3,186,7.29621666
0,4,186,0.0
0,5,186,0.0
0,6,186,0.0
0,7,186,0.0
0,8,186,0.0
0,9,186,0.0
0,10,186,0.0
0,11,186,13.97325358
0,12,186,17.58396712
0,13,186,16.66306948
0,14,186,0.0
0,15,186,0.0
0,16,186,0.0
0,17,186,18.42248963
0,18,186,0.0
0,19,186,22.32313138
0,20,186,0.0
0,21,186,2.58112397
0,22,186,0.0
0,23,186,0.0
0,24,186,0.0
0,25,186,0.0
0,26,186,8.36772844
0,27,186,0.0
0,28,186,17.47883932
0,29,186,17.5313281
0,30,186,0.0
0,31,186,4.91870125
0,32,186,8.6740905
0,33,186,0.0
0,34,186,0.0
0,35,186,0.0
1,36,186,1.0
1,37,186,1.0
1,38,186,0.0
1,39,186,0.0
1,40,186,0.0
1,41,186,0.0
1,42,186,1.0
1,43,186,1.0
1,44,186,1.0
1,45,186,1.0
1,46,186,1.0
1,47,186,1.0
1,48,186,0.0
1,49,186,0.0
1,50,186,1.0
1,51,186,1.0
1,52,186,1.0
1,53,186,0.0
1,54,186,1.0
1,55,186,1.0
1,56,186,0.0
1,57,186,0.0
1,58,186,1.0
1,59,186,1.0
1,60,186,0.0
1,61,186,1.0
1,62,186,1.0
0,2,187,0.0
0,3,187,0.0
0,4,187,0.0
0,5,187,0.0
0,6,187,0.0
0,7,187,0.0
0,8,187,0.0
0,9,187,0.0
0,10,187,0.0
0,11,187,13.77778286
0,12,187,14.25017644
0,13,187,12.65313042
0,14,187,0.0
0,15,187,0.0
0,16,187,0.0
0,17,187,18.85882774
0,18,187,0.0
0,19,187,20.42239059
0,20,187,0.0
0,21,187,0.0
0,22,187,0.0
0,23,187,0.0
0,24,187,0.0
0,25,187,0.0
0,26,187,0.0
0,27,187,0.0
0,28,187,16.42641961
0,29,187,14.41795901
0,30,187,0.0
0,31,187,0.0
0,32,187,0.0
0,33,187,0.0
0,34,187,0.0
0,35,187,0.0
1,36,187,1.0
1,37,187,1.0
1,38,187,0.0
1,39,187,0.0
1,40,187,1.0
1,41,187,1.0
1,42,187,1.0
1,43,187,0.0
1,44,187,1.0
1,45,187,1.0
1,46,187,1.0
1,47,187,1.0
1,48,187,0.0
1,49,187,0.0
1,50,187,1.0
1,51,187,1.0
1,52,187,1.0
1,53,187,0.0
1,54,187,0.0
1,55,187,1.0
1,56,187,1.0
1,57,187,0.0
1,58,187,1.0
1,59,187,1.0
1,60,187,1.0
1,61,187,1.0
1,62,187,1.0
0,2,188,0.0
0,3,188,17.37678384
0,4,188,15.39168355
0,5,188,0.0
0,6,188,0.0
0,7,188,0.0
0,8,188,7.21096474
0,9,188,0.0
0,10,188,0.0
0,11,188,18.33572555
0,12,188,17.9712656
0,13,188,16.44497769
0,14,188,0.0
0,15,188,0.0
0,16,188,12.06870187
0,17,188,19.4156806
0,18,188,0.0
0,19,188,23.1500452
0,20,188,0.0
0,21,188,10.64345423
0,22,188,0.0
0,23,188,0.0
0,24,188,9.05857129
0,25,188,0.0
0,26,188,5.9891667
0,27,188,0.0
0,28,188,19.54939243
0,29,188,18.37833641
0,30,188,0.0
0,31,188,9.09148497
0,32,188,5.63487493
0,33,188,0.0
0,34,188,0.0
0,35,188,0.0
1,36,188,1.0
1,37,188,1.0
1,38,188,0.0
1,39,188,1.0
1,40,188,0.0
1,41,188,1.0
1,42,188,1.0
1,43,188,1.0
1,44,188,1.0
1,45,188,1.0
1,46,188,1.0
1,47,188,1.0
1,48,188,1.0
1,49,188,1.0
1,50,188,1.0
1,51,188,1.0
1,52,188,1.0
1,53,188,1.0
1,54,188,1.0
1,55,188,1.0
1,56,188,1.0
1,57,188,1.0
1,58,188,1.0
1,59,188,0.0
1,60,188,0.0
1,61,188,1.0
1,62,188,1.0
0,2,189,0.0
0,3,189,16.76240794
0,4,189,15.24117477
0,5,189,0.0
0,6,189,0.0
0,7,189,0.0
0,8,189,15.25196287
0,9,189,0.0
0,10,189,0.0
0,11,189,17.01392265
0,12,189,18.05889753
0,13,189,16.66367177
0,14,189,0.0
0,15,189,0.0
0,16,189,11.90803719
0,17,189,19.41881737
0,18,189,0.0
0,19,189,24.54380772
0,20,189,0.0
0,21,189,6.83001951
0,22,189,0.0
0,23,189,0.0
0,24,189,0.0
0,25,189,0.0
0,26,189,4.15946615
0,27,189,0.0
0,28,189,18.83731506
0,29,189,19.54556887
0,30,189,0.0
0,31,189,8.30181971
0,32,189,0.0
0,33,189,0.0
0,34,189,0.0
0,35,189,0.0
1,36,189,1.0
1,37,189,1.0
1,38,189,0.0
1,39,189,0.0
1,40,189,0.0
1,41,189,1.0
1,42,189,1.0
1,43,189,0.0
1,44,189,1.0
1,45,189,1.0
1,46,189,1.0
1,47,189,1.0
1,48,189,0.0
1,49,189,1.0
1,50,189,1.0
1,51,189,1.0
1,52,189,1.0
1,53,189,1.0
1,54,189,0.0
1,55,189,1.0
1,56,189,1.0
1,57,189,1.0
1,58,189,1.0
1,59,189,0.0
1,60,189,0.0
1,61,189,1.0
1,62,189,1.0
0,2,190,0.0
0,3,190,17.54919474
0,4,190,0.0
0,5,190,0.0
0,6,190,12.81857182
0,7,190,0.0
0,8,190,21.28083525
0,9,190,0.0
0,10,190,0.0
0,11,190,18.04582052
0,12,190,17.50991185
0,13,190,17.05790493
0,14,190,11.90598088
0,15,190,0.0
0,16,190,13.74819017
0,17,190,18.40652394
0,18,190,0.0
0,19,190,22.60462811
0,20,190,0.0
0,21,190,8.74215402
0,22,190,0.0
0,23,190,0.0
0,24,190,0.0
0,25,190,18.7497483
0,26,190,15.76865363
0,27,190,15.47719828
0,28,190,17.56692906
0,29,190,20.41220805
0,30,190,0.0
0,31,190,7.99411455
0,32,190,0.0
0,33,190,0.0
0,34,190,18.78847025
0,35,190,15.25265745
1,36,190,1.0
1,37,190,0.0
1,38,190,0.0
1,39,190,0.0
1,40,190,0.0
1,41,190,1.0
1,42,190,1.0
1,43,190,0.0
1,44,190,1.0
1,45,190,1.0
1,46,190,1.0
1,47,190,1.0
1,48,190,0.0
1,49,190,1.0
1,50,190,1.0
1,51,190,1.0
1,52,190,1.0
1,53,190,0.0
1,54,190,0.0
1,55,190,1.0
1,56,190,1.0
1,57,190,1.0
1,58,190,0.0
1,59,190,1.0
1,60,190,1.0
1,61,190,0.0
1,62,190,1.0
0,2,191,0.0
0,3,191,0.0
0,4,191,0.0
0,5,191,0.0
0,6,191,0.0
0,7,191,0.0
0,8,191,0.0
0,9,191,0.0
0,10,191,0.0
0,11,191,17.20303242
0,12,191,18.75295642
0,13,191,18.35114028
0,14,191,0.0
0,15,191,0.0
0,16,191,10.09117376
0,17,191,22.26682139
0,18,191,0.0
0,19,191,23.81638795
0,20,191,0.0
0,21,191,11.13622316
0,22,191,0.0
0,23,191,0.0
0,24,191,0.0
0,25,191,0.0
0,26,191,8.87854831
0,27,191,3.8839861
0,28,191,19.13781207
0,29,191,18.7674799
0,30,191,0.0
0,31,191,10.21394915
0,32,191,0.0
0,33,191,0.0
0,34,191,0.0
0,35,191,0.0
1,36,191,1.0
1,37,191,1.0
1,38,191,1.0
1,39,191,0.0
1,40,191,1.0
1,41,191,1.0
1,42,191,1.0
1,43,191,1.0
1,44,191,0.0
1,45,191,1.0
1,46,191,1.0
1,47,191,1.0
1,48,191,0.0
1,49,191,1.0
1,50,191,1.0
1,51,191,1.0
1,52,191,1.0
1,53,191,1.0
1,54,191,0.0
1,55,191,1.0
1,56,191,1.0
1,57,191,1.0
1,58,191,1.0
1,59,191,0.0
1,60,191,1.0
1,61,191,1.0
1,62,191,0.0
0,2,192,0.0
0,3,192,14.09003051
0,4,192,12.39161568
0,5,192,0.0
0,6,192,0.0
0,7,192,0.0
0,8,192,10.50361645
0,9,192,0.0
0,10,192,0.0
0,11,192,13.015989
0,12,192,16.54272779
0,13,192,13.26848383
0,14,192,0.0
0,15,192,0.0
0,16,192,7.84115943
0,17,192,17.42058674
0,18,192,0.0
0,19,192,21.03364615
0,20,192,0.0
0,21,192,0.0
0,22,192,0.0
0,23,192,0.0
0,24,192,0.0
0,25,192,0.0
0,26,192,0.0
0,27,192,0.0
0,28,192,16.37460435
0,29,192,14.34508493
0,30,192,11.04350329
0,31,192,0.0
0,32,192,0.0
0,33,192,0.0
0,34,192,0.0
0,35,192,0.0
1,36,192,1.0
1,37,192,1.0
1,38,192,0.0
1,39,192,0.0
1,40,192,0.0
1,41,192,0.0
1,42,192,1.0
1,43,192,0.0
1,44,192,1.0
1,45,192,0.0
1,46,192,0.0
1,47,192,1.0
1,48,192,0.0
1,49,192,1.0
1,50,192,0.0
1,51,192,0.0
1,52,192,1.0
1,53,192,0.0
1,54,192,0.0
1,55,192,1.0
1,56,192,0.0
1,57,192,1.0
1,58,192,1.0
1,59,192,1.0
1,60,192,1.0
1,61,192,1.0
1,62,192,1.0
0,2,193,0.0
0,3,193,0.0
0,4,193,12.87379195
0,5,193,0.0
0,6,193,0.0
0,7,193,0.0
0,8,193,8.40228496
0,9,193,0.0
0,10,193,0.0
0,11,193,13.49384658
0,12,193,17.21065391
0,13,193,11.82402135
0,14,193,12.42855421
0,15,193,0.0
0,16,193,4.89503741
0,17,193,0.0
0,18,193,0.0
0,19,193,20.83995006
0,20,193,4.60711208
0,21,193,0.0
0,22,193,0.0
0,23,193,0.0
0,24,193,0.0
0,25,193,0.0
0,26,193,0.0
0,27,193,6.13513962
0,28,193,14.15729896
0,29,193,13.26295564
0,30,193,0.0
0,31,193,0.0
0,32,193,0.0
0,33,193,13.39931767
0,34,193,0.0
0,35,193,0.0
1,36,193,1.0
1,37,193,1.0
1,38,193,0.0
1,39,193,0.0
1,40,193,0.0
1,41,193,0.0
1,42,193,1.0
1,43,193,0.0
1,44,193,1.0
1,45,193,1.0
1,46,193,1.0
1,47,193,1.0
1,48,193,1.0
1,49,193,0.0
1,50,193,1.0
1,51,193,1.0
1,52,193,1.0
1,53,193,0.0
1,54,193,0.0
1,55,193,1.0
1,56,193,1.0
1,57,193,0.0
1,58,193,1.0
1,59,193,0.0
1,60,193,0.0
1,61,193,0.0
1,62,193,0.0
0,2,194,0.0
0,3,194,0.0
0,4,194,15.48077092
0,5,194,0.0
0,6,194,0.0
0,7,194,0.0
0,8,194,0.0
0,9,194,0.0
0,10,194,0.0
0,11,194,13.75547871
0,12,194,14.57944112
0,13,194,10.77599046
0,14,194,0.0
0,15,194,0.0
0,16,194,7.05869466
0,17,194,0.0
0,18,194,0.0
0,19,194,20.81064031
0,20,194,6.90627873
0,21,194,0.0
0,22,194,0.0
0,23,194,0.0
0,24,194,0.0
0,25,194,0.0
0,26,194,0.0
0,27,194,0.0
0,28,194,0.0
0,29,194,13.3880235
0,30,194,0.0
0,31,194,0.0
0,32,194,0.0
0,33,194,0.0
0,34,194,0.0
0,35,194,0.0
1,36,194,1.0
1,37,194,1.0
1,38,194,0.0
1,39,194,0.0
1,40,194,1.0
1,41,194,0.0
1,42,194,1.0
1,43,194,1.0
1,44,194,0.0
1,45,194,1.0
1,46,194,0.0
1,47,194,1.0
1,48,194,0.0
1,49,194,0.0
1,50,194,1.0
1,51,194,1.0
1,52,194,1.0
1,53,194,1.0
1,54,194,0.0
1,55,194,1.0
1,56,194,0.0
1,57,194,0.0
1,58,194,1.0
1,59,194,0.0
1,60,194,1.0
1,61,194,0.0
1,62,194,0.0
0,2,195,0.0
0,3,195,0.0
0,4,195,0.0
0,5,195,0.0
0,6,195,0.0
0,7,195,0.0
0,8,195,14.84220188
0,9,195,0.0
0,10,195,0.0
0,11,195,14.02101648
0,12,195,15.25289451
0,13,195,0.0
0,14,195,0.0
0,15,195,0.0
0,16,195,12.96774041
0,17,195,0.0
0,18,195,0.0
0,19,195,21.901198
0,20,195,3.53813346
0,21,195,3.32977107
0,22,195,0.0
0,23,195,0.0
0,24,195,0.0
0,25,195,0.0
0,26,195,0.0
0,27,195,6.09580064
0,28,195,14.12712409
0,29,195,14.96371599
0,30,195,0.0
0,31,195,3.5150741
0,32,195,0.0
0,33,195,0.0
0,34,195,0.0
0,35,195,0.0
1,36,195,1.0
1,37,195,0.0
1,38,195,0.0
1,39,195,0.0
1,40,195,0.0
1,41,195,0.0
1,42,195,1.0
1,43,195,0.0
1,44,195,1.0
1,45,195,1.0
1,46,195,1.0
1,47,195,1.0
1,48,195,0.0
1,49,195,0.0
1,50,195,1.0
1,51,195,1.0
1,52,195,1.0
1,53,195,0.0
1,54,195,0.0
1,55,195,1.0
1,56,195,0.0
1,57,195,1.0
1,58,195,1.0
1,59,195,0.0
1,60,195,0.0
1,61,195,0.0
1,62,195,1.0
0,2,196,0.0
0,3,196,17.1925866
0,4,196,14.83398608
0,5,196,0.0
0,6,196,0.0
0,7,196,0.0
0,8,196,21.48430238
0,9,196,0.0
0,10,196,13.66539345
0,11,196,0.0
0,12,196,14.35966329
0,13,196,17.92874502
0,14,196,0.0
0,15,196,16.41073229
0,16,196,6.26685495
0,17,196,20.57560504
0,18,196,0.0
0,19,196,24.42965499
0,20,196,10.0869028
0,21,196,4.30823572
0,22,196,0.0
0,23,196,6.37742058
0,24,196,0.0
0,25,196,16.40167794
0,26,196,8.58184109
0,27,196,0.0
0,28,196,16.27229261
0,29,196,16.22966487
0,30,196,0.0
0,31,196,3.95535319
0,32,196,0.0
0,33,196,17.98860207
0,34,196,19.17870161
0,35,196,0.0
1,36,196,1.0
1,37,196,1.0
1,38,196,0.0
1,39,196,0.0
1,40,196,0.0
1,41,196,1.0
1,42,196,1.0
1,43,196,1.0
1,44,196,1.0
1,45,196,1.0
1,46,196,1.0
1,47,196,1.0
1,48,196,0.0
1,49,196,0.0
1,50,196,1.0
1,51,196,1.0
1,52,196,1.0
1,53,196,0.0
1,54,196,0.0
1,55,196,1.0
1,56,196,0.0
1,57,196,0.0
1,58,196,1.0
1,59,196,0.0
1,60,196,0.0
1,61,196,0.0
1,62,196,0.0
0,2,197,0.0
0,3,197,14.60371756
0,4,197,7.06026954
0,5,197,0.0
0,6,197,18.54831273
0,7,197,0.0
0,8,197,18.32378412
0,9,197,0.0
0,10,197,0.0
0,11,197,0.0
0,12,197,0.0
0,13,197,0.0
0,14,197,0.0
0,15,197,0.0
0,16,197,12.42135093
0,17,197,15.89943579
0,18,197,0.0
0,19,197,19.46371571
0,20,197,6.53156427
0,21,197,3.93956919
0,22,197,0.0
0,23,197,8.68441201
0,24,197,0.0
0,25,197,0.0
0,26,197,7.51649852
0,27,197,14.26237787
0,28,197,0.0
0,29,197,0.0
0,30,197,0.0
0,31,197,0.0
0,32,197,0.0
0,33,197,0.0
0,34,197,6.46842007
0,35,197,0.0
1,36,197,1.0
1,37,197,0.0
1,38,197,1.0
1,39,197,0.0
1,40,197,0.0
1,41,197,0.0
1,42,197,1.0
1,43,197,1.0
1,44,197,1.0
1,45,197,0.0
1,46,197,1.0
1,47,197,1.0
1,48,197,0.0
1,49,197,1.0
1,50,197,1.0
1,51,197,1.0
1,52,197,1.0
1,53,197,1.0
1,54,197,0.0
1,55,197,0.0
1,56,197,1.0
1,57,197,1.0
1,58,197,0.0
1,59,197,1.0
1,60,197,1.0
1,61,197,0.0
1,62,197,1.0
0,2,198,0.0
0,3,198,16.99620128
0,4,198,13.28444264
0,5,198,0.0
0,6,198,13.96716251
0,7,198,0.0
0,8,198,19.17682638
0,9,198,0.0
0,10,198,11.23294035
0,11,198,0.0
0,12,198,0.0
0,13,198,0.0
0,14,198,0.0
0,15,198,13.87470438
0,16,198,0.0
0,17,198,0.0
0,18,198,0.0
0,19,198,19.16408528
0,20,198,9.7734618
0,21,198,0.0
0,22,198,0.0
0,23,198,0.0
0,24,198,0.0
0,25,198,16.14195648
0,26,198,10.26093472
0,27,198,14.09320931
0,28,198,0.0
0,29,198,0.0
0,30,198,0.0
0,31,198,0.0
0,32,198,0.0
0,33,198,0.0
0,34,198,17.4300608
0,35,198,0.0
1,36,198,1.0
1,37,198,0.0
1,38,198,1.0
1,39,198,0.0
1,40,198,0.0
1,41,198,0.0
1,42,198,1.0
1,43,198,1.0
1,44,198,1.0
1,45,198,0.0
1,46,198,1.0
1,47,198,1.0
1,48,198,0.0
1,49,198,0.0
1,50,198,1.0
1,51,198,0.0
1,52,198,1.0
1,53,198,0.0
1,54,198,1.0
1,55,198,0.0
1,56,198,0.0
1,57,198,1.0
1,58,198,0.0
1,59,198,1.0
1,60,198,1.0
1,61,198,0.0
1,62,198,1.0
0,2,199,0.0
0,3,199,16.04648314
0,4,199,15.63159475
0,5,199,0.0
0,6,199,0.0
0,7,199,0.0
0,8,199,17.8422271
0,9,199,0.0
0,10,199,12.01696864
0,11,199,12.30810945
0,12,199,0.0
0,13,199,0.0
0,14,199,0.0
0,15,199,0.0
0,16,199,0.0
0,17,199,12.67528679
0,18,199,0.0
0,19,199,16.39014895
0,20,199,7.61160074
0,21,199,0.0
0,22,199,0.0
0,23,199,0.0
0,24,199,0.0
0,25,199,15.56010459
0,26,199,10.86420449
0,27,199,0.0
0,28,199,0.0
0,29,199,0.0
0,30,199,0.0
0,31,199,0.0
0,32,199,0.0
0,33,199,12.41144215
0,34,199,14.66243634
0,35,199,0.0
1,36,199,1.0
1,37,199,0.0
1,38,199,0.0
1,39,199,1.0
1,40,199,1.0
1,41,199,1.0
1,42,199,1.0
1,43,199,1.0
1,44,199,1.0
1,45,199,0.0
1,46,199,1.0
1,47,199,0.0
1,48,199,0.0
1,49,199,1.0
1,50,199,1.0
1,51,199,0.0
1,52,199,0.0
1,53,199,1.0
1,54,199,0.0
1,55,199,1.0
1,56,199,1.0
1,57,199,1.0
1,58,199,0.0
1,59,199,1.0
1,60,199,0.0
1,61,199,0.0
1,62,199,1.0
0,2,200,0.0
0,3,200,0.0
0,4,200,17.89749727
0,5,200,0.0
0,6,200,0.0
0,7,200,0.0
0,8,200,20.71704396
0,9,200,0.0
0,10,200,0.0
0,11,200,0.0
0,12,200,0.0
0,13,200,0.0
0,14,200,0.0
0,15,200,0.0
0,16,200,9.85393948
0,17,200,0.0
0,18,200,6.87919101
0,19,200,20.72198263
0,20,200,12.54270912
0,21,200,0.0
0,22,200,0.0
0,23,200,7.8504909
0,24,200,16.6385236
0,25,200,15.71288092
0,26,200,9.50687744
0,27,200,13.05380612
0,28,200,0.0
0,29,200,0.0
0,30,200,0.0
0,31,200,0.0
0,32,200,6.22853668
0,33,200,0.0
0,34,200,19.16040503
0,35,200,0.0
1,36,200,1.0
1,37,200,0.0
1,38,200,0.0
1,39,200,1.0
1,40,200,0.0
1,41,200,0.0
1,42,200,1.0
1,43,200,1.0
1,44,200,1.0
1,45,200,1.0
1,46,200,1.0
1,47,200,1.0
1,48,200,1.0
1,49,200,1.0
1,50,200,1.0
1,51,200,1.0
1,52,200,1.0
1,53,200,1.0
1,54,200,0.0
1,55,200,1.0
1,56,200,1.0
1,57,200,1.0
1,58,200,1.0
1,59,200,1.0
1,60,200,1.0
1,61,200,1.0
1,62,200,1.0
0,2,201,0.0
0,3,201,0.0
0,4,201,0.0
0,5,201,0.0
0,6,201,15.99559751
0,7,201,0.0
0,8,201,18.51394039
0,9,201,0.0
0,10,201,0.0
0,11,201,0.0
0,12,201,0.0
0,13,201,0.0
0,14,201,13.64754952
0,15,201,0.0
0,16,201,10.52257859
0,17,201,0.0
0,18,201,0.0
0,19,201,17.53988164
0,20,201,9.43131931
0,21,201,0.0
0,22,201,0.0
0,23,201,0.0
0,24,201,0.0
0,25,201,0.0
0,26,201,6.77992624
0,27,201,12.2489961
0,28,201,0.0
0,29,201,12.08378417
0,30,201,0.0
0,31,201,0.0
0,32,201,0.0
0,33,201,0.0
0,34,201,0.0
0,35,201,0.0
1,36,201,1.0
1,37,201,1.0
1,38,201,0.0
1,39,201,0.0
1,40,201,0.0
1,41,201,0.0
1,42,201,1.0
1,43,201,1.0
1,44,201,1.0
1,45,201,1.0
1,46,201,1.0
1,47,201,1.0
1,48,201,1.0
1,49,201,0.0
1,50,201,1.0
1,51,201,1.0
1,52,201,1.0
1,53,201,1.0
1,54,201,0.0
1,55,201,1.0
1,56,201,1.0
1,57,201,1.0
1,58,201,1.0
1,59,201,1.0
1,60,201,1.0
1,61,201,1.0
1,62,201,1.0
0,2,202,0.0
0,3,202,16.26050688
0,4,202,18.50290196
0,5,202,0.0
0,6,202,0.0
0,7,202,0.0
0,8,202,21.42586341
0,9,202,0.0
0,10,202,14.30792349
0,11,202,0.0
0,12,202,0.0
0,13,202,0.0
0,14,202,0.0
0,15,202,18.09828326
0,16,202,8.80904051
0,17,202,15.18167361
0,18,202,0.0
0,19,202,19.03068687
0,20,202,10.47669562
0,21,202,0.0
0,22,202,0.0
0,23,202,0.0
0,24,202,15.0470076
0,25,202,18.13951458
0,26,202,10.50849395
0,27,202,11.26559881
0,28,202,0.0
0,29,202,0.0
0,30,202,3.47236009
0,31,202,0.0
0,32,202,0.0
0,33,202,17.08940475
0,34,202,19.55456761
0,35,202,0.0
1,36,202,1.0
1,37,202,0.0
1,38,202,1.0
1,39,202,1.0
1,40,202,1.0
1,41,202,1.0
1,42,202,1.0
1,43,202,1.0
1,44,202,1.0
1,45,202,0.0
1,46,202,0.0
1,47,202,1.0
1,48,202,1.0
1,49,202,0.0
1,50,202,1.0
1,51,202,0.0
1,52,202,0.0
1,53,202,1.0
1,54,202,0.0
1,55,202,0.0
1,56,202,1.0
1,57,202,1.0
1,58,202,0.0
1,59,202,1.0
1,60,202,1.0
1,61,202,0.0
1,62,202,0.0
0,2,203,0.0
0,3,203,18.36322209
0,4,203,19.68526069
0,5,203,0.0
0,6,203,0.0
0,7,203,0.0
0,8,203,21.66911539
0,9,203,0.0
0,10,203,0.0
0,11,203,0.0
0,12,203,0.0
0,13,203,0.0
0,14,203,0.0
0,15,203,17.50559659
0,16,203,0.0
0,17,203,0.0
0,18,203,15.21395504
0,19,203,19.11899345
0,20,203,9.98039921
0,21,203,0.0
0,22,203,0.0
0,23,203,0.0
0,24,203,15.98779753
0,25,203,19.58791418
0,26,203,9.71136316
0,27,203,6.27074975
0,28,203,0.0
0,29,203,0.0
0,30,203,0.0
0,31,203,0.0
0,32,203,0.0
0,33,203,19.76824676
0,34,203,20.11982937
0,35,203,0.0
1,36,203,0.0
1,37,203,0.0
1,38,203,1.0
1,39,203,1.0
1,40,203,1.0
1,41,203,1.0
1,42,203,1.0
1,43,203,1.0
1,44,203,1.0
1,45,203,0.0
1,46,203,0.0
1,47,203,1.0
1,48,203,0.0
1,49,203,0.0
1,50,203,1.0
1,51,203,1.0
1,52,203,1.0
1,53,203,1.0
1,54,203,1.0
1,55,203,0.0
1,56,203,1.0
1,57,203,1.0
1,58,203,0.0
1,59,203,1.0
1,60,203,1.0
1,61,203,0.0
1,62,203,1.0
0,2,204,0.0
0,3,204,15.73031836
0,4,204,20.21790843
0,5,204,0.0
0,6,204,0.0
0,7,204,0.0
0,8,204,22.35182841
0,9,204,0.0
0,10,204,16.15106087
0,11,204,0.0
0,12,204,0.0
0,13,204,0.0
0,14,204,0.0
0,15,204,16.9073769
0,16,204,6.67076926
0,17,204,0.0
0,18,204,0.0
0,19,204,21.2721834
0,20,204,7.43091527
0,21,204,3.81486528
0,22,204,0.0
0,23,204,11.4761182
0,24,204,19.45424731
0,25,204,17.40798616
0,26,204,9.57789435
0,27,204,15.0313582
0,28,204,0.0
0,29,204,0.0
0,30,204,0.0
0,31,204,0.0
0,32,204,0.0
0,33,204,0.0
0,34,204,21.00992723
0,35,204,15.54860109
1,36,204,0.0
1,37,204,0.0
1,38,204,1.0
1,39,204,1.0
1,40,204,1.0
1,41,204,1.0
1,42,204,1.0
1,43,204,1.0
1,44,204,1.0
1,45,204,0.0
1,46,204,0.0
1,47,204,0.0
1,48,204,1.0
1,49,204,0.0
1,50,204,1.0
1,51,204,1.0
1,52,204,0.0
1,53,204,1.0
1,54,204,1.0
1,55,204,0.0
1,56,204,1.0
1,57,204,1.0
1,58,204,0.0
1,59,204,1.0
1,60,204,1.0
1,61,204,0.0
1,62,204,1.0
0,2,205,0.0
0,3,205,15.59684926
0,4,205,18.33955457
0,5,205,0.0
0,6,205,17.64570805
0,7,205,0.0
0,8,205,21.38023314
0,9,205,0.0
0,10,205,14.58337252
0,11,205,0.0
0,12,205,0.0
0,13,205,0.0
0,14,205,11.31481145
0,15,205,16.13932811
0,16,205,6.62089314
0,17,205,0.0
0,18,205,0.0
0,19,205,20.34724171
0,20,205,9.90556783
0,21,205,0.0
0,22,205,0.0
0,23,205,0.0
0,24,205,17.14378581
0,25,205,17.72593507
0,26,205,10.9498994
0,27,205,14.62188354
0,28,205,0.0
0,29,205,0.0
0,30,205,14.49478472
0,31,205,0.0
0,32,205,0.0
0,33,205,18.27977623
0,34,205,19.48748717
0,35,205,0.0
1,36,205,1.0
1,37,205,0.0
1,38,205,1.0
1,39,205,1.0
1,40,205,1.0
1,41,205,1.0
1,42,205,1.0
1,43,205,1.0
1,44,205,1.0
1,45,205,0.0
1,46,205,0.0
1,47,205,0.0
1,48,205,1.0
1,49,205,1.0
1,50,205,1.0
1,51,205,0.0
1,52,205,1.0
1,53,205,1.0
1,54,205,1.0
1,55,205,0.0
1,56,205,0.0
1,57,205,1.0
1,58,205,0.0
1,59,205,1.0
1,60,205,1.0
1,61,205,1.0
1,62,205,1.0
0,2,206,0.0
0,3,206,16.30053739
0,4,206,17.65956613
0,5,206,0.0
0,6,206,0.0
0,7,206,0.0
0,8,206,20.51221816
0,9,206,0.0
0,10,206,15.13723105
0,11,206,13.66921908
0,12,206,0.0
0,13,206,4.0692385
0,14,206,0.0
0,15,206,17.20081532
0,16,206,0.0
0,17,206,0.0
0,18,206,0.0
0,19,206,18.14820737
0,20,206,10.43793999
0,21,206,0.0
0,22,206,0.0
0,23,206,0.0
0,24,206,13.17496936
0,25,206,16.7053449
0,26,206,11.13724329
0,27,206,11.4946403
0,28,206,0.0
0,29,206,0.0
0,30,206,0.0
0,31,206,0.0
0,32,206,0.0
0,33,206,15.1491028
0,34,206,19.53017269
0,35,206,0.0
1,36,206,1.0
1,37,206,1.0
1,38,206,1.0
1,39,206,1.0
1,40,206,1.0
1,41,206,1.0
1,42,206,1.0
1,43,206,1.0
1,44,206,1.0
1,45,206,1.0
1,46,206,1.0
1,47,206,1.0
1,48,206,1.0
1,49,206,1.0
1,50,206,1.0
1,51,206,1.0
1,52,206,1.0
1,53,206,1.0
1,54,206,1.0
1,55,206,1.0
1,56,206,1.0
1,57,206,1.0
1,58,206,1.0
1,59,206,1.0
1,60,206,1.0
1,61,206,1.0
1,62,206,1.0
0,2,207,0.0
0,3,207,18.32485334
0,4,207,19.76599216
0,5,207,0.0
0,6,207,0.0
0,7,207,0.0
0,8,207,22.56688017
0,9,207,0.0
0,10,207,14.66128427
0,11,207,0.0
0,12,207,0.0
0,13,207,0.0
0,14,207,0.0
0,15,207,15.61331528
0,16,207,5.10708805
0,17,207,0.0
0,18,207,0.0
0,19,207,20.90075182
0,20,207,10.00175721
0,21,207,6.10860947
0,22,207,0.0
0,23,207,0.0
0,24,207,0.0
0,25,207,18.92030624
0,26,207,12.99175879
0,27,207,14.48687187
0,28,207,0.0
0,29,207,0.0
0,30,207,15.40331764
0,31,207,4.54561402
0,32,207,0.0
0,33,207,0.0
0,34,207,20.07345824
0,35,207,0.0
1,36,207,1.0
1,37,207,0.0
1,38,207,1.0
1,39,207,1.0
1,40,207,1.0
1,41,207,1.0
1,42,207,1.0
1,43,207,1.0
1,44,207,1.0
1,45,207,0.0
1,46,207,1.0
1,47,207,1.0
1,48,207,1.0
1,49,207,1.0
1,50,207,1.0
1,51,207,1.0
1,52,207,1.0
1,53,207,1.0
1,54,207,1.0
1,55,207,1.0
1,56,207,1.0
1,57,207,1.0
1,58,207,0.0
1,59,207,1.0
1,60,207,1.0
1,61,207,1.0
1,62,207,1.0
0,2,208,0.0
0,3,208,15.39060978
0,4,208,17.9393147
0,5,208,0.0
0,6,208,0.0
0,7,208,0.0
0,8,208,20.23182994
0,9,208,0.0
0,10,208,13.04974948
0,11,208,0.0
0,12,208,0.0
0,13,208,0.0
0,14,208,10.84708689
0,15,208,14.87800052
0,16,208,0.0
0,17,208,0.0
0,18,208,0.0
0,19,208,18.34021111
0,20,208,8.14375906
0,21,208,0.0
0,22,208,0.0
0,23,208,0.0
0,24,208,0.0
0,25,208,17.00040933
0,26,208,10.36214802
0,27,208,12.96659192
0,28,208,0.0
0,29,208,0.0
0,30,208,11.4518654
0,31,208,0.0
0,32,208,0.0
0,33,208,14.4425896
0,34,208,19.63119919
0,35,208,0.0
1,36,208,1.0
1,37,208,0.0
1,38,208,1.0
1,39,208,1.0
1,40,208,1.0
1,41,208,1.0
1,42,208,0.0
1,43,208,1.0
1,44,208,1.0
1,45,208,0.0
1,46,208,1.0
1,47,208,0.0
1,48,208,1.0
1,49,208,1.0
1,50,208,1.0
1,51,208,1.0
1,52,208,1.0
1,53,208,1.0
1,54,208,1.0
1,55,208,1.0
1,56,208,1.0
1,57,208,1.0
1,58,208,0.0
1,59,208,1.0
1,60,208,1.0
1,61,208,1.0
1,62,208,1.0
0,2,209,0.0
0,3,209,15.83946749
0,4,209,18.1530867
0,5,209,0.0
0,6,209,0.0
0,7,209,0.0
0,8,209,21.01510276
0,9,209,13.97663582
0,10,209,13.1948146
0,11,209,7.04503389
0,12,209,0.0
0,13,209,4.87080445
0,14,209,0.0
0,15,209,17.25366103
0,16,209,0.0
0,17,209,0.0
0,18,209,0.0
0,19,209,18.35783832
0,20,209,10.77954987
0,21,209,0.0
0,22,209,0.0
0,23,209,0.0
0,24,209,16.13978355
0,25,209,17.89637001
0,26,209,9.32981828
0,27,209,13.97209848
0,28,209,0.0
0,29,209,10.74013633
0,30,209,0.0
0,31,209,0.0
0,32,209,0.0
0,33,209,15.93056827
0,34,209,19.98257846
0,35,209,14.94749412
1,36,209,1.0
1,37,209,0.0
1,38,209,1.0
1,39,209,1.0
1,40,209,1.0
1,41,209,1.0
1,42,209,0.0
1,43,209,1.0
1,44,209,1.0
1,45,209,1.0
1,46,209,1.0
1,47,209,1.0
1,48,209,1.0
1,49,209,1.0
1,50,209,1.0
1,51,209,1.0
1,52,209,1.0
1,53,209,1.0
1,54,209,1.0
1,55,209,1.0
1,56,209,1.0
1,57,209,1.0
1,58,209,0.0
1,59,209,1.0
1,60,209,1.0
1,61,209,0.0
1,62,209,1.0
0,2,210,0.0
0,3,210,15.69469136
0,4,210,17.18030128
0,5,210,0.0
0,6,210,0.0
0,7,210,0.0
0,8,210,20.04095228
0,9,210,0.0
0,10,210,11.46942181
0,11,210,0.0
0,12,210,0.0
0,13,210,0.0
0,14,210,0.0
0,15,210,14.06825581
0,16,210,6.60256485
0,17,210,0.0
0,18,210,0.0
0,19,210,17.67168822
0,20,210,8.66755423
0,21,210,0.0
0,22,210,3.7996193
0,23,210,0.0
0,24,210,12.05594263
0,25,210,17.20589816
0,26,210,10.16237028
0,27,210,12.59318738
0,28,210,0.0
0,29,210,0.0
0,30,210,0.0
0,31,210,0.0
0,32,210,0.0
0,33,210,0.0
0,34,210,18.68196922
0,35,210,13.00009171
1,36,210,1.0
1,37,210,0.0
1,38,210,1.0
1,39,210,1.0
1,40,210,1.0
1,41,210,1.0
1,42,210,0.0
1,43,210,1.0
1,44,210,1.0
1,45,210,0.0
1,46,210,1.0
1,47,210,1.0
1,48,210,1.0
1,49,210,0.0
1,50,210,1.0
1,51,210,0.0
1,52,210,1.0
1,53,210,1.0
1,54,210,0.0
1,55,210,1.0
1,56,210,1.0
1,57,210,1.0
1,58,210,0.0
1,59,210,1.0
1,60,210,1.0
1,61,210,0.0
1,62,210,1.0
0,2,211,0.0
0,3,211,15.1771253
0,4,211,19.2576067
0,5,211,0.0
0,6,211,0.0
0,7,211,0.0
0,8,211,22.78463012
0,9,211,0.0
0,10,211,13.2942066
0,11,211,0.0
0,12,211,0.0
0,13,211,0.0
0,14,211,14.26278553
0,15,211,18.95803345
0,16,211,7.05276526
0,17,211,0.0
0,18,211,0.0
0,19,211,20.19612514
0,20,211,6.41410377
0,21,211,6.34304139
0,22,211,0.0
0,23,211,5.56661098
0,24,211,19.03228679
0,25,211,19.95226144
0,26,211,12.53650202
0,27,211,14.55048406
0,28,211,0.0
0,29,211,0.0
0,30,211,0.0
0,31,211,0.0
0,32,211,0.0
0,33,211,20.17540152
0,34,211,19.82686158
0,35,211,16.08886663
1,36,211,1.0
1,37,211,1.0
1,38,211,1.0
1,39,211,1.0
1,40,211,1.0
1,41,211,1.0
1,42,211,1.0
1,43,211,1.0
1,44,211,1.0
1,45,211,1.0
1,46,211,1.0
1,47,211,1.0
1,48,211,1.0
1,49,211,1.0
1,50,211,1.0
1,51,211,1.0
1,52,211,1.0
1,53,211,1.0
1,54,211,1.0
1,55,211,1.0
1,56,211,1.0
1,57,211,1.0
1,58,211,0.0
1,59,211,1.0
1,60,211,1.0
1,61,211,0.0
1,62,211,1.0
0,2,212,0.0
0,3,212,16.57287315
0,4,212,19.15888984
0,5,212,0.0
0,6,212,0.0
0,7,212,0.0
0,8,212,23.06740153
0,9,212,0.0
0,10,212,13.34835724
0,11,212,0.0
0,12,212,0.0
0,13,212,3.93165395
0,14,212,14.93349087
0,15,212,18.13605458
0,16,212,0.0
0,17,212,0.0
0,18,212,0.0
0,19,212,19.17950874
0,20,212,8.76838806
0,21,212,5.1539141
0,22,212,0.0
0,23,212,11.98532287
0,24,212,16.0543411
0,25,212,19.92317137
0,26,212,12.14143232
0,27,212,16.08809026
0,28,212,0.0
0,29,212,0.0
0,30,212,0.0
0,31,212,2.11288762
0,32,212,10.77901097
0,33,212,18.58255029
0,34,212,19.77030079
0,35,212,15.27121439
1,36,212,1.0
1,37,212,1.0
1,38,212,1.0
1,39,212,1.0
1,40,212,1.0
1,41,212,1.0
1,42,212,1.0
1,43,212,1.0
1,44,212,1.0
1,45,212,1.0
1,46,212,1.0
1,47,212,1.0
1,48,212,1.0
1,49,212,0.0
1,50,212,1.0
1,51,212,1.0
1,52,212,1.0
1,53,212,1.0
1,54,212,1.0
1,55,212,1.0
1,56,212,1.0
1,57,212,1.0
1,58,212,1.0
1,59,212,1.0
1,60,212,1.0
1,61,212,0.0
1,62,212,0.0
0,2,213,0.0
0,3,213,17.61331627
0,4,213,19.1947632
0,5,213,0.0
0,6,213,0.0
0,7,213,0.0
0,8,213,22.40227973
0,9,213,0.0
0,10,213,0.0
0,11,213,0.0
0,12,213,0.0
0,13,213,0.0
0,14,213,0.0
0,15,213,18.24404099
0,16,213,0.0
0,17,213,0.0
0,18,213,0.0
0,19,213,20.40256126
0,20,213,8.42450429
0,21,213,0.0
0,22,213,4.83391673
0,23,213,10.821529
0,24,213,17.40143382
0,25,213,19.08766767
0,26,213,11.91721025
0,27,213,12.31296955
0,28,213,0.0
0,29,213,0.0
0,30,213,15.33787571
0,31,213,0.0
0,32,213,0.0
0,33,213,16.63812659
0,34,213,20.5380975
0,35,213,12.3039281
1,36,213,1.0
1,37,213,1.0
1,38,213,1.0
1,39,213,1.0
1,40,213,1.0
1,41,213,1.0
1,42,213,1.0
1,43,213,1.0
1,44,213,1.0
1,45,213,1.0
1,46,213,1.0
1,47,213,1.0
1,48,213,1.0
1,49,213,1.0
1,50,213,1.0
1,51,213,1.0
1,52,213,1.0
1,53,213,1.0
1,54,213,0.0
1,55,213,1.0
1,56,213,1.0
1,57,213,1.0
1,58,213,1.0
1,59,213,1.0
1,60,213,1.0
1,61,213,0.0
1,62,213,1.0
0,2,214,0.0
0,3,214,17.01942143
0,4,214,18.88885577
0,5,214,0.0
0,6,214,14.6409775
0,7,214,0.0
0,8,214,21.79862242
0,9,214,0.0
0,10,214,15.17007758
0,11,214,15.47454688
0,12,214,0.0
0,13,214,0.0
0,14,214,0.0
0,15,214,16.99963305
0,16,214,8.55695512
0,17,214,0.0
0,18,214,0.0
0,19,214,18.8802394
0,20,214,10.83811023
0,21,214,7.66906936
0,22,214,0.0
0,23,214,0.0
0,24,214,10.79705342
0,25,214,17.10686542
0,26,214,10.26124002
0,27,214,5.18192718
0,28,214,0.0
0,29,214,0.0
0,30,214,16.39594088
0,31,214,3.98551289
0,32,214,7.37391868
0,33,214,0.0
0,34,214,19.31945014
0,35,214,16.28353591
1,36,214,1.0
1,37,214,1.0
1,38,214,1.0
1,39,214,1.0
1,40,214,1.0
1,41,214,1.0
1,42,214,1.0
1,43,214,1.0
1,44,214,1.0
1,45,214,0.0
1,46,214,1.0
1,47,214,1.0
1,48,214,1.0
1,49,214,0.0
1,50,214,1.0
1,51,214,1.0
1,52,214,0.0
1,53,214,1.0
1,54,214,1.0
1,55,214,1.0
1,56,214,1.0
1,57,214,1.0
1,58,214,0.0
1,59,214,1.0
1,60,214,1.0
1,61,214,0.0
1,62,214,1.0
0,2,215,0.0
0,3,215,17.54715507
0,4,215,20.67228486
0,5,215,0.0
0,6,215,0.0
0,7,215,0.0
0,8,215,22.31043499
0,9,215,0.0
0,10,215,16.51889789
0,11,215,0.0
0,12,215,0.0
0,13,215,3.03982107
0,14,215,14.75336567
0,15,215,19.43802846
0,16,215,10.24051743
0,17,215,0.0
0,18,215,0.0
0,19,215,19.44618159
0,20,215,9.00735597
0,21,215,5.50671896
0,22,215,0.0
0,23,215,0.0
0,24,215,6.61672177
0,25,215,19.69724225
0,26,215,12.17721483
0,27,215,14.02260297
0,28,215,0.0
0,29,215,0.0
0,30,215,14.13132624
0,31,215,0.0
0,32,215,12.34595373
0,33,215,0.0
0,34,215,21.50005287
0,35,215,15.42263405
1,36,215,1.0
1,37,215,0.0
1,38,215,1.0
1,39,215,1.0
1,40,215,1.0
1,41,215,1.0
1,42,215,0.0
1,43,215,1.0
1,44,215,1.0
1,45,215,0.0
1,46,215,1.0
1,47,215,0.0
1,48,215,1.0
1,49,215,1.0
1,50,215,1.0
1,51,215,1.0
1,52,215,0.0
1,53,215,1.0
1,54,215,1.0
1,55,215,0.0
1,56,215,1.0
1,57,215,1.0
1,58,215,0.0
1,59,215,1.0
1,60,215,1.0
1,61,215,0.0
1,62,215,0.0
0,2,216,0.0
0,3,216,15.82082413
0,4,216,17.20123641
0,5,216,0.0
0,6,216,0.0
0,7,216,0.0
0,8,216,20.01607596
0,9,216,0.0
0,10,216,6.20953163
0,11,216,0.0
0,12,216,0.0
0,13,216,6.56333235
0,14,216,6.33080216
0,15,216,15.08253146
0,16,216,0.0
0,17,216,0.0
0,18,216,0.0
0,19,216,15.83898074
0,20,216,8.8360691
0,21,216,6.5808795
0,22,216,0.0
0,23,216,8.82472151
0,24,216,0.0
0,25,216,16.06306625
0,26,216,9.80124839
0,27,216,9.74872269
0,28,216,0.0
0,29,216,0.0
0,30,216,12.70370669
0,31,216,0.0
0,32,216,0.0
0,33,216,0.0
0,34,216,18.06699531
0,35,216,0.0
1,36,216,1.0
1,37,216,0.0
1,38,216,0.0
1,39,216,1.0
1,40,216,1.0
1,41,216,1.0
1,42,216,1.0
1,43,216,1.0
1,44,216,1.0
1,45,216,1.0
1,46,216,1.0
1,47,216,1.0
1,48,216,1.0
1,49,216,1.0
1,50,216,1.0
1,51,216,1.0
1,52,216,0.0
1,53,216,1.0
1,54,216,1.0
1,55,216,1.0
1,56,216,1.0
1,57,216,1.0
1,58,216,1.0
1,59,216,1.0
1,60,216,1.0
1,61,216,0.0
1,62,216,1.0
0,2,217,0.0
0,3,217,14.7636697
0,4,217,16.92404978
0,5,217,0.0
0,6,217,0.0
0,7,217,0.0
0,8,217,18.70471237
0,9,217,0.0
0,10,217,0.0
0,11,217,0.0
0,12,217,0.0
0,13,217,5.76198637
0,14,217,0.0
0,15,217,15.30296356
0,16,217,0.0
0,17,217,0.0
0,18,217,12.28512097
0,19,217,18.38627694
0,20,217,3.99412877
0,21,217,0.0
0,22,217,0.0
0,23,217,0.0
0,24,217,0.0
0,25,217,16.13612524
0,26,217,8.99486246
0,27,217,13.6248409
0,28,217,0.0
0,29,217,0.0
0,30,217,0.0
0,31,217,0.0
0,32,217,0.0
0,33,217,0.0
0,34,217,19.00814596
0,35,217,0.0
1,36,217,1.0
1,37,217,1.0
1,38,217,1.0
1,39,217,1.0
1,40,217,1.0
1,41,217,1.0
1,42,217,1.0
1,43,217,1.0
1,44,217,1.0
1,45,217,0.0
1,46,217,1.0
1,47,217,1.0
1,48,217,1.0
1,49,217,1.0
1,50,217,1.0
1,51,217,1.0
1,52,217,0.0
1,53,217,1.0
1,54,217,0.0
1,55,217,1.0
1,56,217,1.0
1,57,217,1.0
1,58,217,0.0
1,59,217,1.0
1,60,217,0.0
1,61,217,0.0
1,62,217,1.0
0,2,218,0.0
0,3,218,13.3466262
0,4,218,18.08237707
0,5,218,0.0
0,6,218,0.0
0,7,218,0.0
0,8,218,20.90341076
0,9,218,0.0
0,10,218,0.0
0,11,218,10.23868334
0,12,218,0.0
0,13,218,0.0
0,14,218,0.0
0,15,218,16.26775966
0,16,218,6.82542845
0,17,218,0.0
0,18,218,13.2510591
0,19,218,18.25835051
0,20,218,10.47160021
0,21,218,0.0
0,22,218,0.0
0,23,218,7.5795052
0,24,218,13.4686047
0,25,218,18.26579258
0,26,218,11.56910694
0,27,218,14.08493397
0,28,218,0.0
0,29,218,0.0
0,30,218,12.03236119
0,31,218,0.0
0,32,218,0.0
0,33,218,0.0
0,34,218,18.65977737
0,35,218,0.0
1,36,218,1.0
1,37,218,0.0
1,38,218,1.0
1,39,218,1.0
1,40,218,1.0
1,41,218,1.0
1,42,218,0.0
1,43,218,1.0
1,44,218,1.0
1,45,218,0.0
1,46,218,1.0
1,47,218,1.0
1,48,218,1.0
1,49,218,1.0
1,50,218,0.0
1,51,218,1.0
1,52,218,0.0
1,53,218,1.0
1,54,218,0.0
1,55,218,0.0
1,56,218,1.0
1,57,218,1.0
1,58,218,0.0
1,59,218,0.0
1,60,218,1.0
1,61,218,0.0
1,62,218,1.0
0,2,219,0.0
0,3,219,12.92390991
0,4,219,17.46645457
0,5,219,0.0
0,6,219,0.0
0,7,219,0.0
0,8,219,20.61239877
0,9,219,0.0
0,10,219,10.89239289
0,11,219,0.0
0,12,219,0.0
0,13,219,0.0
0,14,219,0.0
0,15,219,14.42864332
0,16,219,0.0
0,17,219,0.0
0,18,219,0.0
0,19,219,17.8608346
0,20,219,10.15320316
0,21,219,0.0
0,22,219,0.0
0,23,219,0.0
0,24,219,15.90638706
0,25,219,15.94020639
0,26,219,11.41515564
0,27,219,13.67388273
0,28,219,0.0
0,29,219,0.0
0,30,219,13.59456465
0,31,219,0.0
0,32,219,0.0
0,33,219,14.76262241
0,34,219,18.13146289
0,35,219,0.0
1,36,219,1.0
1,37,219,0.0
1,38,219,1.0
1,39,219,1.0
1,40,219,1.0
1,41,219,1.0
1,42,219,0.0
1,43,219,1.0
1,44,219,1.0
1,45,219,0.0
1,46,219,1.0
1,47,219,1.0
1,48,219,1.0
1,49,219,0.0
1,50,219,0.0
1,51,219,1.0
1,52,219,0.0
1,53,219,1.0
1,54,219,0.0
1,55,219,0.0
1,56,219,1.0
1,57,219,1.0
1,58,219,0.0
1,59,219,1.0
1,60,219,1.0
1,61,219,0.0
1,62,219,1.0
0,2,220,0.0
0,3,220,15.34180155
0,4,220,17.30193226
0,5,220,0.0
0,6,220,0.0
0,7,220,0.0
0,8,220,20.24359609
0,9,220,0.0
0,10,220,0.0
0,11,220,0.0
0,12,220,0.0
0,13,220,0.0
0,14,220,0.0
0,15,220,11.60735983
0,16,220,0.0
0,17,220,0.0
0,18,220,0.0
0,19,220,18.95869214
0,20,220,11.71411372
0,21,220,0.0
0,22,220,0.0
0,23,220,0.0
0,24,220,17.2956364
0,25,220,17.39715121
0,26,220,10.47280699
0,27,220,13.71157894
0,28,220,0.0
0,29,220,0.0
0,30,220,14.1584916
0,31,220,0.0
0,32,220,9.0359288
0,33,220,0.0
0,34,220,18.79058759
0,35,220,0.0
1,36,220,1.0
1,37,220,0.0
1,38,220,0.0
1,39,220,1.0
1,40,220,0.0
1,41,220,1.0
1,42,220,1.0
1,43,220,1.0
1,44,220,1.0
1,45,220,0.0
1,46,220,1.0
1,47,220,1.0
1,48,220,1.0
1,49,220,0.0
1,50,220,1.0
1,51,220,0.0
1,52,220,0.0
1,53,220,1.0
1,54,220,0.0
1,55,220,0.0
1,56,220,0.0
1,57,220,1.0
1,58,220,0.0
1,59,220,1.0
1,60,220,0.0
1,61,220,0.0
1,62,220,1.0
0,2,221,0.0
0,3,221,16.90560793
0,4,221,17.04250018
0,5,221,0.0
0,6,221,0.0
0,7,221,0.0
0,8,221,21.81557117
0,9,221,0.0
0,10,221,0.0
0,11,221,0.0
0,12,221,0.0
0,13,221,0.0
0,14,221,11.37018422
0,15,221,16.33343399
0,16,221,9.5482304
0,17,221,0.0
0,18,221,0.0
0,19,221,20.24386928
0,20,221,11.70261252
0,21,221,0.0
0,22,221,0.0
0,23,221,9.02435719
0,24,221,0.0
0,25,221,17.11620047
0,26,221,10.17193052
0,27,221,14.05862203
0,28,221,0.0
0,29,221,0.0
0,30,221,12.75619314
0,31,221,0.0
0,32,221,0.0
0,33,221,17.10343082
0,34,221,19.94349232
0,35,221,15.86016884
1,36,221,0.0
1,37,221,0.0
1,38,221,1.0
1,39,221,1.0
1,40,221,0.0
1,41,221,1.0
1,42,221,1.0
1,43,221,1.0
1,44,221,1.0
1,45,221,0.0
1,46,221,1.0
1,47,221,1.0
1,48,221,1.0
1,49,221,1.0
1,50,221,1.0
1,51,221,0.0
1,52,221,1.0
1,53,221,1.0
1,54,221,1.0
1,55,221,0.0
1,56,221,1.0
1,57,221,0.0
1,58,221,0.0
1,59,221,1.0
1,60,221,1.0
1,61,221,1.0
1,62,221,1.0
0,2,222,0.0
0,3,222,17.09829635
0,4,222,20.0711296
0,5,222,0.0
0,6,222,0.0
0,7,222,0.0
0,8,222,22.12989177
0,9,222,0.0
0,10,222,0.0
0,11,222,0.0
0,12,222,0.0
0,13,222,5.93409987
0,14,222,14.5247472
0,15,222,18.91253167
0,16,222,8.55298719
0,17,222,0.0
0,18,222,0.0
0,19,222,18.82838003
0,20,222,7.32169487
0,21,222,0.0
0,22,222,0.0
0,23,222,7.52118111
0,24,222,0.0
0,25,222,19.26876305
0,26,222,12.92275568
0,27,222,0.0
0,28,222,14.15365289
0,29,222,0.0
0,30,222,13.91038231
0,31,222,0.0
0,32,222,0.0
0,33,222,19.55513716
0,34,222,19.77504931
0,35,222,0.0
1,36,222,0.0
1,37,222,0.0
1,38,222,1.0
1,39,222,1.0
1,40,222,0.0
1,41,222,1.0
1,42,222,0.0
1,43,222,1.0
1,44,222,1.0
1,45,222,0.0
1,46,222,1.0
1,47,222,1.0
1,48,222,1.0
1,49,222,1.0
1,50,222,0.0
1,51,222,0.0
1,52,222,0.0
1,53,222,1.0
1,54,222,1.0
1,55,222,1.0
1,56,222,1.0
1,57,222,1.0
1,58,222,0.0
1,59,222,1.0
1,60,222,0.0
1,61,222,0.0
1,62,222,1.0
0,2,223,0.0
0,3,223,16.70395866
0,4,223,19.28115089
0,5,223,0.0
0,6,223,0.0
0,7,223,0.0
0,8,223,21.73537592
0,9,223,0.0
0,10,223,16.17925658
0,11,223,0.0
0,12,223,0.0
0,13,223,3.53652226
0,14,223,0.0
0,15,223,14.90094815
0,16,223,7.09097029
0,17,223,0.0
0,18,223,0.0
0,19,223,20.92133741
0,20,223,9.9965478
0,21,223,0.0
0,22,223,0.0
0,23,223,8.23368106
0,24,223,13.25106073
0,25,223,16.75453173
0,26,223,4.91001447
0,27,223,8.51973362
0,28,223,0.0
0,29,223,0.0
0,30,223,13.52820806
0,31,223,2.2672179
0,32,223,0.0
0,33,223,17.73157386
0,34,223,20.28808798
0,35,223,0.0
1,36,223,1.0
1,37,223,0.0
1,38,223,1.0
1,39,223,1.0
1,40,223,1.0
1,41,223,1.0
1,42,223,1.0
1,43,223,1.0
1,44,223,1.0
1,45,223,0.0
1,46,223,1.0
1,47,223,0.0
1,48,223,1.0
1,49,223,1.0
1,50,223,1.0
1,51,223,1.0
1,52,223,1.0
1,53,223,1.0
1,54,223,0.0
1,55,223,1.0
1,56,223,1.0
1,57,223,1.0
1,58,223,0.0
1,59,223,1.0
1,60,223,1.0
1,61,223,0.0
1,62,223,0.0
0,2,224,0.0
0,3,224,15.74197017
0,4,224,19.98779062
0,5,224,0.0
0,6,224,0.0
0,7,224,0.0
0,8,224,21.97103395
0,9,224,0.0
0,10,224,0.0
0,11,224,0.0
0,12,224,0.0
0,13,224,3.58960622
0,14,224,0.0
0,15,224,17.87946827
0,16,224,0.0
0,17,224,0.0
0,18,224,0.0
0,19,224,18.70206131
0,20,224,10.61538473
0,21,224,0.0
0,22,224,0.0
0,23,224,9.59377611
0,24,224,13.4873318
0,25,224,19.30644731
0,26,224,12.24250011
0,27,224,0.0
0,28,224,0.0
0,29,224,0.0
0,30,224,13.88699261
0,31,224,0.0
0,32,224,7.83243301
0,33,224,18.05124625
0,34,224,21.16123703
0,35,224,0.0
1,36,224,1.0
1,37,224,0.0
1,38,224,1.0
1,39,224,1.0
1,40,224,1.0
1,41,224,1.0
1,42,224,0.0
1,43,224,1.0
1,44,224,1.0
1,45,224,0.0
1,46,224,0.0
1,47,224,0.0
1,48,224,1.0
1,49,224,1.0
1,50,224,1.0
1,51,224,1.0
1,52,224,0.0
1,53,224,1.0
1,54,224,0.0
1,55,224,1.0
1,56,224,1.0
1,57,224,1.0
1,58,224,0.0
1,59,224,1.0
1,60,224,1.0
1,61,224,0.0
1,62,224,0.0
0,2,225,0.0
0,3,225,17.66437103
0,4,225,18.02450903
0,5,225,0.0
0,6,225,0.0
0,7,225,0.0
0,8,225,22.81239885
0,9,225,0.0
0,10,225,15.21286523
0,11,225,0.0
0,12,225,0.0
0,13,225,4.88534598
0,14,225,0.0
0,15,225,12.51082312
0,16,225,0.0
0,17,225,15.01408438
0,18,225,0.0
0,19,225,16.28830021
0,20,225,11.84009867
0,21,225,4.33771967
0,22,225,0.0
0,23,225,0.0
0,24,225,0.0
0,25,225,17.95677553
0,26,225,10.27665421
0,27,225,3.74623408
0,28,225,0.0
0,29,225,0.0
0,30,225,14.98241642
0,31,225,0.0
0,32,225,0.0
0,33,225,18.31261708
0,34,225,20.38218987
0,35,225,0.0
1,36,225,0.0
1,37,225,0.0
1,38,225,1.0
1,39,225,1.0
1,40,225,1.0
1,41,225,1.0
1,42,225,0.0
1,43,225,1.0
1,44,225,1.0
1,45,225,0.0
1,46,225,0.0
1,47,225,0.0
1,48,225,1.0
1,49,225,1.0
1,50,225,1.0
1,51,225,1.0
1,52,225,1.0
1,53,225,1.0
1,54,225,0.0
1,55,225,1.0
1,56,225,1.0
1,57,225,0.0
1,58,225,0.0
1,59,225,1.0
1,60,225,1.0
1,61,225,0.0
1,62,225,0.0
0,2,226,0.0
0,3,226,14.27390613
0,4,226,18.15907848
0,5,226,0.0
0,6,226,0.0
0,7,226,0.0
0,8,226,20.57711225
0,9,226,0.0
0,10,226,11.73288278
0,11,226,0.0
0,12,226,0.0
0,13,226,0.0
0,14,226,0.0
0,15,226,17.56148749
0,16,226,0.0
0,17,226,0.0
0,18,226,0.0
0,19,226,17.65481243
0,20,226,10.98126723
0,21,226,0.0
0,22,226,0.0
0,23,226,10.16160319
0,24,226,0.0
0,25,226,15.93392975
0,26,226,0.0
0,27,226,2.26851509
0,28,226,0.0
0,29,226,0.0
0,30,226,10.87992542
0,31,226,0.0
0,32,226,8.52759763
0,33,226,14.0720085
0,34,226,19.40802202
0,35,226,0.0
1,36,226,0.0
1,37,226,1.0
1,38,226,1.0
1,39,226,1.0
1,40,226,1.0
1,41,226,1.0
1,42,226,0.0
1,43,226,1.0
1,44,226,1.0
1,45,226,0.0
1,46,226,1.0
1,47,226,0.0
1,48,226,1.0
1,49,226,0.0
1,50,226,0.0
1,51,226,0.0
1,52,226,0.0
1,53,226,1.0
1,54,226,1.0
1,55,226,0.0
1,56,226,1.0
1,57,226,1.0
1,58,226,0.0
1,59,226,1.0
1,60,226,1.0
1,61,226,0.0
1,62,226,0.0
0,2,227,0.0
0,3,227,14.96849613
0,4,227,15.95149091
0,5,227,0.0
0,6,227,0.0
0,7,227,0.0
0,8,227,19.72671078
0,9,227,0.0
0,10,227,0.0
0,11,227,0.0
0,12,227,0.0
0,13,227,0.0
0,14,227,0.0
0,15,227,17.87346486
0,16,227,6.86844917
0,17,227,0.0
0,18,227,0.0
0,19,227,17.99489872
0,20,227,0.0
0,21,227,0.0
0,22,227,0.0
0,23,227,12.55468593
0,24,227,7.42161262
0,25,227,15.87418487
0,26,227,10.87022549
0,27,227,4.89877811
0,28,227,0.0
0,29,227,0.0
0,30,227,0.0
0,31,227,0.0
0,32,227,0.0
0,33,227,0.0
0,34,227,19.8886834
0,35,227,0.0
1,36,227,0.0
1,37,227,0.0
1,38,227,1.0
1,39,227,1.0
1,40,227,1.0
1,41,227,1.0
1,42,227,0.0
1,43,227,1.0
1,44,227,1.0
1,45,227,0.0
1,46,227,1.0
1,47,227,1.0
1,48,227,1.0
1,49,227,1.0
1,50,227,1.0
1,51,227,0.0
1,52,227,0.0
1,53,227,1.0
1,54,227,1.0
1,55,227,0.0
1,56,227,1.0
1,57,227,0.0
1,58,227,0.0
1,59,227,1.0
1,60,227,1.0
1,61,227,0.0
1,62,227,0.0
0,2,228,0.0
0,3,228,17.473703
0,4,228,18.94529609
0,5,228,0.0
0,6,228,0.0
0,7,228,0.0
0,8,228,21.62419589
0,9,228,0.0
0,10,228,16.4859603
0,11,228,0.0
0,12,228,0.0
0,13,228,2.84901566
0,14,228,0.0
0,15,228,18.62525454
0,16,228,6.39474287
0,17,228,0.0
0,18,228,0.0
0,19,228,19.22814888
0,20,228,10.05868679
0,21,228,0.0
0,22,228,0.0
0,23,228,10.88786418
0,24,228,17.71090069
0,25,228,17.82448718
0,26,228,12.90050475
0,27,228,13.08453801
0,28,228,0.0
0,29,228,0.0
0,30,228,14.91066277
0,31,228,0.0
0,32,228,0.0
0,33,228,0.0
0,34,228,20.91038288
0,35,228,0.0
1,36,228,0.0
1,37,228,0.0
1,38,228,1.0
1,39,228,1.0
1,40,228,1.0
1,41,228,1.0
1,42,228,0.0
1,43,228,1.0
1,44,228,0.0
1,45,228,0.0
1,46,228,0.0
1,47,228,1.0
1,48,228,0.0
1,49,228,0.0
1,50,228,1.0
1,51,228,0.0
1,52,228,0.0
1,53,228,0.0
1,54,228,0.0
1,55,228,0.0
1,56,228,1.0
1,57,228,1.0
1,58,228,0.0
1,59,228,1.0
1,60,228,1.0
1,61,228,1.0
1,62,228,0.0
0,2,229,0.0
0,3,229,17.02787875
0,4,229,18.67499251
0,5,229,0.0
0,6,229,0.0
0,7,229,0.0
0,8,229,21.77760293
0,9,229,0.0
0,10,229,0.0
0,11,229,13.16826331
0,12,229,0.0
0,13,229,0.0
0,14,229,15.79236859
0,15,229,19.12856405
0,16,229,6.13644148
0,17,229,0.0
0,18,229,12.4287037
0,19,229,18.3618889
0,20,229,11.51758772
0,21,229,0.0
0,22,229,0.0
0,23,229,0.0
0,24,229,19.30311966
0,25,229,19.30363651
0,26,229,12.56667206
0,27,229,17.37937072
0,28,229,0.0
0,29,229,0.0
0,30,229,0.0
0,31,229,0.0
0,32,229,4.08197077
0,33,229,20.84035199
0,34,229,21.57169633
0,35,229,0.0
1,36,229,0.0
1,37,229,0.0
1,38,229,1.0
1,39,229,1.0
1,40,229,1.0
1,41,229,1.0
1,42,229,0.0
1,43,229,1.0
1,44,229,1.0
1,45,229,0.0
1,46,229,0.0
1,47,229,0.0
1,48,229,1.0
1,49,229,1.0
1,50,229,0.0
1,51,229,0.0
1,52,229,0.0
1,53,229,1.0
1,54,229,0.0
1,55,229,1.0
1,56,229,1.0
1,57,229,1.0
1,58,229,0.0
1,59,229,1.0
1,60,229,1.0
1,61,229,1.0
1,62,229,1.0
0,2,230,0.0
0,3,230,18.50662015
0,4,230,20.34767645
0,5,230,0.0
0,6,230,0.0
0,7,230,0.0
0,8,230,22.68681723
0,9,230,0.0
0,10,230,0.0
0,11,230,0.0
0,12,230,0.0
0,13,230,0.0
0,14,230,13.34921993
0,15,230,19.46911764
0,16,230,7.57034828
0,17,230,0.0
0,18,230,16.817272
0,19,230,19.39889849
0,20,230,14.50484667
0,21,230,9.44592625
0,22,230,0.0
0,23,230,7.9551529
0,24,230,21.17481577
0,25,230,18.79872169
0,26,230,13.56503641
0,27,230,18.17433017
0,28,230,0.0
0,29,230,0.0
0,30,230,0.0
0,31,230,2.94839806
0,32,230,8.05119211
0,33,230,21.45416483
0,34,230,21.28604821
0,35,230,0.0
1,36,230,0.0
1,37,230,0.0
1,38,230,1.0
1,39,230,1.0
1,40,230,1.0
1,41,230,1.0
1,42,230,1.0
1,43,230,1.0
1,44,230,1.0
1,45,230,0.0
1,46,230,1.0
1,47,230,0.0
1,48,230,1.0
1,49,230,1.0
1,50,230,0.0
1,51,230,1.0
1,52,230,0.0
1,53,230,1.0
1,54,230,1.0
1,55,230,0.0
1,56,230,1.0
1,57,230,1.0
1,58,230,0.0
1,59,230,1.0
1,60,230,1.0
1,61,230,1.0
1,62,230,1.0
0,2,231,0.0
0,3,231,0.0
0,4,231,18.58697243
0,5,231,0.0
0,6,231,0.0
0,7,231,0.0
0,8,231,19.41992895
0,9,231,0.0
0,10,231,0.0
0,11,231,0.0
0,12,231,0.0
0,13,231,0.0
0,14,231,14.50886391
0,15,231,19.09538625
0,16,231,9.02364994
0,17,231,0.0
0,18,231,0.0
0,19,231,16.34591094
0,20,231,0.0
0,21,231,0.0
0,22,231,0.0
0,23,231,0.0
0,24,231,19.02851726
0,25,231,18.19620291
0,26,231,12.2901658
0,27,231,15.73914311
0,28,231,0.0
0,29,231,0.0
0,30,231,0.0
0,31,231,0.0
0,32,231,0.0
0,33,231,19.68705382
0,34,231,20.44614519
0,35,231,0.0
1,36,231,0.0
1,37,231,0.0
1,38,231,1.0
1,39,231,1.0
1,40,231,1.0
1,41,231,1.0
1,42,231,1.0
1,43,231,1.0
1,44,231,1.0
1,45,231,0.0
1,46,231,0.0
1,47,231,1.0
1,48,231,1.0
1,49,231,1.0
1,50,231,1.0
1,51,231,1.0
1,52,231,0.0
1,53,231,1.0
1,54,231,1.0
1,55,231,1.0
1,56,231,1.0
1,57,231,1.0
1,58,231,0.0
1,59,231,1.0
1,60,231,1.0
1,61,231,1.0
1,62,231,1.0
0,2,232,0.0
0,3,232,16.47642761
0,4,232,18.81957252
0,5,232,0.0
0,6,232,0.0
0,7,232,0.0
0,8,232,20.51323482
0,9,232,0.0
0,10,232,0.0
0,11,232,0.0
0,12,232,0.0
0,13,232,4.6195005
0,14,232,0.0
0,15,232,19.48025973
0,16,232,6.71964849
0,17,232,0.0
0,18,232,10.90268666
0,19,232,19.0384271
0,20,232,11.30569037
0,21,232,0.0
0,22,232,0.0
0,23,232,0.0
0,24,232,18.79622031
0,25,232,14.72438459
0,26,232,13.01247065
0,27,232,16.96116976
0,28,232,0.0
0,29,232,0.0
0,30,232,0.0
0,31,232,0.0
0,32,232,0.0
0,33,232,20.31132286
0,34,232,20.27906894
0,35,232,0.0
1,36,232,0.0
1,37,232,0.0
1,38,232,1.0
1,39,232,1.0
1,40,232,1.0
1,41,232,0.0
1,42,232,1.0
1,43,232,1.0
1,44,232,1.0
1,45,232,0.0
1,46,232,0.0
1,47,232,0.0
1,48,232,1.0
1,49,232,1.0
1,50,232,1.0
1,51,232,0.0
1,52,232,0.0
1,53,232,1.0
1,54,232,1.0
1,55,232,1.0
1,56,232,1.0
1,57,232,0.0
1,58,232,0.0
1,59,232,1.0
1,60,232,1.0
1,61,232,1.0
1,62,232,1.0
0,2,233,0.0
0,3,233,17.61832475
0,4,233,20.89539049
0,5,233,0.0
0,6,233,0.0
0,7,233,0.0
0,8,233,23.10405071
0,9,233,0.0
0,10,233,0.0
0,11,233,0.0
0,12,233,0.0
0,13,233,4.36877682
0,14,233,14.14972853
0,15,233,20.53463944
0,16,233,8.69443646
0,17,233,0.0
0,18,233,0.0
0,19,233,19.54812223
0,20,233,13.52079872
0,21,233,9.65397359
0,22,233,0.0
0,23,233,7.41943488
0,24,233,20.81519779
0,25,233,20.07757655
0,26,233,13.62430957
0,27,233,17.7061671
0,28,233,0.0
0,29,233,0.0
0,30,233,0.0
0,31,233,5.32390589
0,32,233,0.0
0,33,233,21.12958001
0,34,233,21.82157368
0,35,233,16.30831115
1,36,233,1.0
1,37,233,1.0
1,38,233,1.0
1,39,233,1.0
1,40,233,1.0
1,41,233,1.0
1,42,233,0.0
1,43,233,1.0
1,44,233,1.0
1,45,233,0.0
1,46,233,0.0
1,47,233,0.0
1,48,233,1.0
1,49,233,1.0
1,50,233,1.0
1,51,233,1.0
1,52,233,0.0
1,53,233,1.0
1,54,233,1.0
1,55,233,1.0
1,56,233,1.0
1,57,233,1.0
1,58,233,0.0
1,59,233,1.0
1,60,233,1.0
1,61,233,1.0
1,62,233,1.0
0,2,234,0.0
0,3,234,16.79837993
0,4,234,19.72879458
0,5,234,0.0
0,6,234,0.0
0,7,234,0.0
0,8,234,22.30053548
0,9,234,0.0
0,10,234,0.0
0,11,234,0.0
0,12,234,0.0
0,13,234,0.0
0,14,234,0.0
0,15,234,19.73110239
0,16,234,0.0
0,17,234,0.0
0,18,234,0.0
0,19,234,20.14568891
0,20,234,12.26324705
0,21,234,6.10802674
0,22,234,0.0
0,23,234,12.5029521
0,24,234,19.84301735
0,25,234,19.69638425
0,26,234,13.44124051
0,27,234,17.13097436
0,28,234,0.0
0,29,234,0.0
0,30,234,0.0
0,31,234,3.94915954
0,32,234,0.0
0,33,234,20.54486022
0,34,234,19.79173751
0,35,234,0.0
1,36,234,0.0
1,37,234,1.0
1,38,234,1.0
1,39,234,1.0
1,40,234,1.0
1,41,234,1.0
1,42,234,0.0
1,43,234,1.0
1,44,234,1.0
1,45,234,0.0
1,46,234,0.0
1,47,234,0.0
1,48,234,1.0
1,49,234,1.0
1,50,234,0.0
1,51,234,1.0
1,52,234,0.0
1,53,234,1.0
1,54,234,1.0
1,55,234,1.0
1,56,234,1.0
1,57,234,1.0
1,58,234,0.0
1,59,234,1.0
1,60,234,1.0
1,61,234,1.0
1,62,234,1.0
0,2,235,0.0
0,3,235,19.7363104
0,4,235,18.42168021
0,5,235,0.0
0,6,235,0.0
0,7,235,0.0
0,8,235,22.97596126
0,9,235,0.0
0,10,235,0.0
0,11,235,0.0
0,12,235,0.0
0,13,235,0.0
0,14,235,15.19055117
0,15,235,20.18932609
0,16,235,12.35589821
0,17,235,0.0
0,18,235,0.0
0,19,235,20.35626982
0,20,235,12.65871322
0,21,235,0.0
0,22,235,0.0
0,23,235,0.0
0,24,235,20.25384656
0,25,235,19.64170052
0,26,235,13.59253434
0,27,235,16.94361291
0,28,235,0.0
0,29,235,0.0
0,30,235,0.0
0,31,235,0.0
0,32,235,11.77901067
0,33,235,20.96906407
0,34,235,20.58722873
0,35,235,0.0
1,36,235,1.0
1,37,235,1.0
1,38,235,1.0
1,39,235,1.0
1,40,235,1.0
1,41,235,1.0
1,42,235,1.0
1,43,235,1.0
1,44,235,1.0
1,45,235,0.0
1,46,235,1.0
1,47,235,0.0
1,48,235,1.0
1,49,235,1.0
1,50,235,0.0
1,51,235,1.0
1,52,235,1.0
1,53,235,1.0
1,54,235,1.0
1,55,235,1.0
1,56,235,1.0
1,57,235,1.0
1,58,235,1.0
1,59,235,1.0
1,60,235,1.0
1,61,235,1.0
1,62,235,1.0
0,2,236,0.0
0,3,236,16.26197233
0,4,236,18.83869706
0,5,236,0.0
0,6,236,0.0
0,7,236,0.0
0,8,236,21.2879081
0,9,236,0.0
0,10,236,0.0
0,11,236,0.0
0,12,236,0.0
0,13,236,0.0
0,14,236,13.71385469
0,15,236,18.83116124
0,16,236,6.7502708
0,17,236,0.0
0,18,236,0.0
0,19,236,17.86760386
0,20,236,8.58607809
0,21,236,3.28699219
0,22,236,0.0
0,23,236,0.0
0,24,236,19.08284309
0,25,236,17.6883466
0,26,236,12.88057664
0,27,236,17.05817428
0,28,236,0.0
0,29,236,0.0
0,30,236,5.15420485
0,31,236,0.0
0,32,236,5.60164056
0,33,236,20.68271429
0,34,236,19.60370143
0,35,236,0.0
1,36,236,0.0
1,37,236,1.0
1,38,236,1.0
1,39,236,1.0
1,40,236,1.0
1,41,236,0.0
1,42,236,1.0
1,43,236,1.0
1,44,236,1.0
1,45,236,0.0
1,46,236,0.0
1,47,236,0.0
1,48,236,1.0
1,49,236,1.0
1,50,236,0.0
1,51,236,1.0
1,52,236,0.0
1,53,236,1.0
1,54,236,0.0
1,55,236,1.0
1,56,236,1.0
1,57,236,1.0
1,58,236,0.0
1,59,236,1.0
1,60,236,1.0
1,61,236,1.0
1,62,236,1.0
0,2,237,0.0
0,3,237,0.0
0,4,237,19.73606548
0,5,237,0.0
0,6,237,0.0
0,7,237,0.0
0,8,237,21.38050004
0,9,237,0.0
0,10,237,0.0
0,11,237,10.95749812
0,12,237,0.0
0,13,237,0.0
0,14,237,13.93603271
0,15,237,18.68733684
0,16,237,0.0
0,17,237,0.0
0,18,237,17.05804015
0,19,237,17.89972211
0,20,237,12.09476028
0,21,237,6.36977566
0,22,237,2.9065385
0,23,237,6.62282726
0,24,237,19.88361286
0,25,237,18.25014049
0,26,237,13.25343054
0,27,237,16.04349794
0,28,237,0.0
0,29,237,0.0
0,30,237,0.0
0,31,237,0.0
0,32,237,6.99503058
0,33,237,20.07050643
0,34,237,19.64659614
0,35,237,15.70316065
1,36,237,1.0
1,37,237,1.0
1,38,237,1.0
1,39,237,1.0
1,40,237,1.0
1,41,237,1.0
1,42,237,0.0
1,43,237,1.0
1,44,237,1.0
1,45,237,0.0
1,46,237,0.0
1,47,237,0.0
1,48,237,1.0
1,49,237,1.0
1,50,237,0.0
1,51,237,0.0
1,52,237,0.0
1,53,237,1.0
1,54,237,0.0
1,55,237,0.0
1,56,237,1.0
1,57,237,1.0
1,58,237,0.0
1,59,237,1.0
1,60,237,1.0
1,61,237,1.0
1,62,237,1.0
0,2,238,0.0
0,3,238,0.0
0,4,238,18.28719705
0,5,238,0.0
0,6,238,0.0
0,7,238,0.0
0,8,238,21.98448335
0,9,238,0.0
0,10,238,0.0
0,11,238,15.59012593
0,12,238,0.0
0,13,238,0.0
0,14,238,0.0
0,15,238,19.19163619
0,16,238,0.0
0,17,238,0.0
0,18,238,0.0
0,19,238,21.3619655
0,20,238,8.42188389
0,21,238,6.96892368
0,22,238,0.0
0,23,238,7.34551182
0,24,238,17.99426394
0,25,238,19.37736768
0,26,238,12.61166716
0,27,238,15.97116776
0,28,238,0.0
0,29,238,13.0557904
0,30,238,0.0
0,31,238,0.0
0,32,238,0.0
0,33,238,20.88640413
0,34,238,20.4049783
0,35,238,0.0
1,36,238,1.0
1,37,238,1.0
1,38,238,1.0
1,39,238,1.0
1,40,238,1.0
1,41,238,1.0
1,42,238,0.0
1,43,238,1.0
1,44,238,1.0
1,45,238,0.0
1,46,238,0.0
1,47,238,0.0
1,48,238,1.0
1,49,238,1.0
1,50,238,0.0
1,51,238,0.0
1,52,238,0.0
1,53,238,1.0
1,54,238,1.0
1,55,238,0.0
1,56,238,1.0
1,57,238,1.0
1,58,238,0.0
1,59,238,1.0
1,60,238,1.0
1,61,238,1.0
1,62,238,1.0
0,2,239,0.0
0,3,239,0.0
0,4,239,20.54463597
0,5,239,0.0
0,6,239,0.0
0,7,239,0.0
0,8,239,21.42523744
0,9,239,0.0
0,10,239,0.0
0,11,239,15.43653857
0,12,239,0.0
0,13,239,0.0
0,14,239,0.0
0,15,239,19.01693742
0,16,239,0.0
0,17,239,0.0
0,18,239,15.60393702
0,19,239,16.42883036
0,20,239,11.5212991
0,21,239,5.22926488
0,22,239,0.0
0,23,239,0.0
0,24,239,20.38089122
0,25,239,19.56528708
0,26,239,11.81963162
0,27,239,16.4261512
0,28,239,0.0
0,29,239,0.0
0,30,239,0.0
0,31,239,0.0
0,32,239,7.62114468
0,33,239,20.07217209
0,34,239,20.45434267
0,35,239,0.0
1,36,239,0.0
1,37,239,1.0
1,38,239,1.0
1,39,239,0.0
1,40,239,1.0
1,41,239,1.0
1,42,239,1.0
1,43,239,1.0
1,44,239,1.0
1,45,239,0.0
1,46,239,0.0
1,47,239,0.0
1,48,239,1.0
1,49,239,1.0
1,50,239,1.0
1,51,239,0.0
1,52,239,0.0
1,53,239,1.0
1,54,239,1.0
1,55,239,0.0
1,56,239,1.0
1,57,239,1.0
1,58,239,0.0
1,59,239,1.0
1,60,239,1.0
1,61,239,1.0
1,62,239,1.0
0,2,240,0.0
0,3,240,18.42296684
0,4,240,19.66259742
0,5,240,0.0
0,6,240,0.0
0,7,240,0.0
0,8,240,22.5918729
0,9,240,0.0
0,10,240,0.0
0,11,240,16.59981757
0,12,240,0.0
0,13,240,0.0
0,14,240,15.26864193
0,15,240,20.60518056
0,16,240,10.59400421
0,17,240,0.0
0,18,240,0.0
0,19,240,19.40281354
0,20,240,15.43223811
0,21,240,8.48881598
0,22,240,0.0
0,23,240,10.58044469
0,24,240,18.80695266
0,25,240,19.57997594
0,26,240,14.11667788
0,27,240,16.88870789
0,28,240,0.0
0,29,240,16.91265348
0,30,240,0.0
0,31,240,0.0
0,32,240,8.95693019
0,33,240,21.1567995
0,34,240,20.5566591
0,35,240,0.0
1,36,240,0.0
1,37,240,1.0
1,38,240,1.0
1,39,240,1.0
1,40,240,1.0
1,41,240,1.0
1,42,240,0.0
1,43,240,1.0
1,44,240,1.0
1,45,240,0.0
1,46,240,0.0
1,47,240,0.0
1,48,240,1.0
1,49,240,0.0
1,50,240,0.0
1,51,240,1.0
1,52,240,0.0
1,53,240,1.0
1,54,240,0.0
1,55,240,0.0
1,56,240,1.0
1,57,240,1.0
1,58,240,0.0
1,59,240,1.0
1,60,240,1.0
1,61,240,1.0
1,62,240,1.0
0,2,241,0.0
0,3,241,0.0
0,4,241,19.18066003
0,5,241,0.0
0,6,241,0.0
0,7,241,0.0
0,8,241,21.27933399
0,9,241,0.0
0,10,241,0.0
0,11,241,0.0
0,12,241,0.0
0,13,241,5.94041896
0,14,241,12.93646614
0,15,241,18.13689742
0,16,241,0.0
0,17,241,0.0
0,18,241,15.21654681
0,19,241,18.60108043
0,20,241,0.0
0,21,241,4.71921875
0,22,241,0.0
0,23,241,12.18192215
0,24,241,20.08013738
0,25,241,17.98093044
0,26,241,13.36602525
0,27,241,15.5707296
0,28,241,0.0
0,29,241,0.0
0,30,241,5.76766933
0,31,241,0.0
0,32,241,12.58452497
0,33,241,19.67611474
0,34,241,19.95974917
0,35,241,0.0
1,36,241,0.0
1,37,241,1.0
1,38,241,1.0
1,39,241,1.0
1,40,241,1.0
1,41,241,1.0
1,42,241,0.0
1,43,241,1.0
1,44,241,1.0
1,45,241,0.0
1,46,241,0.0
1,47,241,0.0
1,48,241,1.0
1,49,241,0.0
1,50,241,0.0
1,51,241,1.0
1,52,241,0.0
1,53,241,1.0
1,54,241,0.0
1,55,241,1.0
1,56,241,1.0
1,57,241,1.0
1,58,241,0.0
1,59,241,1.0
1,60,241,1.0
1,61,241,1.0
1,62,241,1.0
0,2,242,0.0
0,3,242,17.99429986
0,4,242,19.52194215
0,5,242,0.0
0,6,242,0.0
0,7,242,0.0
0,8,242,22.24882801
0,9,242,0.0
0,10,242,0.0
0,11,242,0.0
0,12,242,0.0
0,13,242,9.30853043
0,14,242,0.0
0,15,242,20.3166203
0,16,242,10.68363503
0,17,242,0.0
0,18,242,0.0
0,19,242,18.11139006
0,20,242,13.78971291
0,21,242,0.0
0,22,242,0.0
0,23,242,0.0
0,24,242,16.55644146
0,25,242,18.05811151
0,26,242,12.02333144
0,27,242,15.99948813
0,28,242,0.0
0,29,242,15.23324324
0,30,242,0.0
0,31,242,6.94065612
0,32,242,0.0
0,33,242,21.50229639
0,34,242,20.50597791
0,35,242,0.0
1,36,242,0.0
1,37,242,1.0
1,38,242,1.0
1,39,242,1.0
1,40,242,1.0
1,41,242,1.0
1,42,242,1.0
1,43,242,1.0
1,44,242,1.0
1,45,242,0.0
1,46,242,0.0
1,47,242,1.0
1,48,242,1.0
1,49,242,0.0
1,50,242,0.0
1,51,242,0.0
1,52,242,0.0
1,53,242,1.0
1,54,242,0.0
1,55,242,0.0
1,56,242,1.0
1,57,242,1.0
1,58,242,0.0
1,59,242,1.0
1,60,242,1.0
1,61,242,1.0
1,62,242,1.0
0,2,243,0.0
0,3,243,10.40430422
0,4,243,19.34265772
0,5,243,0.0
0,6,243,0.0
0,7,243,0.0
0,8,243,21.14255516
0,9,243,0.0
0,10,243,13.30991508
0,11,243,0.0
0,12,243,0.0
0,13,243,0.0
0,14,243,0.0
0,15,243,17.91988838
0,16,243,0.0
0,17,243,0.0
0,18,243,0.0
0,19,243,17.83573841
0,20,243,4.05040162
0,21,243,0.0
0,22,243,0.0
0,23,243,0.0
0,24,243,18.67505485
0,25,243,19.80999732
0,26,243,11.76822645
0,27,243,15.66822227
0,28,243,0.0
0,29,243,0.0
0,30,243,12.6067177
0,31,243,0.0
0,32,243,0.0
0,33,243,20.34466146
0,34,243,18.6594767
0,35,243,0.0
1,36,243,0.0
1,37,243,0.0
1,38,243,1.0
1,39,243,1.0
1,40,243,1.0
1,41,243,1.0
1,42,243,1.0
1,43,243,1.0
1,44,243,1.0
1,45,243,0.0
1,46,243,0.0
1,47,243,0.0
1,48,243,1.0
1,49,243,0.0
1,50,243,0.0
1,51,243,0.0
1,52,243,0.0
1,53,243,1.0
1,54,243,0.0
1,55,243,0.0
1,56,243,1.0
1,57,243,1.0
1,58,243,0.0
1,59,243,1.0
1,60,243,1.0
1,61,243,1.0
1,62,243,1.0
0,2,244,0.0
0,3,244,18.02076409
0,4,244,19.73580497
0,5,244,0.0
0,6,244,0.0
0,7,244,0.0
0,8,244,22.62530029
0,9,244,0.0
0,10,244,0.0
0,11,244,12.13029865
0,12,244,0.0
0,13,244,7.84297094
0,14,244,15.42721231
0,15,244,17.92154778
0,16,244,0.0
0,17,244,0.0
0,18,244,0.0
0,19,244,18.02149329
0,20,244,13.24663065
0,21,244,5.36806113
0,22,244,0.0
0,23,244,0.0
0,24,244,20.80135911
0,25,244,18.84905981
0,26,244,13.57872226
0,27,244,15.85961443
0,28,244,0.0
0,29,244,15.76165011
0,30,244,0.0
0,31,244,0.0
0,32,244,0.0
0,33,244,21.18919274
0,34,244,21.33045572
0,35,244,0.0
1,36,244,0.0
1,37,244,0.0
1,38,244,1.0
1,39,244,1.0
1,40,244,1.0
1,41,244,1.0
1,42,244,0.0
1,43,244,1.0
1,44,244,1.0
1,45,244,0.0
1,46,244,0.0
1,47,244,0.0
1,48,244,1.0
1,49,244,1.0
1,50,244,0.0
1,51,244,0.0
1,52,244,0.0
1,53,244,1.0
1,54,244,1.0
1,55,244,0.0
1,56,244,1.0
1,57,244,0.0
1,58,244,0.0
1,59,244,1.0
1,60,244,1.0
1,61,244,1.0
1,62,244,0.0
0,2,245,0.0
0,3,245,11.65174965
0,4,245,20.65924181
0,5,245,0.0
0,6,245,0.0
0,7,245,0.0
0,8,245,21.62593025
0,9,245,0.0
0,10,245,0.0
0,11,245,15.71885119
0,12,245,0.0
0,13,245,0.0
0,14,245,14.73152631
0,15,245,19.33318579
0,16,245,0.0
0,17,245,0.0
0,18,245,0.0
0,19,245,17.8909552
0,20,245,12.81890389
0,21,245,0.0
0,22,245,0.0
0,23,245,0.0
0,24,245,18.583702
0,25,245,18.30114505
0,26,245,12.43394347
0,27,245,16.68675764
0,28,245,0.0
0,29,245,0.0
0,30,245,0.0
0,31,245,4.93060942
0,32,245,5.92129318
0,33,245,21.16800486
0,34,245,20.99412055
0,35,245,16.41734861
1,36,245,0.0
1,37,245,0.0
1,38,245,1.0
1,39,245,1.0
1,40,245,1.0
1,41,245,1.0
1,42,245,0.0
1,43,245,1.0
1,44,245,1.0
1,45,245,0.0
1,46,245,0.0
1,47,245,0.0
1,48,245,1.0
1,49,245,1.0
1,50,245,0.0
1,51,245,0.0
1,52,245,0.0
1,53,245,1.0
1,54,245,0.0
1,55,245,1.0
1,56,245,1.0
1,57,245,0.0
1,58,245,0.0
1,59,245,1.0
1,60,245,1.0
1,61,245,1.0
1,62,245,0.0
0,2,246,0.0
0,3,246,15.96099887
0,4,246,19.31183342
0,5,246,0.0
0,6,246,0.0
0,7,246,0.0
0,8,246,20.97863143
0,9,246,0.0
0,10,246,0.0
0,11,246,0.0
0,12,246,0.0
0,13,246,0.0
0,14,246,15.05851237
0,15,246,18.37839704
0,16,246,0.0
0,17,246,0.0
0,18,246,0.0
0,19,246,16.10073675
0,20,246,11.72997689
0,21,246,3.5823346
0,22,246,0.0
0,23,246,0.0
0,24,246,19.64256493
0,25,246,20.1442229
0,26,246,13.22292856
0,27,246,17.184655
0,28,246,0.0
0,29,246,0.0
0,30,246,0.0
0,31,246,0.0
0,32,246,9.43888855
0,33,246,20.33967594
0,34,246,19.78708282
0,35,246,0.0
1,36,246,0.0
1,37,246,0.0
1,38,246,1.0
1,39,246,1.0
1,40,246,1.0
1,41,246,1.0
1,42,246,0.0
1,43,246,1.0
1,44,246,1.0
1,45,246,1.0
1,46,246,0.0
1,47,246,0.0
1,48,246,1.0
1,49,246,1.0
1,50,246,0.0
1,51,246,1.0
1,52,246,0.0
1,53,246,1.0
1,54,246,0.0
1,55,246,0.0
1,56,246,1.0
1,57,246,0.0
1,58,246,0.0
1,59,246,1.0
1,60,246,1.0
1,61,246,1.0
1,62,246,1.0
0,2,247,0.0
0,3,247,16.71260598
0,4,247,19.70651398
0,5,247,0.0
0,6,247,0.0
0,7,247,0.0
0,8,247,21.42719739
0,9,247,0.0
0,10,247,0.0
0,11,247,15.8927259
0,12,247,0.0
0,13,247,0.0
0,14,247,14.38234642
0,15,247,19.38423251
0,16,247,0.0
0,17,247,0.0
0,18,247,16.81570315
0,19,247,18.57830856
0,20,247,9.17703788
0,21,247,0.0
0,22,247,0.0
0,23,247,3.92777803
0,24,247,19.63515114
0,25,247,19.44882446
0,26,247,12.08957564
0,27,247,15.7188871
0,28,247,0.0
0,29,247,17.80666667
0,30,247,0.0
0,31,247,3.12475333
0,32,247,0.0
0,33,247,20.57244116
0,34,247,21.03045232
0,35,247,0.0
1,36,247,0.0
1,37,247,0.0
1,38,247,1.0
1,39,247,0.0
1,40,247,1.0
1,41,247,1.0
1,42,247,1.0
1,43,247,1.0
1,44,247,1.0
1,45,247,0.0
1,46,247,0.0
1,47,247,0.0
1,48,247,1.0
1,49,247,1.0
1,50,247,0.0
1,51,247,1.0
1,52,247,0.0
1,53,247,1.0
1,54,247,0.0
1,55,247,1.0
1,56,247,1.0
1,57,247,0.0
1,58,247,1.0
1,59,247,1.0
1,60,247,1.0
1,61,247,1.0
1,62,247,0.0
0,2,248,0.0
0,3,248,11.04429097
0,4,248,20.66685688
0,5,248,0.0
0,6,248,0.0
0,7,248,0.0
0,8,248,22.38204233
0,9,248,0.0
0,10,248,0.0
0,11,248,0.0
0,12,248,0.0
0,13,248,0.0
0,14,248,16.73103741
0,15,248,20.16387332
0,16,248,6.75179881
0,17,248,0.0
0,18,248,0.0
0,19,248,19.69393044
0,20,248,13.30079817
0,21,248,5.7653988
0,22,248,0.0
0,23,248,0.0
0,24,248,19.38573633
0,25,248,19.28374722
0,26,248,14.00076234
0,27,248,18.82347685
0,28,248,0.0
0,29,248,0.0
0,30,248,14.01941956
0,31,248,2.57160322
0,32,248,0.0
0,33,248,20.9935499
0,34,248,21.27834922
0,35,248,0.0
1,36,248,0.0
1,37,248,1.0
1,38,248,1.0
1,39,248,1.0
1,40,248,1.0
1,41,248,1.0
1,42,248,0.0
1,43,248,1.0
1,44,248,1.0
1,45,248,0.0
1,46,248,0.0
1,47,248,0.0
1,48,248,1.0
1,49,248,0.0
1,50,248,1.0
1,51,248,1.0
1,52,248,0.0
1,53,248,1.0
1,54,248,0.0
1,55,248,0.0
1,56,248,1.0
1,57,248,0.0
1,58,248,0.0
1,59,248,1.0
1,60,248,1.0
1,61,248,1.0
1,62,248,0.0
0,2,249,0.0
0,3,249,16.71746614
0,4,249,20.10988858
0,5,249,0.0
0,6,249,0.0
0,7,249,0.0
0,8,249,21.01653443
0,9,249,0.0
0,10,249,0.0
0,11,249,0.0
0,12,249,0.0
0,13,249,0.0
0,14,249,14.22035076
0,15,249,18.78596659
0,16,249,6.12849788
0,17,249,0.0
0,18,249,0.0
0,19,249,17.43532606
0,20,249,10.71918751
0,21,249,6.78814498
0,22,249,0.0
0,23,249,0.0
0,24,249,19.26624328
0,25,249,20.27455959
0,26,249,11.55097804
0,27,249,16.50757823
0,28,249,0.0
0,29,249,0.0
0,30,249,0.0
0,31,249,0.0
0,32,249,0.0
0,33,249,19.18355778
0,34,249,20.78062424
0,35,249,0.0
1,36,249,0.0
1,37,249,1.0
1,38,249,1.0
1,39,249,1.0
1,40,249,1.0
1,41,249,1.0
1,42,249,1.0
1,43,249,1.0
1,44,249,1.0
1,45,249,0.0
1,46,249,0.0
1,47,249,0.0
1,48,249,1.0
1,49,249,1.0
1,50,249,1.0
1,51,249,0.0
1,52,249,0.0
1,53,249,1.0
1,54,249,0.0
1,55,249,0.0
1,56,249,1.0
1,57,249,0.0
1,58,249,0.0
1,59,249,1.0
1,60,249,1.0
1,61,249,1.0
1,62,249,0.0
0,2,250,0.0
0,3,250,0.0
0,4,250,19.82492535
0,5,250,0.0
0,6,250,0.0
0,7,250,0.0
0,8,250,21.64900554
0,9,250,0.0
0,10,250,0.0
0,11,250,0.0
0,12,250,0.0
0,13,250,0.0
0,14,250,0.0
0,15,250,18.65759988
0,16,250,0.0
0,17,250,0.0
0,18,250,16.62608998
0,19,250,19.760963
0,20,250,11.85275919
0,21,250,3.58868588
0,22,250,0.0
0,23,250,0.0
0,24,250,18.88800637
0,25,250,19.38714716
0,26,250,13.39994936
0,27,250,15.31383793
0,28,250,0.0
0,29,250,0.0
0,30,250,12.6313309
0,31,250,0.0
0,32,250,0.0
0,33,250,20.62411867
0,34,250,20.68109942
0,35,250,0.0
1,36,250,0.0
1,37,250,0.0
1,38,250,1.0
1,39,250,1.0
1,40,250,1.0
1,41,250,1.0
1,42,250,0.0
1,43,250,1.0
1,44,250,1.0
1,45,250,0.0
1,46,250,0.0
1,47,250,0.0
1,48,250,1.0
1,49,250,1.0
1,50,250,1.0
1,51,250,1.0
1,52,250,0.0
1,53,250,1.0
1,54,250,0.0
1,55,250,0.0
1,56,250,1.0
1,57,250,1.0
1,58,250,0.0
1,59,250,1.0
1,60,250,1.0
1,61,250,1.0
1,62,250,0.0
0,2,251,0.0
0,3,251,0.0
0,4,251,18.23708197
0,5,251,0.0
0,6,251,0.0
0,7,251,0.0
0,8,251,21.75138049
0,9,251,0.0
0,10,251,0.0
0,11,251,0.0
0,12,251,0.0
0,13,251,0.0
0,14,251,0.0
0,15,251,20.27827864
0,16,251,0.0
0,17,251,0.0
0,18,251,0.0
0,19,251,15.20421554
0,20,251,13.22296724
0,21,251,4.70136854
0,22,251,0.0
0,23,251,0.0
0,24,251,19.37883183
0,25,251,19.45816365
0,26,251,11.46885092
0,27,251,16.67897802
0,28,251,0.0
0,29,251,0.0
0,30,251,0.0
0,31,251,0.0
0,32,251,7.25892362
0,33,251,20.64963244
0,34,251,20.43722188
0,35,251,0.0
1,36,251,0.0
1,37,251,0.0
1,38,251,1.0
1,39,251,1.0
1,40,251,1.0
1,41,251,1.0
1,42,251,1.0
1,43,251,1.0
1,44,251,1.0
1,45,251,0.0
1,46,251,0.0
1,47,251,0.0
1,48,251,1.0
1,49,251,1.0
1,50,251,0.0
1,51,251,1.0
1,52,251,0.0
1,53,251,1.0
1,54,251,0.0
1,55,251,0.0
1,56,251,0.0
1,57,251,0.0
1,58,251,0.0
1,59,251,1.0
1,60,251,1.0
1,61,251,1.0
1,62,251,0.0
0,2,252,0.0
0,3,252,18.96631105
0,4,252,18.212964
0,5,252,16.62399119
0,6,252,0.0
0,7,252,0.0
0,8,252,22.52535677
0,9,252,0.0
0,10,252,0.0
0,11,252,0.0
0,12,252,0.0
0,13,252,0.0
0,14,252,6.34816023
0,15,252,17.78293457
0,16,252,0.0
0,17,252,0.0
0,18,252,0.0
0,19,252,20.83742684
0,20,252,12.19220776
0,21,252,7.12911507
0,22,252,0.0
0,23,252,9.08780896
0,24,252,21.33146494
0,25,252,19.79853419
0,26,252,13.06757305
0,27,252,17.72553239
0,28,252,13.7731955
0,29,252,14.48973975
0,30,252,0.0
0,31,252,0.0
0,32,252,0.0
0,33,252,20.13693807
0,34,252,21.04354827
0,35,252,17.89689392
1,36,252,0.0
1,37,252,0.0
1,38,252,1.0
1,39,252,1.0
1,40,252,1.0
1,41,252,1.0
1,42,252,1.0
1,43,252,1.0
1,44,252,1.0
1,45,252,0.0
1,46,252,0.0
1,47,252,0.0
1,48,252,1.0
1,49,252,1.0
1,50,252,1.0
1,51,252,0.0
1,52,252,0.0
1,53,252,1.0
1,54,252,0.0
1,55,252,0.0
1,56,252,1.0
1,57,252,1.0
1,58,252,1.0
1,59,252,1.0
1,60,252,1.0
1,61,252,1.0
1,62,252,0.0
0,2,253,0.0
0,3,253,18.69595538
0,4,253,19.19600081
0,5,253,16.17144292
0,6,253,0.0
0,7,253,0.0
0,8,253,22.1899304
0,9,253,0.0
0,10,253,10.35700289
0,11,253,15.66273401
0,12,253,0.0
0,13,253,6.64299166
0,14,253,15.62636439
0,15,253,17.81020525
0,16,253,7.24620332
0,17,253,0.0
0,18,253,16.82477576
0,19,253,19.41503344
0,20,253,12.30613817
0,21,253,0.0
0,22,253,0.0
0,23,253,0.0
0,24,253,19.51034587
0,25,253,18.60975502
0,26,253,11.77026295
0,27,253,17.40741275
0,28,253,16.75153854
0,29,253,0.0
0,30,253,14.28310613
0,31,253,0.0
0,32,253,0.0
0,33,253,20.07671107
0,34,253,20.2729514
0,35,253,0.0
1,36,253,0.0
1,37,253,1.0
1,38,253,1.0
1,39,253,1.0
1,40,253,1.0
1,41,253,1.0
1,42,253,0.0
1,43,253,1.0
1,44,253,1.0
1,45,253,0.0
1,46,253,1.0
1,47,253,1.0
1,48,253,1.0
1,49,253,1.0
1,50,253,1.0
1,51,253,0.0
1,52,253,0.0
1,53,253,1.0
1,54,253,1.0
1,55,253,0.0
1,56,253,1.0
1,57,253,1.0
1,58,253,0.0
1,59,253,1.0
1,60,253,1.0
1,61,253,1.0
1,62,253,1.0
0,2,254,0.0
0,3,254,18.5425649
0,4,254,19.35101338
0,5,254,0.0
0,6,254,0.0
0,7,254,0.0
0,8,254,22.64725665
0,9,254,0.0
0,10,254,0.0
0,11,254,0.0
0,12,254,0.0
0,13,254,6.27090313
0,14,254,14.8267156
0,15,254,20.66979718
0,16,254,0.0
0,17,254,0.0
0,18,254,0.0
0,19,254,18.3459789
0,20,254,15.14158372
0,21,254,5.60535319
0,22,254,0.0
0,23,254,0.0
0,24,254,20.52999458
0,25,254,19.3994511
0,26,254,13.23635245
0,27,254,17.54631227
0,28,254,0.0
0,29,254,0.0
0,30,254,13.84013206
0,31,254,5.18028986
0,32,254,0.0
0,33,254,21.76866373
0,34,254,19.76563168
0,35,254,0.0
1,36,254,1.0
1,37,254,0.0
1,38,254,1.0
1,39,254,1.0
1,40,254,1.0
1,41,254,1.0
1,42,254,1.0
1,43,254,1.0
1,44,254,1.0
1,45,254,1.0
1,46,254,1.0
1,47,254,0.0
1,48,254,1.0
1,49,254,1.0
1,50,254,1.0
1,51,254,0.0
1,52,254,0.0
1,53,254,1.0
1,54,254,1.0
1,55,254,0.0
1,56,254,1.0
1,57,254,0.0
1,58,254,0.0
1,59,254,1.0
1,60,254,1.0
1,61,254,1.0
1,62,254,0.0
0,2,255,0.0
0,3,255,17.91372317
0,4,255,19.72365985
0,5,255,0.0
0,6,255,19.25197595
0,7,255,0.0
0,8,255,22.69372691
0,9,255,0.0
0,10,255,0.0
0,11,255,0.0
0,12,255,0.0
0,13,255,0.0
0,14,255,15.74474973
0,15,255,19.59510273
0,16,255,13.66778915
0,17,255,0.0
0,18,255,0.0
0,19,255,20.68683842
0,20,255,14.05012883
0,21,255,6.02210163
0,22,255,0.0
0,23,255,11.98212999
0,24,255,19.67051488
0,25,255,20.47249336
0,26,255,13.29047281
0,27,255,17.21809169
0,28,255,0.0
0,29,255,0.0
0,30,255,0.0
0,31,255,4.71699809
0,32,255,0.0
0,33,255,21.36567508
0,34,255,20.46996766
0,35,255,0.0
1,36,255,0.0
1,37,255,0.0
1,38,255,1.0
1,39,255,1.0
1,40,255,1.0
1,41,255,1.0
1,42,255,1.0
1,43,255,1.0
1,44,255,1.0
1,45,255,0.0
1,46,255,1.0
1,47,255,1.0
1,48,255,1.0
1,49,255,1.0
1,50,255,0.0
1,51,255,0.0
1,52,255,0.0
1,53,255,1.0
1,54,255,1.0
1,55,255,1.0
1,56,255,1.0
1,57,255,1.0
1,58,255,0.0
1,59,255,1.0
1,60,255,1.0
1,61,255,1.0
1,62,255,0.0
0,2,256,0.0
0,3,256,15.53283314
0,4,256,19.27238484
0,5,256,0.0
0,6,256,0.0
0,7,256,0.0
0,8,256,22.75112299
0,9,256,0.0
0,10,256,0.0
0,11,256,0.0
0,12,256,0.0
0,13,256,0.0
0,14,256,15.97245412
0,15,256,19.28595852
0,16,256,6.12461545
0,17,256,0.0
0,18,256,17.06028158
0,19,256,18.5181354
0,20,256,14.5518855
0,21,256,6.05550575
0,22,256,0.0
0,23,256,11.95625222
0,24,256,17.51466517
0,25,256,20.10839641
0,26,256,13.12879197
0,27,256,17.21122845
0,28,256,0.0
0,29,256,0.0
0,30,256,10.19535236
0,31,256,3.65174097
0,32,256,0.0
0,33,256,20.81138655
0,34,256,19.84622621
0,35,256,0.0
1,36,256,0.0
1,37,256,1.0
1,38,256,1.0
1,39,256,1.0
1,40,256,1.0
1,41,256,1.0
1,42,256,0.0
1,43,256,1.0
1,44,256,1.0
1,45,256,1.0
1,46,256,0.0
1,47,256,1.0
1,48,256,1.0
1,49,256,0.0
1,50,256,0.0
1,51,256,0.0
1,52,256,0.0
1,53,256,1.0
1,54,256,1.0
1,55,256,0.0
1,56,256,1.0
1,57,256,1.0
1,58,256,0.0
1,59,256,1.0
1,60,256,1.0
1,61,256,1.0
1,62,256,1.0
0,2,257,0.0
0,3,257,16.62733364
0,4,257,19.09628494
0,5,257,14.70087483
0,6,257,0.0
0,7,257,0.0
0,8,257,21.49359545
0,9,257,0.0
0,10,257,0.0
0,11,257,0.0
0,12,257,0.0
0,13,257,0.0
0,14,257,0.0
0,15,257,18.17150284
0,16,257,0.0
0,17,257,0.0
0,18,257,15.38023129
0,19,257,19.46907837
0,20,257,12.75510651
0,21,257,4.63504414
0,22,257,0.0
0,23,257,10.99387695
0,24,257,21.38587028
0,25,257,19.88019009
0,26,257,12.5907567
0,27,257,17.47416761
0,28,257,0.0
0,29,257,0.0
0,30,257,0.0
0,31,257,0.0
0,32,257,11.03836238
0,33,257,20.01953651
0,34,257,20.18315528
0,35,257,0.0
1,36,257,0.0
1,37,257,1.0
1,38,257,1.0
1,39,257,1.0
1,40,257,1.0
1,41,257,1.0
1,42,257,0.0
1,43,257,1.0
1,44,257,1.0
1,45,257,0.0
1,46,257,1.0
1,47,257,0.0
1,48,257,1.0
1,49,257,1.0
1,50,257,0.0
1,51,257,0.0
1,52,257,0.0
1,53,257,1.0
1,54,257,1.0
1,55,257,0.0
1,56,257,1.0
1,57,257,1.0
1,58,257,0.0
1,59,257,1.0
1,60,257,1.0
1,61,257,1.0
1,62,257,1.0
0,2,258,0.0
0,3,258,0.0
0,4,258,19.28272321
0,5,258,0.0
0,6,258,11.76024555
0,7,258,0.0
0,8,258,21.01250881
0,9,258,0.0
0,10,258,0.0
0,11,258,0.0
0,12,258,0.0
0,13,258,0.0
0,14,258,0.0
0,15,258,18.82658042
0,16,258,0.0
0,17,258,0.0
0,18,258,0.0
0,19,258,16.79493426
0,20,258,13.33608688
0,21,258,10.49040982
0,22,258,0.0
0,23,258,0.0
0,24,258,18.84145666
0,25,258,16.45918662
0,26,258,13.06787164
0,27,258,17.07657563
0,28,258,0.0
0,29,258,0.0
0,30,258,0.0
0,31,258,4.23045322
0,32,258,0.0
0,33,258,20.40999201
0,34,258,20.90390781
0,35,258,0.0
1,36,258,0.0
1,37,258,0.0
1,38,258,1.0
1,39,258,1.0
1,40,258,1.0
1,41,258,1.0
1,42,258,0.0
1,43,258,1.0
1,44,258,1.0
1,45,258,0.0
1,46,258,1.0
1,47,258,1.0
1,48,258,1.0
1,49,258,1.0
1,50,258,0.0
1,51,258,0.0
1,52,258,0.0
1,53,258,1.0
1,54,258,1.0
1,55,258,1.0
1,56,258,0.0
1,57,258,1.0
1,58,258,1.0
1,59,258,1.0
1,60,258,1.0
1,61,258,1.0
1,62,258,1.0
0,2,259,0.0
0,3,259,17.8093584
0,4,259,19.92154732
0,5,259,0.0
0,6,259,15.89399642
0,7,259,0.0
0,8,259,22.87188718
0,9,259,0.0
0,10,259,0.0
0,11,259,14.79221636
0,12,259,0.0
0,13,259,7.32535845
0,14,259,14.27541373
0,15,259,19.27087976
0,16,259,0.0
0,17,259,0.0
0,18,259,16.64166527
0,19,259,20.26496526
0,20,259,13.3290099
0,21,259,3.26485248
0,22,259,0.0
0,23,259,9.3539483
0,24,259,19.93395047
0,25,259,19.97346871
0,26,259,13.22465427
0,27,259,16.33204929
0,28,259,0.0
0,29,259,0.0
0,30,259,11.36205262
0,31,259,2.74107571
0,32,259,10.11953113
0,33,259,20.79009783
0,34,259,20.10952366
0,35,259,0.0
1,36,259,1.0
1,37,259,1.0
1,38,259,1.0
1,39,259,1.0
1,40,259,1.0
1,41,259,1.0
1,42,259,1.0
1,43,259,1.0
1,44,259,1.0
1,45,259,1.0
1,46,259,1.0
1,47,259,0.0
1,48,259,1.0
1,49,259,1.0
1,50,259,1.0
1,51,259,0.0
1,52,259,0.0
1,53,259,1.0
1,54,259,1.0
1,55,259,0.0
1,56,259,1.0
1,57,259,1.0
1,58,259,1.0
1,59,259,1.0
1,60,259,1.0
1,61,259,1.0
1,62,259,1.0
0,2,260,0.0
0,3,260,16.52990235
0,4,260,18.90668813
0,5,260,0.0
0,6,260,0.0
0,7,260,0.0
0,8,260,22.96438332
0,9,260,0.0
0,10,260,0.0
0,11,260,0.0
0,12,260,0.0
0,13,260,6.80802231
0,14,260,17.35320788
0,15,260,18.05862762
0,16,260,7.71314371
0,17,260,0.0
0,18,260,16.39550494
0,19,260,18.95157826
0,20,260,11.72560812
0,21,260,5.20370676
0,22,260,0.0
0,23,260,0.0
0,24,260,20.26722926
0,25,260,20.29656403
0,26,260,13.32946209
0,27,260,17.02828912
0,28,260,0.0
0,29,260,0.0
0,30,260,10.66427439
0,31,260,0.0
0,32,260,7.69075712
0,33,260,20.64271902
0,34,260,21.41140091
0,35,260,0.0
1,36,260,0.0
1,37,260,1.0
1,38,260,1.0
1,39,260,1.0
1,40,260,1.0
1,41,260,1.0
1,42,260,1.0
1,43,260,1.0
1,44,260,1.0
1,45,260,1.0
1,46,260,1.0
1,47,260,0.0
1,48,260,1.0
1,49,260,1.0
1,50,260,1.0
1,51,260,1.0
1,52,260,0.0
1,53,260,1.0
1,54,260,1.0
1,55,260,1.0
1,56,260,1.0
1,57,260,1.0
1,58,260,0.0
1,59,260,1.0
1,60,260,1.0
1,61,260,1.0
1,62,260,1.0
0,2,261,0.0
0,3,261,17.64456084
0,4,261,20.22539048
0,5,261,0.0
0,6,261,0.0
0,7,261,0.0
0,8,261,22.75585469
0,9,261,0.0
0,10,261,6.24625977
0,11,261,15.1848898
0,12,261,0.0
0,13,261,0.0
0,14,261,14.68086341
0,15,261,18.77626135
0,16,261,0.0
0,17,261,0.0
0,18,261,18.09017561
0,19,261,19.70335222
0,20,261,11.12300577
0,21,261,8.26569129
0,22,261,0.0
0,23,261,6.51727188
0,24,261,21.28993735
0,25,261,19.51034948
0,26,261,12.0690458
0,27,261,17.46261296
0,28,261,0.0
0,29,261,0.0
0,30,261,0.0
0,31,261,0.0
0,32,261,0.0
0,33,261,20.59555481
0,34,261,20.73124401
0,35,261,0.0
1,36,261,0.0
1,37,261,1.0
1,38,261,1.0
1,39,261,1.0
1,40,261,1.0
1,41,261,1.0
1,42,261,1.0
1,43,261,1.0
1,44,261,1.0
1,45,261,1.0
1,46,261,1.0
1,47,261,1.0
1,48,261,1.0
1,49,261,1.0
1,50,261,0.0
1,51,261,0.0
1,52,261,0.0
1,53,261,1.0
1,54,261,1.0
1,55,261,1.0
1,56,261,1.0
1,57,261,1.0
1,58,261,1.0
1,59,261,1.0
1,60,261,1.0
1,61,261,1.0
1,62,261,1.0
0,2,262,0.0
0,3,262,15.98359833
0,4,262,19.83201633
0,5,262,0.0
0,6,262,0.0
0,7,262,0.0
0,8,262,22.03780747
0,9,262,0.0
0,10,262,12.73943882
0,11,262,0.0
0,12,262,0.0
0,13,262,0.0
0,14,262,0.0
0,15,262,18.7454412
0,16,262,0.0
0,17,262,0.0
0,18,262,0.0
0,19,262,18.77453712
0,20,262,13.06441301
0,21,262,0.0
0,22,262,0.0
0,23,262,5.60238157
0,24,262,19.75294779
0,25,262,20.16517853
0,26,262,13.2342964
0,27,262,15.66870558
0,28,262,0.0
0,29,262,0.0
0,30,262,0.0
0,31,262,3.73156086
0,32,262,0.0
0,33,262,20.73805
0,34,262,20.86118177
0,35,262,0.0
1,36,262,1.0
1,37,262,0.0
1,38,262,1.0
1,39,262,1.0
1,40,262,1.0
1,41,262,1.0
1,42,262,1.0
1,43,262,1.0
1,44,262,1.0
1,45,262,0.0
1,46,262,1.0
1,47,262,0.0
1,48,262,1.0
1,49,262,1.0
1,50,262,1.0
1,51,262,1.0
1,52,262,1.0
1,53,262,1.0
1,54,262,1.0
1,55,262,1.0
1,56,262,1.0
1,57,262,1.0
1,58,262,1.0
1,59,262,1.0
1,60,262,1.0
1,61,262,1.0
1,62,262,1.0
0,2,263,0.0
0,3,263,18.0501345
0,4,263,19.89371681
0,5,263,0.0
0,6,263,0.0
0,7,263,0.0
0,8,263,22.99394813
0,9,263,0.0
0,10,263,14.93832845
0,11,263,0.0
0,12,263,0.0
0,13,263,0.0
0,14,263,13.923787
0,15,263,19.05720545
0,16,263,9.70183491
0,17,263,0.0
0,18,263,13.93534921
0,19,263,19.45300751
0,20,263,15.59461346
0,21,263,10.40007702
0,22,263,0.0
0,23,263,4.25338787
0,24,263,17.4055373
0,25,263,19.38984099
0,26,263,10.39106465
0,27,263,18.71931808
0,28,263,0.0
0,29,263,0.0
0,30,263,14.80065585
0,31,263,0.0
0,32,263,0.0
0,33,263,20.65043787
0,34,263,19.64860983
0,35,263,0.0
1,36,263,0.0
1,37,263,0.0
1,38,263,1.0
1,39,263,1.0
1,40,263,1.0
1,41,263,1.0
1,42,263,0.0
1,43,263,1.0
1,44,263,1.0
1,45,263,0.0
1,46,263,0.0
1,47,263,0.0
1,48,263,1.0
1,49,263,1.0
1,50,263,0.0
1,51,263,0.0
1,52,263,0.0
1,53,263,1.0
1,54,263,1.0
1,55,263,1.0
1,56,263,1.0
1,57,263,1.0
1,58,263,0.0
1,59,263,1.0
1,60,263,1.0
1,61,263,1.0
1,62,263,1.0
0,2,264,0.0
0,3,264,16.256833
0,4,264,19.48290737
0,5,264,0.0
0,6,264,0.0
0,7,264,0.0
0,8,264,23.24321038
0,9,264,0.0
0,10,264,14.12841765
0,11,264,0.0
0,12,264,0.0
0,13,264,0.0
0,14,264,13.84340444
0,15,264,19.59902691
0,16,264,13.00663039
0,17,264,0.0
0,18,264,14.88462416
0,19,264,20.22001088
0,20,264,15.65618791
0,21,264,0.0
0,22,264,0.0
0,23,264,0.0
0,24,264,17.89289365
0,25,264,19.5628884
0,26,264,10.59029598
0,27,264,18.39241757
0,28,264,0.0
0,29,264,0.0
0,30,264,12.65972014
0,31,264,0.0
0,32,264,0.0
0,33,264,21.41048317
0,34,264,18.4005636
0,35,264,0.0
1,36,264,0.0
1,37,264,0.0
1,38,264,1.0
1,39,264,1.0
1,40,264,1.0
1,41,264,1.0
1,42,264,0.0
1,43,264,1.0
1,44,264,1.0
1,45,264,0.0
1,46,264,0.0
1,47,264,0.0
1,48,264,1.0
1,49,264,1.0
1,50,264,0.0
1,51,264,0.0
1,52,264,0.0
1,53,264,1.0
1,54,264,1.0
1,55,264,0.0
1,56,264,1.0
1,57,264,1.0
1,58,264,0.0
1,59,264,1.0
1,60,264,1.0
1,61,264,1.0
1,62,264,1.0
0,2,265,0.0
0,3,265,18.23220512
0,4,265,20.0087066
0,5,265,0.0
0,6,265,15.19845855
0,7,265,0.0
0,8,265,23.68529929
0,9,265,0.0
0,10,265,0.0
0,11,265,14.2220918
0,12,265,0.0
0,13,265,0.0
0,14,265,13.63383788
0,15,265,19.83364858
0,16,265,11.31904728
0,17,265,0.0
0,18,265,16.22284083
0,19,265,20.36785624
0,20,265,16.55619092
0,21,265,4.80055
0,22,265,0.0
0,23,265,0.0
0,24,265,17.12927299
0,25,265,20.19096814
0,26,265,11.32063825
0,27,265,18.34269898
0,28,265,0.0
0,29,265,0.0
0,30,265,13.37896142
0,31,265,5.78604742
0,32,265,5.44380169
0,33,265,20.81528789
0,34,265,19.92284134
0,35,265,0.0
1,36,265,0.0
1,37,265,0.0
1,38,265,1.0
1,39,265,1.0
1,40,265,1.0
1,41,265,1.0
1,42,265,1.0
1,43,265,1.0
1,44,265,1.0
1,45,265,0.0
1,46,265,0.0
1,47,265,0.0
1,48,265,1.0
1,49,265,1.0
1,50,265,1.0
1,51,265,0.0
1,52,265,0.0
1,53,265,1.0
1,54,265,1.0
1,55,265,1.0
1,56,265,1.0
1,57,265,1.0
1,58,265,0.0
1,59,265,1.0
1,60,265,1.0
1,61,265,1.0
1,62,265,1.0
0,2,266,0.0
0,3,266,18.13070936
0,4,266,18.9217795
0,5,266,0.0
0,6,266,0.0
0,7,266,0.0
0,8,266,23.5918683
0,9,266,0.0
0,10,266,9.08422177
0,11,266,15.60554565
0,12,266,0.0
0,13,266,0.0
0,14,266,15.60463627
0,15,266,17.65709825
0,16,266,13.24875261
0,17,266,0.0
0,18,266,15.53494615
0,19,266,19.5000255
0,20,266,16.46765194
0,21,266,0.0
0,22,266,0.0
0,23,266,9.95305066
0,24,266,19.00298366
0,25,266,19.3461238
0,26,266,8.35847509
0,27,266,17.57607616
0,28,266,0.0
0,29,266,0.0
0,30,266,0.0
0,31,266,4.27099205
0,32,266,11.00840182
0,33,266,21.26458093
0,34,266,18.9567042
0,35,266,0.0
1,36,266,0.0
1,37,266,0.0
1,38,266,1.0
1,39,266,1.0
1,40,266,1.0
1,41,266,1.0
1,42,266,0.0
1,43,266,1.0
1,44,266,1.0
1,45,266,0.0
1,46,266,0.0
1,47,266,0.0
1,48,266,1.0
1,49,266,1.0
1,50,266,0.0
1,51,266,1.0
1,52,266,0.0
1,53,266,1.0
1,54,266,1.0
1,55,266,1.0
1,56,266,1.0
1,57,266,1.0
1,58,266,0.0
1,59,266,1.0
1,60,266,1.0
1,61,266,1.0
1,62,266,1.0
0,2,267,0.0
0,3,267,14.78735059
0,4,267,19.21556917
0,5,267,0.0
0,6,267,17.21520978
0,7,267,0.0
0,8,267,23.47304643
0,9,267,0.0
0,10,267,0.0
0,11,267,0.0
0,12,267,0.0
0,13,267,0.0
0,14,267,0.0
0,15,267,18.85964737
0,16,267,0.0
0,17,267,0.0
0,18,267,16.74740755
0,19,267,19.34700915
0,20,267,15.90926992
0,21,267,7.827934
0,22,267,0.0
0,23,267,0.0
0,24,267,16.23765497
0,25,267,19.48665788
0,26,267,11.53642602
0,27,267,16.81733258
0,28,267,0.0
0,29,267,0.0
0,30,267,0.0
0,31,267,0.0
0,32,267,9.06440509
0,33,267,21.23401824
0,34,267,20.53002794
0,35,267,0.0
1,36,267,1.0
1,37,267,0.0
1,38,267,1.0
1,39,267,1.0
1,40,267,1.0
1,41,267,1.0
1,42,267,1.0
1,43,267,1.0
1,44,267,1.0
1,45,267,0.0
1,46,267,0.0
1,47,267,1.0
1,48,267,1.0
1,49,267,0.0
1,50,267,1.0
1,51,267,0.0
1,52,267,0.0
1,53,267,1.0
1,54,267,0.0
1,55,267,1.0
1,56,267,1.0
1,57,267,1.0
1,58,267,0.0
1,59,267,1.0
1,60,267,1.0
1,61,267,1.0
1,62,267,1.0
0,2,268,0.0
0,3,268,17.73070133
0,4,268,19.08873934
0,5,268,0.0
0,6,268,0.0
0,7,268,0.0
0,8,268,23.62580113
0,9,268,0.0
0,10,268,15.12750367
0,11,268,14.92125312
0,12,268,0.0
0,13,268,0.0
0,14,268,0.0
0,15,268,19.27398107
0,16,268,4.85318693
0,17,268,0.0
0,18,268,16.36675666
0,19,268,22.24156308
0,20,268,16.58054385
0,21,268,6.69146197
0,22,268,0.0
0,23,268,13.24409122
0,24,268,19.62026148
0,25,268,20.3829123
0,26,268,12.24528871
0,27,268,17.7840775
0,28,268,0.0
0,29,268,0.0
0,30,268,0.0
0,31,268,0.0
0,32,268,0.0
0,33,268,21.40758717
0,34,268,20.16599809
0,35,268,0.0
1,36,268,0.0
1,37,268,0.0
1,38,268,1.0
1,39,268,1.0
1,40,268,1.0
1,41,268,1.0
1,42,268,1.0
1,43,268,1.0
1,44,268,1.0
1,45,268,0.0
1,46,268,0.0
1,47,268,0.0
1,48,268,1.0
1,49,268,1.0
1,50,268,1.0
1,51,268,1.0
1,52,268,1.0
1,53,268,1.0
1,54,268,1.0
1,55,268,0.0
1,56,268,1.0
1,57,268,1.0
1,58,268,0.0
1,59,268,1.0
1,60,268,1.0
1,61,268,1.0
1,62,268,1.0
0,2,269,0.0
0,3,269,16.23972758
0,4,269,19.40851929
0,5,269,0.0
0,6,269,18.28141505
0,7,269,0.0
0,8,269,23.39949247
0,9,269,15.10883163
0,10,269,0.0
0,11,269,0.0
0,12,269,0.0
0,13,269,0.0
0,14,269,15.4636712
0,15,269,19.12819379
0,16,269,12.90295964
0,17,269,0.0
0,18,269,16.11883648
0,19,269,20.202517
0,20,269,15.65190864
0,21,269,8.34696626
0,22,269,0.0
0,23,269,0.0
0,24,269,19.77657058
0,25,269,18.29678177
0,26,269,10.41482386
0,27,269,18.67725865
0,28,269,0.0
0,29,269,0.0
0,30,269,15.35136651
0,31,269,0.0
0,32,269,0.0
0,33,269,20.57413903
0,34,269,20.67757779
0,35,269,16.26994647
1,36,269,0.0
1,37,269,0.0
1,38,269,1.0
1,39,269,1.0
1,40,269,1.0
1,41,269,1.0
1,42,269,0.0
1,43,269,1.0
1,44,269,1.0
1,45,269,0.0
1,46,269,0.0
1,47,269,1.0
1,48,269,1.0
1,49,269,1.0
1,50,269,1.0
1,51,269,0.0
1,52,269,1.0
1,53,269,1.0
1,54,269,1.0
1,55,269,0.0
1,56,269,1.0
1,57,269,1.0
1,58,269,0.0
1,59,269,1.0
1,60,269,1.0
1,61,269,1.0
1,62,269,1.0
0,2,270,0.0
0,3,270,17.08885066
0,4,270,19.63179306
0,5,270,0.0
0,6,270,17.04546079
0,7,270,0.0
0,8,270,23.26344495
0,9,270,0.0
0,10,270,0.0
0,11,270,0.0
0,12,270,0.0
0,13,270,8.69919288
0,14,270,14.08113047
0,15,270,19.22526854
0,16,270,9.12566347
0,17,270,0.0
0,18,270,15.81701324
0,19,270,19.31217787
0,20,270,14.38861116
0,21,270,9.13415405
0,22,270,0.0
0,23,270,0.0
0,24,270,20.46955421
0,25,270,19.20114277
0,26,270,8.76386441
0,27,270,17.00480315
0,28,270,0.0
0,29,270,0.0
0,30,270,14.25979992
0,31,270,4.63006122
0,32,270,0.0
0,33,270,20.64581294
0,34,270,19.9811454
0,35,270,0.0
1,36,270,1.0
1,37,270,0.0
1,38,270,1.0
1,39,270,1.0
1,40,270,1.0
1,41,270,1.0
1,42,270,0.0
1,43,270,1.0
1,44,270,1.0
1,45,270,0.0
1,46,270,0.0
1,47,270,1.0
1,48,270,1.0
1,49,270,1.0
1,50,270,1.0
1,51,270,0.0
1,52,270,1.0
1,53,270,1.0
1,54,270,1.0
1,55,270,0.0
1,56,270,1.0
1,57,270,1.0
1,58,270,0.0
1,59,270,1.0
1,60,270,1.0
1,61,270,1.0
1,62,270,1.0
0,2,271,0.0
0,3,271,17.49597328
0,4,271,18.20445514
0,5,271,0.0
0,6,271,0.0
0,7,271,0.0
0,8,271,23.00953636
0,9,271,0.0
0,10,271,0.0
0,11,271,14.41391029
0,12,271,0.0
0,13,271,0.0
0,14,271,14.51088209
0,15,271,18.88302579
0,16,271,11.07930804
0,17,271,0.0
0,18,271,0.0
0,19,271,20.45573948
0,20,271,15.74813469
0,21,271,0.0
0,22,271,0.0
0,23,271,0.0
0,24,271,19.17400152
0,25,271,20.06285953
0,26,271,8.83828483
0,27,271,18.62373729
0,28,271,0.0
0,29,271,0.0
0,30,271,14.59843184
0,31,271,0.0
0,32,271,7.29447502
0,33,271,20.77914035
0,34,271,19.07071566
0,35,271,0.0
1,36,271,0.0
1,37,271,0.0
1,38,271,1.0
1,39,271,1.0
1,40,271,1.0
1,41,271,1.0
1,42,271,0.0
1,43,271,1.0
1,44,271,1.0
1,45,271,0.0
1,46,271,0.0
1,47,271,1.0
1,48,271,1.0
1,49,271,1.0
1,50,271,1.0
1,51,271,0.0
1,52,271,1.0
1,53,271,1.0
1,54,271,1.0
1,55,271,0.0
1,56,271,1.0
1,57,271,1.0
1,58,271,0.0
1,59,271,1.0
1,60,271,1.0
1,61,271,1.0
1,62,271,0.0
0,2,272,6.52148135
0,3,272,16.24826188
0,4,272,20.38663387
0,5,272,0.0
0,6,272,0.0
0,7,272,0.0
0,8,272,23.80425863
0,9,272,0.0
0,10,272,12.62221236
0,11,272,15.76708361
0,12,272,0.0
0,13,272,0.0
0,14,272,13.04540596
0,15,272,19.86038008
0,16,272,11.25112239
0,17,272,0.0
0,18,272,17.11569182
0,19,272,20.55847724
0,20,272,17.0638093
0,21,272,7.85358813
0,22,272,0.0
0,23,272,9.23060026
0,24,272,19.60863001
0,25,272,19.20435202
0,26,272,10.30108125
0,27,272,17.2835989
0,28,272,0.0
0,29,272,0.0
0,30,272,15.40750582
0,31,272,5.504291
0,32,272,0.0
0,33,272,20.48153373
0,34,272,20.83183908
0,35,272,0.0
1,36,272,1.0
1,37,272,0.0
1,38,272,1.0
1,39,272,1.0
1,40,272,1.0
1,41,272,1.0
1,42,272,1.0
1,43,272,1.0
1,44,272,1.0
1,45,272,0.0
1,46,272,1.0
1,47,272,0.0
1,48,272,1.0
1,49,272,1.0
1,50,272,1.0
1,51,272,0.0
1,52,272,1.0
1,53,272,1.0
1,54,272,1.0
1,55,272,0.0
1,56,272,1.0
1,57,272,1.0
1,58,272,1.0
1,59,272,1.0
1,60,272,1.0
1,61,272,1.0
1,62,272,1.0
0,2,273,0.0
0,3,273,18.09137856
0,4,273,19.39578487
0,5,273,0.0
0,6,273,0.0
0,7,273,0.0
0,8,273,23.7212368
0,9,273,0.0
0,10,273,14.26398887
0,11,273,0.0
0,12,273,0.0
0,13,273,0.0
0,14,273,16.15671487
0,15,273,20.33674091
0,16,273,11.48614802
0,17,273,0.0
0,18,273,16.33290236
0,19,273,21.72123828
0,20,273,17.04402346
0,21,273,0.0
0,22,273,0.0
0,23,273,0.0
0,24,273,15.96537041
0,25,273,21.61863703
0,26,273,10.57781392
0,27,273,18.67013633
0,28,273,0.0
0,29,273,0.0
0,30,273,13.6900064
0,31,273,2.78240128
0,32,273,0.0
0,33,273,21.76483155
0,34,273,20.31425709
0,35,273,0.0
1,36,273,1.0
1,37,273,0.0
1,38,273,1.0
1,39,273,1.0
1,40,273,1.0
1,41,273,1.0
1,42,273,0.0
1,43,273,1.0
1,44,273,1.0
1,45,273,0.0
1,46,273,0.0
1,47,273,1.0
1,48,273,1.0
1,49,273,1.0
1,50,273,1.0
1,51,273,0.0
1,52,273,0.0
1,53,273,1.0
1,54,273,1.0
1,55,273,0.0
1,56,273,1.0
1,57,273,1.0
1,58,273,1.0
1,59,273,1.0
1,60,273,1.0
1,61,273,1.0
1,62,273,1.0
0,2,274,0.0
0,3,274,17.36024688
0,4,274,20.77381678
0,5,274,0.0
0,6,274,19.00905997
0,7,274,0.0
0,8,274,23.25658076
0,9,274,0.0
0,10,274,15.6566332
0,11,274,0.0
0,12,274,0.0
0,13,274,6.44352546
0,14,274,14.53413943
0,15,274,20.24704293
0,16,274,10.38016973
0,17,274,0.0
0,18,274,18.0056349
0,19,274,20.71356766
0,20,274,16.31848518
0,21,274,7.69904268
0,22,274,9.59121254
0,23,274,7.62595447
0,24,274,20.25960284
0,25,274,18.50869551
0,26,274,11.37438486
0,27,274,17.83788879
0,28,274,0.0
0,29,274,0.0
0,30,274,7.40584156
0,31,274,6.29328991
0,32,274,10.23621227
0,33,274,21.22806714
0,34,274,21.0536661
0,35,274,14.53204097
1,36,274,1.0
1,37,274,0.0
1,38,274,1.0
1,39,274,1.0
1,40,274,1.0
1,41,274,1.0
1,42,274,1.0
1,43,274,1.0
1,44,274,1.0
1,45,274,1.0
1,46,274,1.0
1,47,274,1.0
1,48,274,1.0
1,49,274,1.0
1,50,274,1.0
1,51,274,0.0
1,52,274,1.0
1,53,274,1.0
1,54,274,1.0
1,55,274,0.0
1,56,274,1.0
1,57,274,1.0
1,58,274,0.0
1,59,274,1.0
1,60,274,1.0
1,61,274,1.0
1,62,274,1.0
0,2,275,0.0
0,3,275,14.99698826
0,4,275,19.34656059
0,5,275,0.0
0,6,275,17.68994901
0,7,275,0.0
0,8,275,23.85800074
0,9,275,0.0
0,10,275,10.51520745
0,11,275,0.0
0,12,275,0.0
0,13,275,0.0
0,14,275,14.88637654
0,15,275,19.90287009
0,16,275,12.29919459
0,17,275,0.0
0,18,275,15.78573103
0,19,275,20.61618042
0,20,275,16.67260867
0,21,275,6.13535262
0,22,275,0.0
0,23,275,10.42652426
0,24,275,19.0775448
0,25,275,20.86863608
0,26,275,10.62995526
0,27,275,17.99399655
0,28,275,0.0
0,29,275,0.0
0,30,275,13.44264614
0,31,275,5.02945093
0,32,275,9.86826089
0,33,275,21.06199433
0,34,275,19.95565044
0,35,275,15.85514366
1,36,275,1.0
1,37,275,0.0
1,38,275,1.0
1,39,275,1.0
1,40,275,1.0
1,41,275,1.0
1,42,275,1.0
1,43,275,1.0
1,44,275,1.0
1,45,275,1.0
1,46,275,0.0
1,47,275,1.0
1,48,275,1.0
1,49,275,1.0
1,50,275,0.0
1,51,275,0.0
1,52,275,1.0
1,53,275,1.0
1,54,275,1.0
1,55,275,1.0
1,56,275,1.0
1,57,275,1.0
1,58,275,1.0
1,59,275,1.0
1,60,275,1.0
1,61,275,1.0
1,62,275,1.0
0,2,276,0.0
0,3,276,0.0
0,4,276,20.21939025
0,5,276,16.07576645
0,6,276,18.52938484
0,7,276,0.0
0,8,276,23.18480867
0,9,276,0.0
0,10,276,15.3913649
0,11,276,11.33019512
0,12,276,0.0
0,13,276,8.34232692
0,14,276,15.05371394
0,15,276,18.08586565
0,16,276,13.15015404
0,17,276,0.0
0,18,276,15.08412825
0,19,276,20.31538804
0,20,276,15.96677686
0,21,276,0.0
0,22,276,0.0
0,23,276,0.0
0,24,276,20.32028683
0,25,276,21.30017538
0,26,276,12.2030274
0,27,276,18.06531919
0,28,276,0.0
0,29,276,0.0
0,30,276,13.17283964
0,31,276,0.0
0,32,276,8.44798107
0,33,276,20.37355208
0,34,276,20.88817599
0,35,276,15.2895106
1,36,276,0.0
1,37,276,0.0
1,38,276,1.0
1,39,276,1.0
1,40,276,1.0
1,41,276,1.0
1,42,276,1.0
1,43,276,1.0
1,44,276,1.0
1,45,276,1.0
1,46,276,1.0
1,47,276,1.0
1,48,276,1.0
1,49,276,1.0
1,50,276,0.0
1,51,276,1.0
1,52,276,0.0
1,53,276,1.0
1,54,276,0.0
1,55,276,1.0
1,56,276,1.0
1,57,276,1.0
1,58,276,0.0
1,59,276,1.0
1,60,276,1.0
1,61,276,1.0
1,62,276,1.0
0,2,277,0.0
0,3,277,17.27603748
0,4,277,19.22680471
0,5,277,0.0
0,6,277,16.48552411
0,7,277,0.0
0,8,277,23.09224181
0,9,277,0.0
0,10,277,0.0
0,11,277,16.8945027
0,12,277,0.0
0,13,277,0.0
0,14,277,16.15592636
0,15,277,19.20575851
0,16,277,0.0
0,17,277,0.0
0,18,277,10.33379821
0,19,277,19.80867261
0,20,277,15.54681718
0,21,277,0.0
0,22,277,0.0
0,23,277,6.45425418
0,24,277,19.28921463
0,25,277,19.53813497
0,26,277,11.03321376
0,27,277,17.16037545
0,28,277,0.0
0,29,277,0.0
0,30,277,0.0
0,31,277,0.0
0,32,277,8.00535869
0,33,277,20.79572061
0,34,277,20.48761553
0,35,277,0.0
1,36,277,1.0
1,37,277,0.0
1,38,277,1.0
1,39,277,1.0
1,40,277,1.0
1,41,277,1.0
1,42,277,0.0
1,43,277,1.0
1,44,277,1.0
1,45,277,1.0
1,46,277,1.0
1,47,277,0.0
1,48,277,1.0
1,49,277,0.0
1,50,277,0.0
1,51,277,0.0
1,52,277,0.0
1,53,277,1.0
1,54,277,1.0
1,55,277,1.0
1,56,277,1.0
1,57,277,1.0
1,58,277,0.0
1,59,277,1.0
1,60,277,1.0
1,61,277,1.0
1,62,277,1.0
0,2,278,0.0
0,3,278,15.91492976
0,4,278,18.90068117
0,5,278,0.0
0,6,278,20.57541279
0,7,278,0.0
0,8,278,23.77406763
0,9,278,0.0
0,10,278,16.43858667
0,11,278,9.81298727
0,12,278,0.0
0,13,278,0.0
0,14,278,14.26676277
0,15,278,19.00236089
0,16,278,6.12039726
0,17,278,0.0
0,18,278,0.0
0,19,278,19.34229316
0,20,278,16.73066243
0,21,278,7.16869939
0,22,278,0.0
0,23,278,9.32161383
0,24,278,19.40850193
0,25,278,19.86275922
0,26,278,10.41557867
0,27,278,17.3783038
0,28,278,0.0
0,29,278,15.87491432
0,30,278,0.0
0,31,278,4.43633582
0,32,278,10.85432889
0,33,278,21.5271939
0,34,278,20.15615513
0,35,278,10.77083684
1,36,278,0.0
1,37,278,0.0
1,38,278,1.0
1,39,278,1.0
1,40,278,1.0
1,41,278,1.0
1,42,278,0.0
1,43,278,1.0
1,44,278,1.0
1,45,278,1.0
1,46,278,0.0
1,47,278,1.0
1,48,278,1.0
1,49,278,1.0
1,50,278,1.0
1,51,278,1.0
1,52,278,0.0
1,53,278,1.0
1,54,278,1.0
1,55,278,1.0
1,56,278,1.0
1,57,278,1.0
1,58,278,0.0
1,59,278,1.0
1,60,278,1.0
1,61,278,1.0
1,62,278,1.0
0,2,279,0.0
0,3,279,14.41548714
0,4,279,19.91330484
0,5,279,0.0
0,6,279,18.48109776
0,7,279,0.0
0,8,279,23.53220833
0,9,279,0.0
0,10,279,0.0
0,11,279,0.0
0,12,279,0.0
0,13,279,0.0
0,14,279,14.10059023
0,15,279,18.38758003
0,16,279,13.80687545
0,17,279,0.0
0,18,279,16.64135062
0,19,279,20.14399533
0,20,279,15.38303693
0,21,279,0.0
0,22,279,0.0
0,23,279,8.97157907
0,24,279,19.01083625
0,25,279,20.83991509
0,26,279,9.6034625
0,27,279,17.29538357
0,28,279,0.0
0,29,279,0.0
0,30,279,14.24780207
0,31,279,5.23738465
0,32,279,9.08286054
0,33,279,20.34310834
0,34,279,19.12027834
0,35,279,0.0
1,36,279,1.0
1,37,279,0.0
1,38,279,1.0
1,39,279,1.0
1,40,279,1.0
1,41,279,1.0
1,42,279,0.0
1,43,279,1.0
1,44,279,1.0
1,45,279,1.0
1,46,279,0.0
1,47,279,0.0
1,48,279,1.0
1,49,279,1.0
1,50,279,0.0
1,51,279,0.0
1,52,279,0.0
1,53,279,1.0
1,54,279,1.0
1,55,279,0.0
1,56,279,1.0
1,57,279,1.0
1,58,279,0.0
1,59,279,1.0
1,60,279,1.0
1,61,279,1.0
1,62,279,1.0
0,2,280,0.0
0,3,280,17.52166182
0,4,280,19.43364887
0,5,280,0.0
0,6,280,19.14805277
0,7,280,0.0
0,8,280,23.13047285
0,9,280,0.0
0,10,280,0.0
0,11,280,0.0
0,12,280,0.0
0,13,280,6.03916967
0,14,280,16.55027617
0,15,280,18.86748887
0,16,280,10.16745036
0,17,280,0.0
0,18,280,0.0
0,19,280,20.66362256
0,20,280,15.62329986
0,21,280,7.7760969
0,22,280,0.0
0,23,280,6.7533958
0,24,280,19.32317463
0,25,280,19.3644883
0,26,280,11.06217264
0,27,280,17.16872483
0,28,280,0.0
0,29,280,0.0
0,30,280,13.02033352
0,31,280,2.33451833
0,32,280,7.92118077
0,33,280,20.43868757
0,34,280,19.28161392
0,35,280,0.0
1,36,280,0.0
1,37,280,1.0
1,38,280,1.0
1,39,280,1.0
1,40,280,1.0
1,41,280,1.0
1,42,280,0.0
1,43,280,1.0
1,44,280,1.0
1,45,280,0.0
1,46,280,1.0
1,47,280,0.0
1,48,280,1.0
1,49,280,0.0
1,50,280,0.0
1,51,280,0.0
1,52,280,0.0
1,53,280,1.0
1,54,280,0.0
1,55,280,0.0
1,56,280,1.0
1,57,280,1.0
1,58,280,0.0
1,59,280,1.0
1,60,280,1.0
1,61,280,1.0
1,62,280,1.0
0,2,281,0.0
0,3,281,17.17823773
0,4,281,18.83632547
0,5,281,0.0
0,6,281,18.60698195
0,7,281,0.0
0,8,281,23.0197898
0,9,281,0.0
0,10,281,0.0
0,11,281,0.0
0,12,281,0.0
0,13,281,0.0
0,14,281,0.0
0,15,281,19.15024752
0,16,281,0.0
0,17,281,0.0
0,18,281,16.8284222
0,19,281,20.4961018
0,20,281,16.69870337
0,21,281,8.61644666
0,22,281,0.0
0,23,281,9.59154359
0,24,281,18.7643107
0,25,281,19.57239258
0,26,281,12.64054201
0,27,281,18.50848266
0,28,281,0.0
0,29,281,0.0
0,30,281,13.3387969
0,31,281,6.91948513
0,32,281,9.22830621
0,33,281,20.34365711
0,34,281,18.99356285
0,35,281,0.0
1,36,281,0.0
1,37,281,1.0
1,38,281,1.0
1,39,281,1.0
1,40,281,1.0
1,41,281,1.0
1,42,281,0.0
1,43,281,1.0
1,44,281,1.0
1,45,281,0.0
1,46,281,0.0
1,47,281,0.0
1,48,281,1.0
1,49,281,1.0
1,50,281,0.0
1,51,281,0.0
1,52,281,1.0
1,53,281,1.0
1,54,281,1.0
1,55,281,0.0
1,56,281,1.0
1,57,281,1.0
1,58,281,0.0
1,59,281,1.0
1,60,281,1.0
1,61,281,1.0
1,62,281,1.0
0,2,282,0.0
0,3,282,16.2080521
0,4,282,20.66174061
0,5,282,0.0
0,6,282,16.32156023
0,7,282,0.0
0,8,282,23.93478907
0,9,282,0.0
0,10,282,16.16325015
0,11,282,0.0
0,12,282,0.0
0,13,282,3.74938781
0,14,282,13.689997
0,15,282,19.57183464
0,16,282,8.2778363
0,17,282,0.0
0,18,282,17.3925963
0,19,282,19.41368128
0,20,282,16.00797176
0,21,282,7.06008198
0,22,282,0.0
0,23,282,11.79127887
0,24,282,20.75212655
0,25,282,19.88326872
0,26,282,12.53425032
0,27,282,17.14135625
0,28,282,0.0
0,29,282,0.0
0,30,282,14.10912091
0,31,282,0.0
0,32,282,12.24839208
0,33,282,20.6323098
0,34,282,20.31202299
0,35,282,12.08087994
1,36,282,0.0
1,37,282,1.0
1,38,282,1.0
1,39,282,1.0
1,40,282,1.0
1,41,282,1.0
1,42,282,0.0
1,43,282,1.0
1,44,282,1.0
1,45,282,1.0
1,46,282,1.0
1,47,282,0.0
1,48,282,1.0
1,49,282,1.0
1,50,282,0.0
1,51,282,1.0
1,52,282,0.0
1,53,282,1.0
1,54,282,1.0
1,55,282,0.0
1,56,282,1.0
1,57,282,1.0
1,58,282,1.0
1,59,282,1.0
1,60,282,1.0
1,61,282,1.0
1,62,282,1.0
0,2,283,0.0
0,3,283,16.47478633
0,4,283,18.89516485
0,5,283,0.0
0,6,283,14.217271
0,7,283,0.0
0,8,283,23.07745778
0,9,283,0.0
0,10,283,0.0
0,11,283,0.0
0,12,283,0.0
0,13,283,0.0
0,14,283,0.0
0,15,283,18.89933402
0,16,283,12.42028647
0,17,283,15.27678858
0,18,283,15.05449767
0,19,283,20.85793558
0,20,283,15.43759729
0,21,283,7.8001349
0,22,283,0.0
0,23,283,0.0
0,24,283,17.51020528
0,25,283,19.79346949
0,26,283,10.48484626
0,27,283,18.20419138
0,28,283,0.0
0,29,283,0.0
0,30,283,0.0
0,31,283,2.11023247
0,32,283,7.76260138
0,33,283,20.38318673
0,34,283,19.19324665
0,35,283,12.97023763
1,36,283,1.0
1,37,283,0.0
1,38,283,1.0
1,39,283,1.0
1,40,283,1.0
1,41,283,1.0
1,42,283,0.0
1,43,283,1.0
1,44,283,1.0
1,45,283,0.0
1,46,283,0.0
1,47,283,1.0
1,48,283,1.0
1,49,283,1.0
1,50,283,0.0
1,51,283,1.0
1,52,283,0.0
1,53,283,1.0
1,54,283,1.0
1,55,283,0.0
1,56,283,1.0
1,57,283,1.0
1,58,283,1.0
1,59,283,1.0
1,60,283,1.0
1,61,283,1.0
1,62,283,1.0
0,2,284,0.0
0,3,284,16.96635995
0,4,284,19.85032864
0,5,284,0.0
0,6,284,19.14880438
0,7,284,0.0
0,8,284,22.68836761
0,9,284,0.0
0,10,284,0.0
0,11,284,0.0
0,12,284,0.0
0,13,284,0.0
0,14,284,11.29876459
0,15,284,17.85445785
0,16,284,7.69399397
0,17,284,0.0
0,18,284,0.0
0,19,284,21.19608056
0,20,284,15.06302097
0,21,284,9.25106669
0,22,284,0.0
0,23,284,8.79661093
0,24,284,20.59691921
0,25,284,18.70182472
0,26,284,11.70666734
0,27,284,17.64497374
0,28,284,0.0
0,29,284,0.0
0,30,284,14.64555942
0,31,284,0.0
0,32,284,7.01362939
0,33,284,21.26517467
0,34,284,20.89943164
0,35,284,15.88026752
1,36,284,1.0
1,37,284,0.0
1,38,284,1.0
1,39,284,1.0
1,40,284,1.0
1,41,284,1.0
1,42,284,1.0
1,43,284,1.0
1,44,284,1.0
1,45,284,0.0
1,46,284,0.0
1,47,284,0.0
1,48,284,1.0
1,49,284,0.0
1,50,284,0.0
1,51,284,1.0
1,52,284,0.0
1,53,284,1.0
1,54,284,1.0
1,55,284,0.0
1,56,284,1.0
1,57,284,1.0
1,58,284,1.0
1,59,284,1.0
1,60,284,1.0
1,61,284,1.0
1,62,284,1.0
0,2,285,0.0
0,3,285,17.82370766
0,4,285,19.20336307
0,5,285,15.8027151
0,6,285,13.78612013
0,7,285,0.0
0,8,285,22.767937
0,9,285,0.0
0,10,285,0.0
0,11,285,0.0
0,12,285,0.0
0,13,285,0.0
0,14,285,14.70301525
0,15,285,19.41399892
0,16,285,9.31564335
0,17,285,0.0
0,18,285,15.77447902
0,19,285,20.17211229
0,20,285,16.1720159
0,21,285,4.49665184
0,22,285,0.0
0,23,285,0.0
0,24,285,19.84845839
0,25,285,19.14503812
0,26,285,12.15776287
0,27,285,17.85722708
0,28,285,0.0
0,29,285,0.0
0,30,285,0.0
0,31,285,6.41889004
0,32,285,0.0
0,33,285,20.7790867
0,34,285,19.43083035
0,35,285,0.0
1,36,285,0.0
1,37,285,0.0
1,38,285,1.0
1,39,285,1.0
1,40,285,1.0
1,41,285,1.0
1,42,285,0.0
1,43,285,1.0
1,44,285,1.0
1,45,285,0.0
1,46,285,0.0
1,47,285,0.0
1,48,285,1.0
1,49,285,0.0
1,50,285,0.0
1,51,285,1.0
1,52,285,0.0
1,53,285,1.0
1,54,285,1.0
1,55,285,0.0
1,56,285,1.0
1,57,285,1.0
1,58,285,1.0
1,59,285,1.0
1,60,285,1.0
1,61,285,1.0
1,62,285,1.0
0,2,286,0.0
0,3,286,0.0
0,4,286,19.63140306
0,5,286,0.0
0,6,286,18.49008823
0,7,286,0.0
0,8,286,22.88524861
0,9,286,0.0
0,10,286,0.0
0,11,286,0.0
0,12,286,0.0
0,13,286,0.0
0,14,286,13.78126092
0,15,286,18.26582403
0,16,286,0.0
0,17,286,5.4530468
0,18,286,14.74945581
0,19,286,21.03206873
0,20,286,15.63700891
0,21,286,4.73364297
0,22,286,0.0
0,23,286,0.0
0,24,286,18.69279901
0,25,286,18.01576633
0,26,286,10.52017751
0,27,286,18.2774058
0,28,286,0.0
0,29,286,0.0
0,30,286,14.7025527
0,31,286,0.0
0,32,286,0.0
0,33,286,21.02267992
0,34,286,19.88600517
0,35,286,0.0
1,36,286,0.0
1,37,286,0.0
1,38,286,0.0
1,39,286,1.0
1,40,286,1.0
1,41,286,1.0
1,42,286,1.0
1,43,286,1.0
1,44,286,1.0
1,45,286,0.0
1,46,286,0.0
1,47,286,0.0
1,48,286,1.0
1,49,286,0.0
1,50,286,0.0
1,51,286,1.0
1,52,286,0.0
1,53,286,1.0
1,54,286,0.0
1,55,286,0.0
1,56,286,1.0
1,57,286,1.0
1,58,286,1.0
1,59,286,1.0
1,60,286,1.0
1,61,286,1.0
1,62,286,1.0
